"instance_file","model","a","b","c","d","residuals"
"1FlipHC/uf020-01","decayModelpositive","0","0","0","0","1e+06"
"1FlipHC/uf020-02","decayModelpositive","0","0","0","0","1e+06"
"1FlipHC/uf020-03","decayModelpositive","10.5813765878783","1.84007774877147","-1.7582062704544","1.04310683257727","36.8793750590973"
"1FlipHC/uf020-04","decayModelpositive","-114.882541204602","13.2076159893342","2.25819842955752","-0.00884404798746533","37.3996674753083"
"1FlipHC/uf020-05","decayModelpositive","-10.063367970718","19.9774429839399","0.000131685645773674","4.29117086393113","Inf"
"1FlipHC/uf020-06","decayModelpositive","9.38701986127171","4.39896408909065","-5.32294088272168","-0.818363574078029","61.0158770508254"
"1FlipHC/uf020-07","decayModelpositive","-134.836017555572","275.238379773658","-0.644447358751855","0.0141808417245789","11.3915195475302"
"1FlipHC/uf020-08","decayModelpositive","-1.87150417580846","10.7120572316144","0.179427421556273","-4.58657320668815","31.8243390963045"
"1FlipHC/uf020-09","decayModelpositive","0","0","0","0","1e+06"
"1FlipHC/uf020-10","decayModelpositive","0","0","0","0","1e+06"
"1FlipHC/uf050-01","decayModelpositive","-214.517370556271","25.7943448270612","2.2334057125893","-0.00667563227823389","28.3901732709605"
"1FlipHC/uf050-02","decayModelpositive","21.3399094183245","8.55647741766377","-0.29515528218793","1.0353962737732","75.6683159943933"
"1FlipHC/uf050-03","decayModelpositive","19.6531450147229","6.65012477589614","-8.90318222240552e-08","8.12037566451895","89.018788327952"
"1FlipHC/uf050-04","decayModelpositive","-134.434201986693","26.0389711560837","1.83299664433901","-0.00997064758758747","21.3312363521077"
"1FlipHC/uf050-05","decayModelpositive","-116.988054432965","169.201383003224","-0.172925427698933","0.0916655022309426","18.8193203708399"
"1FlipHC/uf050-06","decayModelpositive","-215.164679424598","29.3220005143209","2.1138119214255","-0.00443475562540898","26.5023515842894"
"1FlipHC/uf050-07","decayModelpositive","-181.834195910539","26.0245948345036","2.08336750797965","-0.00494933993525181","29.8129435336571"
"1FlipHC/uf050-08","decayModelpositive","-156.813115794709","25.2071333165469","1.98085342819831","-0.00405603377214805","36.1492346032675"
"1FlipHC/uf050-09","decayModelpositive","-205.969095524198","25.6141242976835","2.20557354654736","-0.004681647647781","26.4473497504864"
"1FlipHC/uf050-10","decayModelpositive","-216.787317029009","25.4001277496138","2.26134585364339","-0.0051881164824258","24.4167992531997"
"1FlipHC/uf075-01","decayModelpositive","32.4043454963616","6.93418800693588","-0.0105231766163956","2.27716764179203","130.837219113676"
"1FlipHC/uf075-02","decayModelpositive","-1284.3568572526","1325.23093036057","-0.000802035953773389","0.85182882637741","84430.3866360387"
"1FlipHC/uf075-03","decayModelpositive","-560.443980551352","600.455862769914","-0.00122603597665649","0.876056178761434","12965.0360098317"
"1FlipHC/uf075-04","decayModelpositive","30.0709878968074","6.36502900772307","-0.00464557685619142","2.53272166292735","93.6300705785756"
"1FlipHC/uf075-05","decayModelpositive","25.2782123223278","14.2562420486441","-0.00132068822852398","2.49098348303509","73.5040107936175"
"1FlipHC/uf075-06","decayModelpositive","-1112.09415800108","1149.51185477678","-0.000351645259684542","1.18292319763867","104189.336475418"
"1FlipHC/uf075-07","decayModelpositive","-1934.9290413376","2264.64772520754","-0.137642412986131","0.0103598450173886","29.9371284438136"
"1FlipHC/uf075-08","decayModelpositive","35.6358308271171","6.31337260532765","-2.43601903121921e-06","7.09260553724993","150.030103457527"
"1FlipHC/uf075-09","decayModelpositive","31.6824403262448","6.82502666598595","-1.78343652955436e-05","4.80782383095749","167.826748805889"
"1FlipHC/uf075-10","decayModelpositive","25.0674002221282","15.0683811875157","-0.0221183919914186","1.48765436849334","112.01167392054"
"1FlipHC/uf100-01","decayModelpositive","-2793.78138301833","2849.07334471841","-0.000173830270105827","1.02242792404547","387563.107098982"
"1FlipHC/uf100-02","decayModelpositive","-1563.18041997182","1618.6378009106","-0.00108760394144065","0.652631323322077","78290.5305566957"
"1FlipHC/uf100-03","decayModelpositive","39.3320172582634","14.8166723050339","-0.0116809167266318","1.60217820733181","152.921452449644"
"1FlipHC/uf100-04","decayModelpositive","-268.047322137465","321.233874387293","-0.00226807845525251","0.9682212732985","6622.73293385896"
"1FlipHC/uf100-05","decayModelpositive","42.5329110376784","11.2991896877707","-0.0157454637250469","1.69062410319668","174.016877101977"
"1FlipHC/uf100-06","decayModelpositive","41.4199231196773","12.668068395448","-0.0100507262758932","1.80426561433956","246.857748886936"
"1FlipHC/uf100-07","decayModelpositive","-2475.88452685949","2531.43641147228","-0.000775254989985498","0.657757962856375","118844.366954601"
"1FlipHC/uf100-08","decayModelpositive","-2169.00999032294","2224.43611589139","-0.00113702281297312","0.548730294334038","107103.944617556"
"1FlipHC/uf100-09","decayModelpositive","40.7473566276387","13.7639931886608","-0.0103818204848401","1.7708965611428","150.57070737361"
"1FlipHC/uf100-10","decayModelpositive","39.4252625261999","13.3884529359718","-0.0450309398369597","1.28184727104503","170.378542233658"
"1FlipHC/uf125-01","decayModelpositive","48.5943060952866","17.4132159040513","-0.00696602595449754","1.55892051533311","192.163155343155"
"1FlipHC/uf125-02","decayModelpositive","44.3686304233603","22.2788673631533","-0.018087072555904","1.22995359922374","123.891002225034"
"1FlipHC/uf125-03","decayModelpositive","53.5926778545352","15.2094660431795","-0.0105060057912824","1.81233608584554","300.813979950915"
"1FlipHC/uf125-04","decayModelpositive","-2318.85692321871","2386.89967539853","-0.00103569769967399","0.600523890507584","75232.3935227858"
"1FlipHC/uf125-05","decayModelpositive","-1729.21552316121","1793.25789247906","-0.00018519748431695","1.18963013854723","201324.646659233"
"1FlipHC/uf125-06","decayModelpositive","47.4953442789615","14.9062909810001","-0.00193033650105953","2.11516974256183","164.258565137514"
"1FlipHC/uf125-07","decayModelpositive","-1236.35366268484","1302.61230302247","-0.00145862339549802","0.683410452589149","30220.0638946664"
"1FlipHC/uf125-08","decayModelpositive","-873.614052456214","941.919504877724","-0.00135718820505819","0.753293295985409","21273.4829702809"
"1FlipHC/uf125-09","decayModelpositive","45.9210708725388","24.9102003360418","-0.0182073192090266","1.23400100944517","198.739068303577"
"1FlipHC/uf125-10","decayModelpositive","-2489.31378382185","2556.90389077285","-0.000221492333784906","1.04624349728247","296151.743022173"
"1FlipHC/uf150-01","decayModelpositive","-3072.43780541055","3153.53400536091","-0.000124394985148625","1.15070198586595","451277.362724374"
"1FlipHC/uf150-02","decayModelpositive","-745.474293929792","825.162031606954","-0.00216441938080795","0.647363308194237","17571.276835159"
"1FlipHC/uf150-03","decayModelpositive","62.5979736932281","17.4100808874675","-0.00089619265566663","2.26775688296435","294.744877005573"
"1FlipHC/uf150-04","decayModelpositive","-101.931292087954","179.133558121349","-0.00135026366121985","1.20909423055844","934.990203484008"
"1FlipHC/uf150-05","decayModelpositive","-3092.44186717229","3170.99540991101","-0.000188131091368907","0.969242651095523","246629.243833576"
"1FlipHC/uf150-06","decayModelpositive","13.5698737960865","68.5212576655806","-0.00830116214401751","1.09325210979186","11.142836168165"
"1FlipHC/uf150-07","decayModelpositive","-2097.13069270876","2174.95881418391","-0.000380234051033109","0.874246918067613","134820.240510069"
"1FlipHC/uf150-08","decayModelpositive","7.37893765383365","75.5488219435297","-0.0124933834304119","0.908320109234717","4.1007364554389"
"1FlipHC/uf150-09","decayModelpositive","-770.137739370033","851.639364660048","-0.00130184308864594","0.832173410086473","30063.9564543209"
"1FlipHC/uf150-10","decayModelpositive","-594.880987512291","672.627038569199","-0.000452329314517857","1.19677574284976","24814.9765606397"
"1FlipHC/uf175-01","decayModelpositive","54.4366808843186","38.5172232650147","-0.0236634640624636","0.948917412630246","128.644495065"
"1FlipHC/uf175-02","decayModelpositive","67.2419618896132","23.204323654983","-0.00163154647127013","1.94219192887623","267.829323570159"
"1FlipHC/uf175-03","decayModelpositive","67.7661768270608","25.105927814776","-0.0161349758436182","1.23896281067646","333.954565079922"
"1FlipHC/uf175-04","decayModelpositive","-1494.42305823822","1588.77011037455","-0.000460318517389384","0.932691481371283","105794.193143372"
"1FlipHC/uf175-05","decayModelpositive","-1127.68035473297","1222.38083422231","-0.00093553850414335","0.801035698495413","46842.6484278339"
"1FlipHC/uf175-06","decayModelpositive","-613.7671277862","709.403826201063","-0.000931509227649135","0.964450083013236","20967.0669343961"
"1FlipHC/uf175-07","decayModelpositive","-3365.49708132942","3463.44604114504","-0.000285270005971086","0.900130734450963","441137.440781135"
"1FlipHC/uf175-08","decayModelpositive","-824.863943381786","921.852505457571","-0.00162428130641889","0.764099829228315","31898.539972041"
"1FlipHC/uf175-09","decayModelpositive","55.6653831204661","38.2385947177989","-0.00994720457175834","1.23029342188913","155.635095270101"
"1FlipHC/uf175-10","decayModelpositive","69.0950347209036","21.4306502363527","-0.00373149019388854","1.78396856812757","298.101999013338"
"1FlipHC/uf200-01","decayModelpositive","-3578.45712688401","3688.40873035566","-0.000265173701654934","0.847347726260623","300663.680960242"
"1FlipHC/uf200-02","decayModelpositive","-1589.19847596424","1693.19955413845","-0.000193387868714355","1.13659264004028","79088.2610819493"
"1FlipHC/uf200-03","decayModelpositive","-241.801831975","349.44710769604","-0.00168209407341642","1.02694873764616","3691.49057185975"
"1FlipHC/uf200-04","decayModelpositive","-11.9033757189492","114.856934522776","-0.00523692524702229","1.00448520078016","22.7009336579533"
"1FlipHC/uf200-05","decayModelpositive","-3584.17331874279","3687.42112160148","-0.000382128432658858","0.728645639067959","193210.632176965"
"1FlipHC/uf200-06","decayModelpositive","-5411.76082348729","5520.16131805511","-8.19617189385925e-05","1.06309383834352","795290.299308972"
"1FlipHC/uf200-07","decayModelpositive","-5460.02016137342","5564.76504245438","-0.000209659490707444","0.81408016299746","746721.693272537"
"1FlipHC/uf200-08","decayModelpositive","-270.723609982336","377.260350888291","-0.0041565413109225","0.750708312758937","3098.77430280619"
"1FlipHC/uf200-09","decayModelpositive","70.5776353940901","33.9551953486539","-0.00945228321984765","1.29406257778784","230.109134356509"
"1FlipHC/uf200-10","decayModelpositive","-955.644286364477","1065.38130889169","-0.000479139802407877","1.02654162591508","36811.9617871231"
"1FlipHC/uf225-01","decayModelpositive","9.79319609461093","110.346623592445","-0.0215611161518654","0.695691042762784","3.59704462846512"
"1FlipHC/uf225-02","decayModelpositive","76.8005637255743","40.3290869398418","-0.0123406690799878","1.12170376096757","392.763092549466"
"1FlipHC/uf225-03","decayModelpositive","-532.350916153337","652.671871422473","-0.00362669265586768","0.650411275680501","7811.91772135703"
"1FlipHC/uf225-04","decayModelpositive","-6211.45320490622","6329.65266703183","-0.000102002529974739","0.94176697385908","829429.539855904"
"1FlipHC/uf225-05","decayModelpositive","-2542.73379306388","2665.686858206","-0.000484202748552229","0.792517418455113","187287.547873115"
"1FlipHC/uf225-06","decayModelpositive","85.3476030680752","33.5444008908931","-0.00428630304978108","1.45254332632816","269.430367443196"
"1FlipHC/uf225-07","decayModelpositive","-6254.32623157423","6372.80564416597","-7.38025749156393e-05","1.05003001905617","1037613.67264031"
"1FlipHC/uf225-08","decayModelpositive","-137.535325189458","257.219942703619","-0.00423287139675846","0.851265101869398","783.503093129264"
"1FlipHC/uf225-09","decayModelpositive","-2789.61134582131","2905.14222079237","-0.000186918717982833","0.979064173291249","173322.900173979"
"1FlipHC/uf225-10","decayModelpositive","69.4607007337135","48.9898454164976","-0.0122129673634514","1.04602485669756","246.381778408239"
"1FlipHC/uf250-01","decayModelpositive","-563.009645363057","687.01687533664","-0.00051941398778838","1.0727798109611","18668.4336952869"
"1FlipHC/uf250-02","decayModelpositive","-953.726944720045","1087.59012771253","-0.00150481246772059","0.722465494186819","26677.8174579194"
"1FlipHC/uf250-03","decayModelpositive","-796.996873617014","929.587607710779","-0.00231304270394433","0.690147416462577","13777.8126261945"
"1FlipHC/uf250-04","decayModelpositive","94.019170201659","41.9200852231211","-0.00922853978257753","1.2743637187225","543.520422588121"
"1FlipHC/uf250-05","decayModelpositive","-112.942528967949","243.425491347327","-0.00262239709892261","0.977174922693142","606.725154336956"
"1FlipHC/uf250-06","decayModelpositive","-3732.83591395648","3863.73891062923","-0.00020409282669224","0.911667881781945","344707.748919907"
"1FlipHC/uf250-07","decayModelpositive","-3.10690753427682","134.807628196347","-0.00386326002073697","1.04389433344553","11.5265235088191"
"1FlipHC/uf250-08","decayModelpositive","83.1514787353594","50.3756517309425","-0.0109401078766329","1.11343355327907","370.498259801574"
"1FlipHC/uf250-09","decayModelpositive","96.5242298424035","38.351512489335","-0.00371581911164137","1.53845191228077","396.869048846288"
"1FlipHC/uf250-10","decayModelpositive","-791.906380476387","927.263998900545","-0.00146166002596759","0.805739106841837","20016.8493984002"
"1FlipHCrs/experiment.xml","decayModelpositive","0","0","0","0","1e+06"
"1FlipHCrs/uf020-01","decayModelpositive","0","0","0","0","1e+06"
"1FlipHCrs/uf020-02","decayModelpositive","0","0","0","0","1e+06"
"1FlipHCrs/uf020-03","decayModelpositive","4.99926257643568","5.53403991565438","-4.51506538423522e-09","15.4368915091479","9.8275937082052"
"1FlipHCrs/uf020-04","decayModelpositive","0","0","0","0","1e+06"
"1FlipHCrs/uf020-05","decayModelpositive","-17.6500850807977","28.1463913566922","-1.10286626682417e-07","9.64284562070793","217.747015356178"
"1FlipHCrs/uf020-06","decayModelpositive","0","0","0","0","1e+06"
"1FlipHCrs/uf020-07","decayModelpositive","-480.670715678652","684.691949230913","-0.332020697683812","0.0176554364763479","20.4117756081844"
"1FlipHCrs/uf020-08","decayModelpositive","0","0","0","0","1e+06"
"1FlipHCrs/uf020-09","decayModelpositive","-1.07453640875983","10.8405988727062","0.171609050754317","-22.122639961283","41.3218398572436"
"1FlipHCrs/uf020-10","decayModelpositive","-209.152967181504","76.4788096042359","1.05090705211524","-0.00624742504918129","1.94078892565388"
"1FlipHCrs/uf050-01","decayModelpositive","-1562.7563809683","1591.22243566795","-0.00141734279627331","0.494094221861314","8704.47792680358"
"1FlipHCrs/uf050-02","decayModelpositive","18.4951889215895","9.52753644977182","-0.137035804502047","1.18478656635064","84.0287441592919"
"1FlipHCrs/uf050-03","decayModelpositive","21.4727130963953","6.77778017135592","-0.212573586246775","0.996912054698003","115.089290616342"
"1FlipHCrs/uf050-04","decayModelpositive","21.725056062943","5.46535658789505","-7.32058600045094e-05","4.72734437907428","112.743758865143"
"1FlipHCrs/uf050-05","decayModelpositive","-0.318745077593107","34.8004648930691","-0.279804274787013","0.34784138602197","1.05718951584489"
"1FlipHCrs/uf050-06","decayModelpositive","19.0920883485481","6.45720817801879","-0.00190048648981863","3.00705566710692","88.3334394308936"
"1FlipHCrs/uf050-07","decayModelpositive","19.7592215769728","6.67397712114446","-0.0216513637815435","1.75204439791187","94.9665255468703"
"1FlipHCrs/uf050-08","decayModelpositive","21.3137768304844","4.94305087942956","-0.00043714004729313","6.11637283995383","116.424000847178"
"1FlipHCrs/uf050-09","decayModelpositive","22.1840168405286","11.8184118493867","-0.425083732577737","0.987628047421645","119.214252205174"
"1FlipHCrs/uf050-10","decayModelpositive","-260.505955916835","540.135594661947","-0.631846033071198","0.012929585483884","15.6669544760423"
"1FlipHCrs/uf075-01","decayModelpositive","24.0641242299985","18.5151499146756","-0.121339006511856","0.678951611339846","98.493708189677"
"1FlipHCrs/uf075-02","decayModelpositive","20.605558309587","17.6275414079847","-0.0165373817179106","1.18464845111109","75.8898579895052"
"1FlipHCrs/uf075-03","decayModelpositive","28.270387783563","10.6938141548884","-0.0163328651401251","1.60222700569138","140.767868528661"
"1FlipHCrs/uf075-04","decayModelpositive","-1570.30418297745","1608.87309335282","-0.000603270992165487","0.720212240532814","227940.926378765"
"1FlipHCrs/uf075-05","decayModelpositive","-528.743371416004","585.674113580969","-0.0281772143990592","0.170845827393102","319.400465296983"
"1FlipHCrs/uf075-06","decayModelpositive","-73.0404083378987","32.5283670928406","1.23774357362756","-0.0183977415012702","66.9642950063336"
"1FlipHCrs/uf075-07","decayModelpositive","-1021.82230904417","1297.42154852503","-0.197490104692854","0.0164901688915708","13.0938046660534"
"1FlipHCrs/uf075-08","decayModelpositive","-192.336232945851","243.522375342009","-0.0407968928925522","0.262770610457776","978.440723261991"
"1FlipHCrs/uf075-09","decayModelpositive","24.8886457164072","14.4266556638132","-0.0173848455098376","1.32131293087166","112.039174403734"
"1FlipHCrs/uf075-10","decayModelpositive","-281.66719486037","336.221573567387","-0.0409098024586662","0.229893803605837","214.834585104387"
"1FlipHCrs/uf100-01","decayModelpositive","29.0024979141576","24.3578243010681","-0.0409740776631277","1.0192507606992","120.639468252312"
"1FlipHCrs/uf100-02","decayModelpositive","35.8992865827109","10.5657604101253","-1.3982513330027e-06","3.75898176311308","190.322007270222"
"1FlipHCrs/uf100-03","decayModelpositive","38.53542102328","12.4373405998488","-0.00656167465644649","1.833678663594","222.436470481297"
"1FlipHCrs/uf100-04","decayModelpositive","-1216.22542061502","1632.21882844774","-0.252495392174925","0.0101059519690599","50.182340920042"
"1FlipHCrs/uf100-05","decayModelpositive","-1063.09957079691","1118.05438999888","-0.00372820209418923","0.346480946197734","8933.71323956288"
"1FlipHCrs/uf100-06","decayModelpositive","38.1054865745762","11.1587007197973","-0.00148242388111664","2.22935357878178","229.556099734471"
"1FlipHCrs/uf100-07","decayModelpositive","-2755.94153545119","2817.55987011413","-0.00299756594159761","0.256697827587558","246.634113607039"
"1FlipHCrs/uf100-08","decayModelpositive","16.4937326859384","41.2196506172601","-0.11983111017989","0.446025179441081","31.8347347728229"
"1FlipHCrs/uf100-09","decayModelpositive","26.8741476062077","27.4860332814993","-0.0130949006662532","1.14773082961839","95.1988280430209"
"1FlipHCrs/uf100-10","decayModelpositive","-2206.4068798886","2257.41168744829","-9.46417762777594e-05","1.10684903805665","563376.714369904"
"1FlipHCrs/uf125-01","decayModelpositive","-1799.41270101321","1868.81503476547","-0.0024174749997898","0.378291572337373","9197.83176512985"
"1FlipHCrs/uf125-02","decayModelpositive","-2821.6801033712","2919.63553652171","-0.0100039973530874","0.124256995897923","273.402536839217"
"1FlipHCrs/uf125-03","decayModelpositive","43.1158592540829","22.6311026095752","-0.00971233516968535","1.26346203904881","224.958793094542"
"1FlipHCrs/uf125-04","decayModelpositive","-2305.50967001984","2366.64031689735","-0.000305591697351583","0.74896439519364","181974.341189143"
"1FlipHCrs/uf125-05","decayModelpositive","-3182.97101260491","3244.71788388228","-8.4933214119978e-05","0.979093970007154","791118.394932295"
"1FlipHCrs/uf125-06","decayModelpositive","-3235.0891350008","3303.24375742111","-0.00111884086835922","0.3793344171931","8786.22858592172"
"1FlipHCrs/uf125-07","decayModelpositive","-506.747521799038","591.85567950926","-0.0325294061865963","0.156718810570357","21.3752538632078"
"1FlipHCrs/uf125-08","decayModelpositive","-1554.60036605405","1620.04409990721","-0.000871744557964403","0.612441086150625","63949.2057522588"
"1FlipHCrs/uf125-09","decayModelpositive","-190.748600548545","260.498723917936","-0.0132395399279354","0.458953035373202","2324.96683528917"
"1FlipHCrs/uf125-10","decayModelpositive","-220.470627269927","289.805770511176","-0.0117599633324565","0.450731194849543","3048.23486723006"
"1FlipHCrs/uf150-01","decayModelpositive","-3550.07391989091","3634.5875413749","-0.000932666740028615","0.472753633006174","18298.3289374958"
"1FlipHCrs/uf150-02","decayModelpositive","53.6630961836055","22.2952805342826","-0.00283864169502527","1.58939883254682","313.086315197194"
"1FlipHCrs/uf150-03","decayModelpositive","-3121.47907318677","3208.65233917196","-0.00221748565956765","0.363017125679271","38456.7527113434"
"1FlipHCrs/uf150-04","decayModelpositive","-140.94258625672","284.460880879294","-0.250888164577704","0.0779887645464192","46.9500018467839"
"1FlipHCrs/uf150-05","decayModelpositive","-1979.71292768915","2059.95020934537","-0.00133955796787944","0.467778517228068","46619.3265287856"
"1FlipHCrs/uf150-06","decayModelpositive","-1479.71094703587","1558.46575856985","-0.000913731866875321","0.656202859785242","128964.334643512"
"1FlipHCrs/uf150-07","decayModelpositive","51.5726967056","28.1700445642297","-0.01533918231452","1.15200366375705","281.088068337711"
"1FlipHCrs/uf150-08","decayModelpositive","-1573.80736124472","1657.28966224018","-0.00273202938281469","0.456391766100449","11759.3144910978"
"1FlipHCrs/uf150-09","decayModelpositive","-1810.26716397806","1897.121173001","-0.00460197073675729","0.280425187588251","2953.46915111768"
"1FlipHCrs/uf150-10","decayModelpositive","49.0635013375004","30.3521602709164","-0.0234782075846975","0.960873599271691","249.165578761182"
"1FlipHCrs/uf175-01","decayModelpositive","-2436.86530688612","2533.16389561312","-0.002295121091257","0.354280935058091","36384.5451449307"
"1FlipHCrs/uf175-02","decayModelpositive","-997.494500997768","1094.32008119408","-0.00440613870505051","0.416874202127203","25244.7478418552"
"1FlipHCrs/uf175-03","decayModelpositive","-714.078253755963","809.547450865665","-0.002019562283211","0.681110737677478","38562.5263631336"
"1FlipHCrs/uf175-04","decayModelpositive","-1468.80049943563","1571.14123706782","-0.00471474971329988","0.350092727635101","16336.9227208995"
"1FlipHCrs/uf175-05","decayModelpositive","-3378.20380367148","3481.74270692628","-0.00206658679481681","0.362542130292387","76397.146376836"
"1FlipHCrs/uf175-06","decayModelpositive","-254.084102430114","357.77100956207","-0.0266755580380041","0.311727971858608","2174.69066503593"
"1FlipHCrs/uf175-07","decayModelpositive","-1566.73306274692","1654.13317881178","-0.000453901654682167","0.773995464268928","152977.297508322"
"1FlipHCrs/uf175-08","decayModelpositive","-1350.28514780339","1457.03175103374","-0.00618578558543305","0.354653613658023","14027.2335310203"
"1FlipHCrs/uf175-09","decayModelpositive","-3794.07875044283","3887.46655660085","-0.000538212238753318","0.590534623991294","379362.20205902"
"1FlipHCrs/uf175-10","decayModelpositive","-2924.54046280261","3023.04395704327","-0.00102458023727635","0.525672213499287","173083.86213958"
"1FlipHCrs/uf200-01","decayModelpositive","70.9547513856385","36.4958189325525","-0.0112728337516614","1.14128824599466","347.674370921881"
"1FlipHCrs/uf200-02","decayModelpositive","-409.70585118824","531.098468055075","-0.0211820302554701","0.302983585795335","4176.02733333422"
"1FlipHCrs/uf200-03","decayModelpositive","75.2215375013199","35.9043912042576","-0.0682171590231672","0.771525084861331","488.558870993564"
"1FlipHCrs/uf200-04","decayModelpositive","-736.97533749921","847.490604181825","-0.00576125474539895","0.428669973943288","20905.5485646806"
"1FlipHCrs/uf200-05","decayModelpositive","75.3372900813114","26.9028260569814","-0.000928242646283001","1.81750353939131","406.976753966135"
"1FlipHCrs/uf200-06","decayModelpositive","79.979410251535","25.9761744782389","-0.00713946220685164","1.50520532214481","461.553204209878"
"1FlipHCrs/uf200-07","decayModelpositive","-1664.21850258402","1769.63954480815","-0.000918676126435065","0.59383321249837","102706.834854975"
"1FlipHCrs/uf200-08","decayModelpositive","-2288.07088352769","2404.5971715856","-0.00447142662160858","0.275717276046231","11281.016702749"
"1FlipHCrs/uf200-09","decayModelpositive","-44.7952086695408","154.096835769061","-0.0232761520662514","0.522232830123637","173.940536033247"
"1FlipHCrs/uf200-10","decayModelpositive","-2605.51823196498","2714.82675957487","-0.0010529649911321","0.514390571651007","167620.140909792"
"1FlipHCrs/uf225-01","decayModelpositive","-1520.43821332687","1644.18816628618","-0.00178491456090983","0.533440534527376","80640.0518400748"
"1FlipHCrs/uf225-02","decayModelpositive","-6528.94830007853","6648.08529343599","-0.000215306191518353","0.672718927172819","884313.572678998"
"1FlipHCrs/uf225-03","decayModelpositive","-3057.92714733603","3177.51940170728","-0.000873553415567893","0.527157950464095","205488.567707193"
"1FlipHCrs/uf225-04","decayModelpositive","-57.7169656572531","183.510678081804","-0.0284885998091194","0.442065181673205","221.353360097991"
"1FlipHCrs/uf225-05","decayModelpositive","-141.682053843736","265.271323058076","-0.0156065948375453","0.499671330779101","1387.92881358043"
"1FlipHCrs/uf225-06","decayModelpositive","-2218.90041943559","2336.98289192563","-0.00137117417271767","0.470079255050176","113524.93187062"
"1FlipHCrs/uf225-07","decayModelpositive","-118.781601471263","253.052842993701","-0.0556746926916004","0.268458505088036","260.897442289128"
"1FlipHCrs/uf225-08","decayModelpositive","-666.073276279299","817.432129538149","-0.0381440168336022","0.152981517102148","605.256352273487"
"1FlipHCrs/uf225-09","decayModelpositive","84.4885516300204","33.3078113536473","-0.00304307696490319","1.44577393665036","487.85332044566"
"1FlipHCrs/uf225-10","decayModelpositive","-1543.48870563087","1665.95933239775","-0.00223823829650456","0.47140344162536","56648.4171709798"
"1FlipHCrs/uf250-01","decayModelpositive","-1376.13229320151","1509.21316332679","-0.00119204691662268","0.643236923703637","84022.3375781522"
"1FlipHCrs/uf250-02","decayModelpositive","-5346.04937057318","5490.62308717992","-0.00186564647387457","0.307578850161618","31740.3702900102"
"1FlipHCrs/uf250-03","decayModelpositive","-628.836695875722","775.63491288797","-0.015074611536129","0.296147507805057","6257.42514833457"
"1FlipHCrs/uf250-04","decayModelpositive","-1589.50619230832","1721.72851008073","-0.00188517513003211","0.507493684758428","45746.5485382276"
"1FlipHCrs/uf250-05","decayModelpositive","-2994.59384203085","3131.24703958416","-0.00201571593538611","0.390075464897989","76986.4035106255"
"1FlipHCrs/uf250-06","decayModelpositive","-490.861003511727","622.951921020566","-0.00239976878362556","0.6989796897328","16773.2376334027"
"1FlipHCrs/uf250-07","decayModelpositive","-1244.06932029242","1384.49249697675","-0.00320737160083699","0.466914452460214","45388.2204639897"
"1FlipHCrs/uf250-08","decayModelpositive","48.9255186156356","84.5184658930388","-0.0169348695988092","0.741563299434367","153.734997152978"
"1FlipHCrs/uf250-09","decayModelpositive","-2587.31986910824","2715.31686969327","-8.06716028612195e-05","1.07648609635326","422203.135727431"
"1FlipHCrs/uf250-10","decayModelpositive","-1293.81048238808","1438.52592766616","-0.00622903172359457","0.327974521148019","15691.1525179352"
"2FlipHC/experiment.xml","decayModelpositive","0","0","0","0","1e+06"
"2FlipHC/uf020-01","decayModelpositive","0","0","0","0","1e+06"
"2FlipHC/uf020-02","decayModelpositive","-248.95179013669","367.53671005713","-0.347701110496382","0.0159344751977793","6.03127597663589"
"2FlipHC/uf020-03","decayModelpositive","0","0","0","0","1e+06"
"2FlipHC/uf020-04","decayModelpositive","-70.9658686996261","140.362373397434","-0.536579996209604","0.0237338181513544","13.5879292979494"
"2FlipHC/uf020-05","decayModelpositive","0","0","0","0","1e+06"
"2FlipHC/uf020-06","decayModelpositive","-111.29182647207","4.8737603696128","3.21612792705212","-0.00562044933307906","42.0976693815545"
"2FlipHC/uf020-07","decayModelpositive","0","0","0","0","1e+06"
"2FlipHC/uf020-08","decayModelpositive","0","0","0","0","1e+06"
"2FlipHC/uf020-09","decayModelpositive","0","0","0","0","1e+06"
"2FlipHC/uf020-10","decayModelpositive","0","0","0","0","1e+06"
"2FlipHC/uf050-01","decayModelpositive","-120.617531808318","345.75925271716","-0.847115962505367","0.0227406995652603","21.7460032454929"
"2FlipHC/uf050-02","decayModelpositive","-135.287887243487","21.2896353968579","2.0190934502539","-0.00857052366211986","19.8716417456578"
"2FlipHC/uf050-03","decayModelpositive","-248.710409345261","28.9263129297856","2.25648196114237","-0.00556232703811412","8.28166217010663"
"2FlipHC/uf050-04","decayModelpositive","21.0953197835275","5.19408302837588","-0.0303698239772115","2.40783755722319","89.3406739978612"
"2FlipHC/uf050-05","decayModelpositive","-122.388066142671","23.4740573289715","1.85174244750616","-0.0102966968049635","26.680760252227"
"2FlipHC/uf050-06","decayModelpositive","-382.91506606882","661.214522444556","-0.481393786073711","0.0100752327573012","26.645271853715"
"2FlipHC/uf050-07","decayModelpositive","-191.142273792764","26.7413044322073","2.09639471538625","-0.0043371100425962","39.1449273099396"
"2FlipHC/uf050-08","decayModelpositive","-195.412210507165","24.7876774563161","2.18724630044699","-0.0055500667845812","14.9455310898745"
"2FlipHC/uf050-09","decayModelpositive","-715.944781099937","740.378027185702","-0.00141358059794571","0.811737556303508","35933.8351572674"
"2FlipHC/uf050-10","decayModelpositive","19.622024371575","6.75721129675257","-0.0378297030529066","2.18350319563093","80.4949788424715"
"2FlipHC/uf075-01","decayModelpositive","-285.565078900803","36.3286144557884","2.19800176425106","-0.00518081449187262","28.9850399577237"
"2FlipHC/uf075-02","decayModelpositive","29.0153848044036","11.9530145944801","-0.0134957405202037","1.90385713962264","156.849213147754"
"2FlipHC/uf075-03","decayModelpositive","-318.376514211237","40.457240216077","2.17998892236916","-0.00448046054192798","18.9637042354558"
"2FlipHC/uf075-04","decayModelpositive","27.9031995525042","9.76116959740085","-0.0107987986350613","2.10852800294611","85.469992518153"
"2FlipHC/uf075-05","decayModelpositive","-1095.65330863963","1145.50578401302","-0.00998862701940439","0.224038525540695","4192.04556635333"
"2FlipHC/uf075-06","decayModelpositive","28.339181129165","10.1616245589604","-0.00956631763955208","2.08764858835636","113.914694071852"
"2FlipHC/uf075-07","decayModelpositive","11.7202941750939","35.1718015738003","-0.160562483885668","0.532492499582409","14.9035545752907"
"2FlipHC/uf075-08","decayModelpositive","-282.524924549694","325.789444475098","-0.00738055748210895","0.682360057982011","7383.51288527968"
"2FlipHC/uf075-09","decayModelpositive","-1041.97755079406","1082.49397591825","-0.000474098615326474","1.20443217045627","141827.83946423"
"2FlipHC/uf075-10","decayModelpositive","26.3668108259729","16.6015493012081","-0.103426649711538","0.976304326369366","129.051242671959"
"2FlipHC/uf100-01","decayModelpositive","43.26061286707","11.2485531279746","-0.00366597712047341","2.52199167843909","192.905789120081"
"2FlipHC/uf100-02","decayModelpositive","-1490.72408703831","1547.07866857375","-0.00120969507179067","0.731606160492442","120365.751174359"
"2FlipHC/uf100-03","decayModelpositive","36.8659818012861","16.7913318918581","-0.0545335522485112","1.15741596796366","167.468314962282"
"2FlipHC/uf100-04","decayModelpositive","-517.021103644377","570.095016223964","-0.0010736209312824","1.02336730043267","29424.2477366559"
"2FlipHC/uf100-05","decayModelpositive","-728.814250885206","781.966031538282","-0.00287468619023191","0.662551891018472","28516.6949902679"
"2FlipHC/uf100-06","decayModelpositive","39.8310071261906","10.0533323471751","-3.27491738864618e-05","4.30732385766432","261.766078351145"
"2FlipHC/uf100-07","decayModelpositive","34.8768694788282","17.645200555585","-0.0116456292193981","1.63777465516251","158.980398140791"
"2FlipHC/uf100-08","decayModelpositive","39.7979169667487","12.7406057444687","-0.00078775810354656","2.90181654396429","169.64169287145"
"2FlipHC/uf100-09","decayModelpositive","23.1707335873917","32.9828886734683","-0.0571821009481616","0.765284450789248","33.7552471233089"
"2FlipHC/uf100-10","decayModelpositive","-795.897189326143","850.725327187603","-0.00319520511088975","0.560651352372788","27619.936887243"
"2FlipHC/uf125-01","decayModelpositive","-2139.55231615028","2204.72664353627","-0.000471205759195679","0.837411944650154","270449.828121686"
"2FlipHC/uf125-02","decayModelpositive","-116.0932693813","183.868460254738","-0.00656290279127253","0.854560019283704","1196.656431175"
"2FlipHC/uf125-03","decayModelpositive","48.3476065463567","21.8658149619165","-0.0144691883179532","1.50576969797535","253.936578731026"
"2FlipHC/uf125-04","decayModelpositive","-388.469170544787","453.820842638769","-0.00109645692377169","1.10375610904775","14827.2628983433"
"2FlipHC/uf125-05","decayModelpositive","-905.065060594623","971.270815037234","-0.00288233472253021","0.585475168500372","39707.8307987158"
"2FlipHC/uf125-06","decayModelpositive","-1409.36584917498","1479.76632566361","-0.00300647263816415","0.46928600615897","52377.0693393494"
"2FlipHC/uf125-07","decayModelpositive","-2573.79824688099","2647.67500838595","-0.00296055607439478","0.334094639620409","9303.71002211075"
"2FlipHC/uf125-08","decayModelpositive","-131.573912032577","202.74269514394","-0.00987747516070715","0.736216486267542","1898.23705258348"
"2FlipHC/uf125-09","decayModelpositive","-4173.00057652961","4244.20825815857","-0.00109554429602272","0.46745226542035","208241.722045158"
"2FlipHC/uf125-10","decayModelpositive","44.9617407013648","20.523651046912","-0.00598650136546864","1.7406763832428","200.871336910169"
"2FlipHC/uf150-01","decayModelpositive","-1611.36066253087","1692.96331640868","-0.000797448001161002","0.830074111130473","147255.086084478"
"2FlipHC/uf150-02","decayModelpositive","23.3030508171978","61.4007252205911","-0.0212964086376107","0.967158961615454","39.523130479221"
"2FlipHC/uf150-03","decayModelpositive","-2041.58774226571","2121.224622421","-0.000469331958969864","0.930973860961547","272829.265583528"
"2FlipHC/uf150-04","decayModelpositive","-4374.96103494402","4456.66123843568","-0.000321527331803543","0.805836659348686","742474.068970491"
"2FlipHC/uf150-05","decayModelpositive","-1517.91640046688","1599.62192294121","-0.000886931571727334","0.82807402691068","95883.1209441466"
"2FlipHC/uf150-06","decayModelpositive","-2055.37496917174","2138.13178670897","-0.000420023542699466","0.936423387739069","288071.787874273"
"2FlipHC/uf150-07","decayModelpositive","54.3749023915223","26.3007390245999","-0.00427249175241005","1.71247314712993","205.472196406727"
"2FlipHC/uf150-08","decayModelpositive","-1148.52370253497","1227.93297563609","-0.000723999573829723","0.908653133946178","102127.880743999"
"2FlipHC/uf150-09","decayModelpositive","-2543.07771511562","2627.29585317951","-0.00130829104428311","0.594675882413938","232987.149022248"
"2FlipHC/uf150-10","decayModelpositive","-1007.61552720179","1090.6642991686","-0.00317935896160915","0.580016941664225","46226.259456362"
"2FlipHC/uf175-01","decayModelpositive","-2110.15233569007","2205.56298606535","-0.000639736559303769","0.835265520814644","182881.006706327"
"2FlipHC/uf175-02","decayModelpositive","64.6319798346969","28.3097273433635","-0.0181025238982716","1.29393711661909","303.27131910426"
"2FlipHC/uf175-03","decayModelpositive","-12.3674728743571","106.78325411435","-0.0113498263310522","0.915382193689205","32.6920798846188"
"2FlipHC/uf175-04","decayModelpositive","67.9675396475625","20.8338051088802","-0.00980582962225646","1.64679925306713","346.289756732456"
"2FlipHC/uf175-05","decayModelpositive","-322.842173518651","419.298706106819","-0.00506026764638433","0.767509845927735","7326.20683280669"
"2FlipHC/uf175-06","decayModelpositive","64.9953392456487","24.9741500305775","-0.000908012575749639","2.17173077994244","312.194657715598"
"2FlipHC/uf175-07","decayModelpositive","61.8867866452817","36.3159343793432","-0.0224070496733101","1.13002035137555","325.019963447661"
"2FlipHC/uf175-08","decayModelpositive","-2521.18135180766","2615.67503707637","-0.000683426569265194","0.762819855729891","288234.337480289"
"2FlipHC/uf175-09","decayModelpositive","-3612.9461209397","3705.36731704059","-0.000173859062014684","1.03516103542954","489239.721906164"
"2FlipHC/uf175-10","decayModelpositive","-1140.81322329451","1234.81591369217","-0.00118741346842687","0.844576827719468","83938.0849294648"
"2FlipHC/uf200-01","decayModelpositive","-59.9378255149779","166.97022556287","-0.00840462075368308","0.849330343468899","241.291670732583"
"2FlipHC/uf200-02","decayModelpositive","-1015.05897038562","1121.14648738846","-0.000934405512876874","0.867188097132917","44193.6795785288"
"2FlipHC/uf200-03","decayModelpositive","69.8641457177348","32.5487451852257","-0.0478267680185527","0.928188926579261","407.39676885278"
"2FlipHC/uf200-04","decayModelpositive","-5908.44590161133","6019.7988370071","-0.000311883135776607","0.759023183390119","971375.578518018"
"2FlipHC/uf200-05","decayModelpositive","12.9237065714658","93.0900925423484","-0.013854665682716","0.909813475026418","6.90255417446054"
"2FlipHC/uf200-06","decayModelpositive","-5348.18879495816","5457.25990515976","-0.000185276815655261","0.921108446768166","1119046.61407896"
"2FlipHC/uf200-07","decayModelpositive","-4645.77520801909","4752.34951170887","-0.000261249573328143","0.842147258611622","691880.253815606"
"2FlipHC/uf200-08","decayModelpositive","-1003.31755811052","1111.62096390905","-0.00164261834552322","0.750992650761308","38401.0903154705"
"2FlipHC/uf200-09","decayModelpositive","75.1117319901436","31.116688224197","-0.0107223872866403","1.37905110030266","336.979860253544"
"2FlipHC/uf200-10","decayModelpositive","72.7143759632001","37.0837907540602","-0.0249633645828362","1.11255468073062","299.698181476878"
"2FlipHC/uf225-01","decayModelpositive","-3442.38675929811","3561.86948138789","-0.000534976767789653","0.749988064636382","556242.066230297"
"2FlipHC/uf225-02","decayModelpositive","71.7152491730714","47.6964803324976","-0.00313968775987142","1.56098680588589","371.445976580493"
"2FlipHC/uf225-03","decayModelpositive","85.3771923443784","31.3297354372021","-0.00326173241512206","1.75691728285311","374.75322044816"
"2FlipHC/uf225-04","decayModelpositive","37.8435768722958","77.2065180484604","-0.00482361107032094","1.20354514620542","57.2849341519013"
"2FlipHC/uf225-05","decayModelpositive","-2095.79955205473","2214.98885224481","-0.00050486233281318","0.864882743503671","240412.989670574"
"2FlipHC/uf225-06","decayModelpositive","2.56053098710593","118.701172578823","-0.0091770919798532","0.937722726113179","8.42508089695598"
"2FlipHC/uf225-07","decayModelpositive","75.1513356419788","43.9834178239462","-0.0170752401994998","1.13677964595096","321.797837851934"
"2FlipHC/uf225-08","decayModelpositive","79.3629505319958","41.8037046788648","-0.0135768655452047","1.22288959450123","271.957236914392"
"2FlipHC/uf225-09","decayModelpositive","-748.662581257854","869.062880493321","-0.00245192208468854","0.697695702798839","18091.2649763278"
"2FlipHC/uf225-10","decayModelpositive","83.4904587392254","32.6838487620307","-0.00518455871787496","1.60783212526552","411.907922424678"
"2FlipHC/uf250-01","decayModelpositive","92.7565241387784","44.169989614335","-0.017833262108168","1.20448577027556","584.489429905392"
"2FlipHC/uf250-02","decayModelpositive","-4984.99425777795","5124.22964764999","-0.000731142753328286","0.592942148278927","465399.057946067"
"2FlipHC/uf250-03","decayModelpositive","85.9740814179374","50.178668067506","-0.0182509054406921","1.09387054238459","349.619734230889"
"2FlipHC/uf250-04","decayModelpositive","-2024.2117817518","2155.28034462118","-0.00065672734386173","0.816708118608962","207055.429689311"
"2FlipHC/uf250-05","decayModelpositive","92.3456614668685","38.0749818133853","-0.011680822761289","1.32160569680088","408.863653493252"
"2FlipHC/uf250-06","decayModelpositive","86.5449775508589","42.1496110315194","-0.00589719363143303","1.40891603994936","407.292043761099"
"2FlipHC/uf250-07","decayModelpositive","-2580.2326058251","2713.83096165239","-0.000679512734730503","0.752029517744931","199183.224211263"
"2FlipHC/uf250-08","decayModelpositive","-5297.76961948659","5429.48130624449","-0.00061608084252241","0.612149642566223","592149.364973393"
"2FlipHC/uf250-09","decayModelpositive","70.0655499090374","63.0992782206571","-0.00923036637502038","1.13200810545064","220.085357131701"
"2FlipHC/uf250-10","decayModelpositive","-4881.72407347618","5018.73965034911","-0.000692494624122828","0.604646912128855","379756.199957157"
"2FlipHCrs/experiment.xml","decayModelpositive","0","0","0","0","1e+06"
"2FlipHCrs/uf020-01","decayModelpositive","0","0","0","0","1e+06"
"2FlipHCrs/uf020-02","decayModelpositive","0","0","0","0","1e+06"
"2FlipHCrs/uf020-03","decayModelpositive","0","0","0","0","1e+06"
"2FlipHCrs/uf020-04","decayModelpositive","-1.11156837951979","10.2585097452527","0.181800967785745","-17.3474947464555","38.2552058192198"
"2FlipHCrs/uf020-05","decayModelpositive","0","0","0","0","1e+06"
"2FlipHCrs/uf020-06","decayModelpositive","0","0","0","0","1e+06"
"2FlipHCrs/uf020-07","decayModelpositive","0","0","0","0","1e+06"
"2FlipHCrs/uf020-08","decayModelpositive","-65.2252390405179","2.85940057491878","3.27811968809833","-0.00428505414521987","7.01014133674076"
"2FlipHCrs/uf020-09","decayModelpositive","0","0","0","0","1e+06"
"2FlipHCrs/uf020-10","decayModelpositive","0","0","0","0","1e+06"
"2FlipHCrs/uf050-01","decayModelpositive","19.3989678838784","7.85022566660159","-0.136496190198471","1.22296477174611","98.2060684455498"
"2FlipHCrs/uf050-02","decayModelpositive","-232.061819783954","28.5660453436488","2.20538505890152","-0.00553599876293221","6.83012208846573"
"2FlipHCrs/uf050-03","decayModelpositive","16.1720130866606","8.42848869226887","-0.000816526341129329","2.99556683422407","68.9466561229737"
"2FlipHCrs/uf050-04","decayModelpositive","18.3788934614781","7.77399339892519","-0.00201798442529865","2.74447815157866","86.7962551283798"
"2FlipHCrs/uf050-05","decayModelpositive","-487.668048833051","518.090859590053","-0.00534252600014111","0.731464974102627","44015.5451147466"
"2FlipHCrs/uf050-06","decayModelpositive","11.1700472430641","19.9610934485747","-0.297180418614927","0.393828923846389","29.4347982823165"
"2FlipHCrs/uf050-07","decayModelpositive","-423.79171208271","671.988162187969","-0.404998697304073","0.0121743376002289","3.97138915653399"
"2FlipHCrs/uf050-08","decayModelpositive","14.4703048259035","11.4359815062897","-0.0359013144986885","1.61894881385306","52.1135039397512"
"2FlipHCrs/uf050-09","decayModelpositive","22.7413696530334","5.48490042359587","-0.0871457365638582","1.80554992723328","139.340528484835"
"2FlipHCrs/uf050-10","decayModelpositive","20.5510249785717","6.44623870480289","-0.17071638771689","1.20730579285287","110.5561894387"
"2FlipHCrs/uf075-01","decayModelpositive","-47.362576596296","88.0587860506113","-0.00459067031013408","1.24950872431905","591.818587190944"
"2FlipHCrs/uf075-02","decayModelpositive","-204.087445815181","247.475951082281","-0.0175106554265404","0.407044788142417","2977.39861441406"
"2FlipHCrs/uf075-03","decayModelpositive","29.1190042198057","13.228290601532","-0.0388049893262584","1.44566209870764","160.002898866859"
"2FlipHCrs/uf075-04","decayModelpositive","-488.661899077852","543.813615414423","-0.0259838305154022","0.205239227076351","1788.99605576636"
"2FlipHCrs/uf075-05","decayModelpositive","-824.593719703748","864.324715473869","-0.00128119823527636","0.785668296592457","119979.364325994"
"2FlipHCrs/uf075-06","decayModelpositive","-33.7706346803946","47.0883082887271","0.458075715484705","-0.175543229751497","54.3174789120276"
"2FlipHCrs/uf075-07","decayModelpositive","-943.793403140952","1004.59003532178","-0.0209929210843308","0.126313428089469","187.150442746456"
"2FlipHCrs/uf075-08","decayModelpositive","-966.487326533124","1009.19716158464","-0.00221210140771577","0.613590008753422","114184.764740237"
"2FlipHCrs/uf075-09","decayModelpositive","-946.924849895995","1265.02082665961","-0.246969042239869","0.0116505329029893","30.3834016354388"
"2FlipHCrs/uf075-10","decayModelpositive","-38.8667962277318","62.082180170612","0.234476271460423","-0.203669602806761","130.326665969569"
"2FlipHCrs/uf100-01","decayModelpositive","30.3929183361653","20.4239789779445","-0.00666062635756812","1.34836394930821","138.819632155996"
"2FlipHCrs/uf100-02","decayModelpositive","-766.071307956484","843.00762066375","-0.0293261894511914","0.138062215873892","804.121100286951"
"2FlipHCrs/uf100-03","decayModelpositive","35.5021146559638","25.9117296309753","-0.386433740675051","0.57341549433746","209.761271119606"
"2FlipHCrs/uf100-04","decayModelpositive","-2761.21047671575","2815.66675651051","-0.000766262500176942","0.556899917317904","218812.784532221"
"2FlipHCrs/uf100-05","decayModelpositive","-1026.90346443362","1446.90873560152","-0.293160002749144","0.0124595815293936","14.786321581781"
"2FlipHCrs/uf100-06","decayModelpositive","-1689.2598373848","2243.07534662147","-0.251674745185221","0.0117311515264193","4.65418347960245"
"2FlipHCrs/uf100-07","decayModelpositive","-737.91621231161","796.516224207389","-0.00493744987469573","0.475609445172731","27185.5553827687"
"2FlipHCrs/uf100-08","decayModelpositive","-2747.23545116524","2810.66054321781","-0.00346340831668774","0.26730305698108","15169.4684986587"
"2FlipHCrs/uf100-09","decayModelpositive","-567.581718041392","623.29459754358","-0.00587094977939778","0.461696907683679","32477.9161228656"
"2FlipHCrs/uf100-10","decayModelpositive","-772.297876967234","835.862709902703","-0.0152490574488968","0.16956473173104","267.269092427136"
"2FlipHCrs/uf125-01","decayModelpositive","-23.6990610385896","89.5786281833401","-0.0231412724539659","0.621599151424432","113.224791159095"
"2FlipHCrs/uf125-02","decayModelpositive","-438.495235024329","513.343270890939","-0.015723351810209","0.309637568221587","10236.6579927229"
"2FlipHCrs/uf125-03","decayModelpositive","-234.455932583712","321.018193827144","-0.0629439057680395","0.1832906182925","290.608683073942"
"2FlipHCrs/uf125-04","decayModelpositive","3.69250835908051","60.5838859738197","-0.0313752739796313","0.590734557597273","2.46993949309073"
"2FlipHCrs/uf125-05","decayModelpositive","-3275.79267954944","3346.99490837808","-0.00109253365228893","0.493188613592426","297159.800616801"
"2FlipHCrs/uf125-06","decayModelpositive","-987.995599264617","1066.89127841523","-0.0100574827256448","0.275202325189559","9187.12838190427"
"2FlipHCrs/uf125-07","decayModelpositive","-3565.18295674343","3638.77064586646","-0.00185586387052514","0.347907491790317","6227.07571214633"
"2FlipHCrs/uf125-08","decayModelpositive","-323.185537808993","413.995366058839","-0.0533077793502134","0.189711302862052","880.185576963326"
"2FlipHCrs/uf125-09","decayModelpositive","-3549.34968936665","3656.58686819029","-0.0115435956820764","0.0821750083584625","24.6100436280688"
"2FlipHCrs/uf125-10","decayModelpositive","-237.778145754218","54.3705325188564","1.72284329210015","-0.00961097142694642","26.26355345176"
"2FlipHCrs/uf150-01","decayModelpositive","-3468.5212992363","3547.68297979583","-0.000544309950507876","0.653956959363603","758663.718825987"
"2FlipHCrs/uf150-02","decayModelpositive","-3383.6552119699","3471.72877922693","-0.00271912295491852","0.287063498649528","12443.3250123153"
"2FlipHCrs/uf150-03","decayModelpositive","-3140.39790959162","3226.11059804731","-0.00121583270920226","0.502797414807185","490015.159008202"
"2FlipHCrs/uf150-04","decayModelpositive","-1591.5229084524","1674.80054934687","-0.00315943000980867","0.407887589845046","51873.4284871396"
"2FlipHCrs/uf150-05","decayModelpositive","-1936.69699211847","2019.33677913651","-0.00277095540000991","0.352882429995482","34671.3623972855"
"2FlipHCrs/uf150-06","decayModelpositive","53.1234256165928","26.928369944476","-0.0372023471389525","1.03573262144662","335.672120418092"
"2FlipHCrs/uf150-07","decayModelpositive","57.2541096857005","22.557303574465","-0.0357501022621166","1.14244289457323","378.342973633134"
"2FlipHCrs/uf150-08","decayModelpositive","58.9227034596784","22.2783572773211","-0.0266298944334821","1.28965113226055","415.911300060037"
"2FlipHCrs/uf150-09","decayModelpositive","-789.952012713818","878.485625659596","-0.00587462112986246","0.46765353293644","48877.5256915948"
"2FlipHCrs/uf150-10","decayModelpositive","56.50195978349","24.2265681872529","-0.0167787673232553","1.19319528175378","371.740762263036"
"2FlipHCrs/uf175-01","decayModelpositive","64.2804434728585","25.7474714769438","-0.011807323556306","1.23109791415625","383.353994192187"
"2FlipHCrs/uf175-02","decayModelpositive","-1995.94823885836","2095.54048339601","-0.00351612036405788","0.358755713017036","75789.1730972346"
"2FlipHCrs/uf175-03","decayModelpositive","68.8400551961784","24.5782314582757","-0.0308247438984807","1.07792140346925","499.852139427199"
"2FlipHCrs/uf175-04","decayModelpositive","-2010.46150663112","2113.5176163166","-0.00524637175576727","0.293256723577609","28344.4888388444"
"2FlipHCrs/uf175-05","decayModelpositive","-1033.03480907361","1129.86815837372","-0.00258509774729743","0.581807527379363","77839.762121299"
"2FlipHCrs/uf175-06","decayModelpositive","-80.9125704304585","186.959385581867","-0.0635952387470754","0.28917977200279","452.709171904946"
"2FlipHCrs/uf175-07","decayModelpositive","-5412.02693154709","5511.35808542288","-0.00117686087150513","0.374476439294958","79850.9971482379"
"2FlipHCrs/uf175-08","decayModelpositive","-2337.71974502809","2439.17655573233","-0.00362669854438652","0.324537119308838","25078.0710108258"
"2FlipHCrs/uf175-09","decayModelpositive","-131.818788376943","225.127155317564","-0.0123921410735114","0.550479199919878","1616.07768766046"
"2FlipHCrs/uf175-10","decayModelpositive","-5118.91400557162","5219.01732446","-0.00117765014899125","0.383292546543128","160123.327536675"
"2FlipHCrs/uf200-01","decayModelpositive","-3846.30809809007","3957.0903640062","-0.000962736711929579","0.503951853297524","492636.992963678"
"2FlipHCrs/uf200-02","decayModelpositive","-1400.17943515837","1519.63783824252","-0.00390179492419177","0.438942327252545","103673.910432641"
"2FlipHCrs/uf200-03","decayModelpositive","-1177.24020471143","1305.59679370731","-0.0157293864503921","0.208555644812775","2921.2691405126"
"2FlipHCrs/uf200-04","decayModelpositive","-2433.97509016201","2547.69677023274","-0.00231898877946923","0.426723079319184","237995.965712832"
"2FlipHCrs/uf200-05","decayModelpositive","-110.387723409949","217.091869293543","-0.0160005994854229","0.503632553774822","1049.33324027297"
"2FlipHCrs/uf200-06","decayModelpositive","76.8975127322221","29.5862745005143","-0.0140772144791681","1.19631849972729","442.113878547048"
"2FlipHCrs/uf200-07","decayModelpositive","-1306.4212820851","1422.90543255717","-0.00748016613443647","0.282928485342092","16393.9631430082"
"2FlipHCrs/uf200-08","decayModelpositive","-1997.22991696176","2110.149331595","-0.00327528901349212","0.365578925582662","69631.3631335482"
"2FlipHCrs/uf200-09","decayModelpositive","-2734.32539152583","2838.84658489736","-0.000400366159734392","0.751130012684239","571341.139591686"
"2FlipHCrs/uf200-10","decayModelpositive","62.7803276475298","40.6718649493815","-0.0192145997441909","0.905518231090206","327.624276528107"
"2FlipHCrs/uf225-01","decayModelpositive","-3910.31333196984","4030.1722351144","-0.000877801101721951","0.518710490500268","705115.657159956"
"2FlipHCrs/uf225-02","decayModelpositive","-642.268352837038","761.610649796606","-0.0038170051854808","0.536891789995559","30726.9738051131"
"2FlipHCrs/uf225-03","decayModelpositive","-5960.30299609031","6078.76447643173","-0.000339507309739598","0.609953694795933","1333453.8576624"
"2FlipHCrs/uf225-04","decayModelpositive","-3415.28404998672","3553.07584247115","-0.00505809519386678","0.219465342278729","6905.69012399038"
"2FlipHCrs/uf225-05","decayModelpositive","-1481.98202373239","1602.37505048582","-0.000939057089443074","0.736722067687122","182320.341402412"
"2FlipHCrs/uf225-06","decayModelpositive","-5304.0615999263","5432.11282259061","-0.0017242580397527","0.31997310059761","75049.2086159066"
"2FlipHCrs/uf225-07","decayModelpositive","-2355.55619109786","2482.43071909035","-0.00226208246007465","0.440115886310444","172831.550120657"
"2FlipHCrs/uf225-08","decayModelpositive","-1763.8553208365","1890.85069686051","-0.00397896837737189","0.362008227756695","66907.3812922065"
"2FlipHCrs/uf225-09","decayModelpositive","-1287.34000497313","1413.85719775131","-0.00406384139327109","0.435291977578216","75124.4384518469"
"2FlipHCrs/uf225-10","decayModelpositive","-3175.84784384645","3295.4458777065","-0.000485253830382396","0.685207244530303","564305.453779857"
"2FlipHCrs/uf250-01","decayModelpositive","-278.809964910836","408.641359183441","-0.00463639394367642","0.628340399206146","6480.57302677908"
"2FlipHCrs/uf250-02","decayModelpositive","-52.5620000032647","194.019626632891","-0.0343516728788034","0.443560620864166","223.160828619805"
"2FlipHCrs/uf250-03","decayModelpositive","-5696.22756357419","5841.72675740085","-0.00140981022573365","0.385576555278844","314519.3701412"
"2FlipHCrs/uf250-04","decayModelpositive","-2043.69167672138","2177.4787973231","-0.0025512497839783","0.418426724049885","86949.2206699151"
"2FlipHCrs/uf250-05","decayModelpositive","-94.9911232353143","233.225335024684","-0.0249329423171293","0.443005184581534","648.39142641291"
"2FlipHCrs/uf250-06","decayModelpositive","-6914.52766227363","7046.81317575938","-0.000404736987751691","0.544422094979329","1584353.96255469"
"2FlipHCrs/uf250-07","decayModelpositive","-24.6997267748616","158.524988269698","-0.016913478254284","0.599185688133007","78.5336443985857"
"2FlipHCrs/uf250-08","decayModelpositive","-6558.04794236305","6689.93706241896","-0.000262315286625833","0.664651325888446","2454427.04981167"
"2FlipHCrs/uf250-09","decayModelpositive","91.6445894750651","31.1190075932733","-0.00159322306988768","1.53782293132498","620.269715366301"
"2FlipHCrs/uf250-10","decayModelpositive","-3841.89745501279","3985.35043855474","-0.00275763853912854","0.32320650591297","88304.620921697"
"mFlipHC/experiment.xml","decayModelpositive","0","0","0","0","1e+06"
"mFlipHC/uf020-01","decayModelpositive","0","0","0","0","1e+06"
"mFlipHC/uf020-02","decayModelpositive","0","0","0","0","1e+06"
"mFlipHC/uf020-03","decayModelpositive","0","0","0","0","1e+06"
"mFlipHC/uf020-04","decayModelpositive","0","0","0","0","1e+06"
"mFlipHC/uf020-05","decayModelpositive","-271.423414022766","215.538803848379","0.267434024621461","-0.00788977621455196","21.1221525773744"
"mFlipHC/uf020-06","decayModelpositive","0","0","0","0","1e+06"
"mFlipHC/uf020-07","decayModelpositive","0","0","0","0","1e+06"
"mFlipHC/uf020-08","decayModelpositive","-4.33039896796547","14.599725566721","0.0221156508224286","-20.9246245550407","50.1124922172158"
"mFlipHC/uf020-09","decayModelpositive","0","0","0","0","1e+06"
"mFlipHC/uf020-10","decayModelpositive","0","0","0","0","1e+06"
"mFlipHC/uf050-01","decayModelpositive","-904.790543105417","1076.38258898884","-0.144449698003995","0.017813949388458","26.1593902685988"
"mFlipHC/uf050-02","decayModelpositive","19.7987382641561","5.67024871931109","-0.0521934931159368","2.41323633685941","98.4265096285615"
"mFlipHC/uf050-03","decayModelpositive","21.9681715076859","6.32754929931068","-0.000498672866202209","4.64639832382657","119.674230244724"
"mFlipHC/uf050-04","decayModelpositive","19.8328788712141","3.10580333947496","-7.61609243021981e-11","20.9607422409248","89.7250759114434"
"mFlipHC/uf050-05","decayModelpositive","-214.575638384093","26.525747226437","2.19656656469238","-0.0054262111693746","19.6779088479892"
"mFlipHC/uf050-06","decayModelpositive","-236.76464231202","29.6999548898935","2.18706291693009","-0.00549495247931491","31.7137001068886"
"mFlipHC/uf050-07","decayModelpositive","-246.095295918008","24.1236149840866","2.43341266808381","-0.00488770466530234","24.9646178810727"
"mFlipHC/uf050-08","decayModelpositive","16.5209278544978","63.1991276377201","-1.8351151508372","0.140303623639441","61.6056149650927"
"mFlipHC/uf050-09","decayModelpositive","19.2296069758904","5.4467437243795","-2.944445135642e-11","17.4606568158056","81.9988360183425"
"mFlipHC/uf050-10","decayModelpositive","22.5277969127046","252.641064352216","-4.04478756969338","0.244478915138989","111.551324195099"
"mFlipHC/uf075-01","decayModelpositive","-523.74095857754","566.905388292672","-0.00412380953426278","0.727557820698158","19676.967944602"
"mFlipHC/uf075-02","decayModelpositive","25.8776902385106","15.7427612730166","-0.0475476611130655","1.33182575288285","126.655060334293"
"mFlipHC/uf075-03","decayModelpositive","29.7754935842493","10.5194467510139","-0.0251924784343015","1.70180638416622","111.47169965726"
"mFlipHC/uf075-04","decayModelpositive","-61.3605569189447","105.94716971319","-0.0279813893160345","0.607247429782332","357.461222056616"
"mFlipHC/uf075-05","decayModelpositive","25.4398110292095","14.3908379133308","-0.0392940001020626","1.41928072742665","91.4671907230738"
"mFlipHC/uf075-06","decayModelpositive","28.9151398817848","12.1557581011004","-0.0452895961774883","1.43371479565571","119.745236955767"
"mFlipHC/uf075-07","decayModelpositive","30.9470036866684","8.84077943366529","-0.0617596951403296","1.68580218712422","150.688539120486"
"mFlipHC/uf075-08","decayModelpositive","33.1697817085547","11.0464450846489","-0.199514917783472","1.13865524442665","151.360089268739"
"mFlipHC/uf075-09","decayModelpositive","-598.388708101105","639.859050819705","-0.00331279145095292","0.637075350756636","18206.7896647124"
"mFlipHC/uf075-10","decayModelpositive","-732.890333956852","769.88901880598","-0.000257110210379363","1.57152101886966","101452.2319551"
"mFlipHC/uf100-01","decayModelpositive","-321.406408315697","374.742205873354","-0.00119466387355843","1.21836764103277","12629.0965139224"
"mFlipHC/uf100-02","decayModelpositive","-1007.15881568929","1060.4800279064","-0.00106201059956317","0.917401444592488","95021.5611107161"
"mFlipHC/uf100-03","decayModelpositive","37.9834973345555","15.0017904589345","-0.034332922923892","1.50233941733926","198.082767992856"
"mFlipHC/uf100-04","decayModelpositive","25.3662569306594","29.141800227514","-0.0725313335822118","0.792924705093554","71.2788067151316"
"mFlipHC/uf100-05","decayModelpositive","31.4585374481972","19.1225227004637","-0.0434367894539014","1.05628533173115","123.059062336072"
"mFlipHC/uf100-06","decayModelpositive","-83.234653541297","140.703724664214","-0.0184220931948197","0.649836823533025","549.592165176965"
"mFlipHC/uf100-07","decayModelpositive","-92.250857361108","145.731279797106","-0.0069951514746211","0.981162844953103","1284.86393524722"
"mFlipHC/uf100-08","decayModelpositive","-3162.41106353867","3214.69640996904","-0.000385828306230771","0.857807934104123","456712.797063993"
"mFlipHC/uf100-09","decayModelpositive","42.5429787660117","15.4966630550733","-0.0438981742379172","1.51751287975028","148.072138246036"
"mFlipHC/uf100-10","decayModelpositive","-1462.17200477793","1515.61425768029","-0.000332365615928469","1.22939947918297","220396.137662465"
"mFlipHC/uf125-01","decayModelpositive","-1523.73060307945","1594.36023119982","-0.0015992614432164","0.665894889910317","94997.8258852234"
"mFlipHC/uf125-02","decayModelpositive","22.6778990678239","43.4340485555687","-0.0164137766764315","1.11737275442186","35.318145036232"
"mFlipHC/uf125-03","decayModelpositive","-1774.09490868032","1842.03899588238","-0.000594180240711078","0.85446551988486","198668.791357288"
"mFlipHC/uf125-04","decayModelpositive","49.3281779363318","14.7094100120904","-0.000284487061739823","3.21466009835424","251.171384736679"
"mFlipHC/uf125-05","decayModelpositive","-2743.94330587882","2809.21961231729","-0.000178884995707549","1.08802741425256","553143.672068773"
"mFlipHC/uf125-06","decayModelpositive","-1028.13305894979","1094.66090327969","-0.000825755655610606","0.939823599114674","79512.4174843132"
"mFlipHC/uf125-07","decayModelpositive","-125.071609351665","197.051417130861","-0.0114254802385646","0.724199924265262","1569.50693037482"
"mFlipHC/uf125-08","decayModelpositive","-951.324604026773","1018.96229589704","-0.00151912868651676","0.8251153506484","66350.6943499917"
"mFlipHC/uf125-09","decayModelpositive","-756.998397529865","826.03462659687","-0.00452880624757566","0.53673330061846","19243.9733180523"
"mFlipHC/uf125-10","decayModelpositive","42.6908531848286","24.5758456302063","-0.0419495087075327","1.13038060980791","159.501862021907"
"mFlipHC/uf150-01","decayModelpositive","-2067.27292960411","2142.64689287795","-0.000126266739233413","1.22447897033483","309689.011267859"
"mFlipHC/uf150-02","decayModelpositive","-4550.71472624372","4635.53379469693","-0.000411807319516796","0.734569760121327","680632.204546285"
"mFlipHC/uf150-03","decayModelpositive","-1381.85304369253","1462.8615835971","-0.000551850260559091","0.998188095117979","114550.457039811"
"mFlipHC/uf150-04","decayModelpositive","59.2431112513919","20.2240763128416","-0.00426265587080721","2.05635414925965","287.012659902562"
"mFlipHC/uf150-05","decayModelpositive","-1168.30253333766","1244.89998534437","-0.000617445822732702","0.958026603319639","63484.4097510431"
"mFlipHC/uf150-06","decayModelpositive","-745.818380097964","828.665723360741","-0.00267131751826859","0.697737636552229","28757.5074680585"
"mFlipHC/uf150-07","decayModelpositive","59.019608361259","19.6365137194871","-0.00087543615526654","2.46998720855022","260.050569262431"
"mFlipHC/uf150-08","decayModelpositive","-1118.66108619834","1200.64891004425","-0.00176996276887416","0.713383045377019","58902.1217771495"
"mFlipHC/uf150-09","decayModelpositive","-58.6678744839036","142.241690497565","-0.00694445278241436","0.994805994565138","411.07339719642"
"mFlipHC/uf150-10","decayModelpositive","-2330.66749109771","2408.74429719646","-0.000662881901133602","0.791031851638657","270981.78509584"
"mFlipHC/uf175-01","decayModelpositive","-0.152052817643386","91.8412816042075","-0.00714319778868973","1.10131089573305","8.9653980893931"
"mFlipHC/uf175-02","decayModelpositive","68.0937211775341","25.759488534607","-0.0270100646884017","1.26566155205082","316.88408735988"
"mFlipHC/uf175-03","decayModelpositive","-1329.19772686964","1423.26632448723","-0.000526570541531334","1.01305687573774","115404.127478957"
"mFlipHC/uf175-04","decayModelpositive","-5655.52731820886","5748.93254957088","-0.000273783753632966","0.808041835098837","1004465.61512058"
"mFlipHC/uf175-05","decayModelpositive","-4260.64851539709","4352.65249624262","-0.000128013576242846","1.0497023251251","753861.855295313"
"mFlipHC/uf175-06","decayModelpositive","-4044.85293553794","4143.29523426874","-0.000582837514592434","0.735434298994969","494048.172846457"
"mFlipHC/uf175-07","decayModelpositive","-1712.62847705848","1808.78181325752","-0.00240632945544817","0.529243220893369","91464.3685405298"
"mFlipHC/uf175-08","decayModelpositive","-693.537212262722","790.887392349631","-0.00122792439794291","0.985119247527984","36321.8464632182"
"mFlipHC/uf175-09","decayModelpositive","-1344.31004723336","1434.61956826172","-0.000522665096345895","0.991689470636577","95988.6892855555"
"mFlipHC/uf175-10","decayModelpositive","66.6968283971797","24.5058438110292","-0.00311360373544373","1.83228332776555","330.569736219872"
"mFlipHC/uf200-01","decayModelpositive","-734.959481138809","847.445439142887","-0.00171140075367909","0.882566110009769","27402.2429723767"
"mFlipHC/uf200-02","decayModelpositive","-1396.32381409435","1504.28689592282","-0.00128180309041265","0.7711521419085","52881.2612104908"
"mFlipHC/uf200-03","decayModelpositive","-927.694031685078","1039.60048381469","-0.000481544114340291","1.18658854959689","62786.2825808629"
"mFlipHC/uf200-04","decayModelpositive","-1329.72088988234","1437.21755292733","-0.00082175478911758","0.910757426147893","76656.012341227"
"mFlipHC/uf200-05","decayModelpositive","-471.681948445331","578.006952175225","-0.00338439443627259","0.750653771181446","7539.46175636727"
"mFlipHC/uf200-06","decayModelpositive","-9.3825362661303","115.347196882757","-0.0097854188952351","0.935447058405034","20.9923746388787"
"mFlipHC/uf200-07","decayModelpositive","66.2169150052296","38.62913568176","-0.016856327480058","1.15574004769144","254.039921408195"
"mFlipHC/uf200-08","decayModelpositive","76.981298977806","26.9510714690629","-0.000498892688202358","2.53480512620874","363.894149522247"
"mFlipHC/uf200-09","decayModelpositive","-2171.20784435961","2283.12873170879","-0.000933041314141685","0.752416436398721","161982.203060472"
"mFlipHC/uf200-10","decayModelpositive","-584.881781238812","695.692351114389","-0.00233211344989456","0.806663573829648","15378.6772528734"
"mFlipHC/uf225-01","decayModelpositive","-334.803736299326","455.353766860613","-0.00149359297270181","1.05121978571416","7009.2067082746"
"mFlipHC/uf225-02","decayModelpositive","-236.463172851461","358.386765123457","-0.00405849782067265","0.856164504322842","4039.26370906031"
"mFlipHC/uf225-03","decayModelpositive","-1111.65279613764","1231.83271976629","-0.00113035497754726","0.848345458949691","51257.9474684674"
"mFlipHC/uf225-04","decayModelpositive","-87.1489867198895","203.944628265542","-0.0062033759342811","0.878411351878741","499.133621882235"
"mFlipHC/uf225-05","decayModelpositive","-999.251002226071","1120.34931209544","-0.000857399833485799","0.981496918424599","62820.9175747277"
"mFlipHC/uf225-06","decayModelpositive","-4177.8156162828","4302.41153541657","-0.000924820999879546","0.56067547769337","197901.157805374"
"mFlipHC/uf225-07","decayModelpositive","78.8127496052476","38.9945806559474","-0.00872086701586292","1.37850357842504","397.081305733195"
"mFlipHC/uf225-08","decayModelpositive","43.2670539150776","71.1176435041626","-0.00350011794915227","1.32987520153327","74.1942970774934"
"mFlipHC/uf225-09","decayModelpositive","-838.395565199313","956.184224840838","-0.00137526763689428","0.87433717729426","22547.0436092593"
"mFlipHC/uf225-10","decayModelpositive","-636.048224994474","755.963348751493","-0.00260555120663228","0.766566011010893","17915.7850635886"
"mFlipHC/uf250-01","decayModelpositive","-78.460042866651","218.95704386776","-0.00459105861755337","1.01235686792064","556.695333934061"
"mFlipHC/uf250-02","decayModelpositive","-5713.63344248468","5850.04796151052","-0.000199365423712425","0.896618429782994","934445.598760492"
"mFlipHC/uf250-03","decayModelpositive","-7167.60222612743","7297.10996919299","-0.000106285105531824","0.96898991803972","1420378.66356639"
"mFlipHC/uf250-04","decayModelpositive","-662.265665707108","791.5876631611","-0.00090572807879827","1.01049715303201","29853.8139080666"
"mFlipHC/uf250-05","decayModelpositive","-1737.22525647571","1870.37666590293","-0.00103949217548799","0.753318938538464","68987.5441675113"
"mFlipHC/uf250-06","decayModelpositive","-797.45036646389","931.350908549182","-0.00340931138899667","0.645091713423527","23807.5747721799"
"mFlipHC/uf250-07","decayModelpositive","-721.567753596306","857.63735042987","-0.00138531152568461","0.919874225253461","20245.6175696769"
"mFlipHC/uf250-08","decayModelpositive","78.4938892332932","57.1430434539522","-0.0161268381890782","1.09361710254199","333.389864064195"
"mFlipHC/uf250-09","decayModelpositive","-1142.14687679751","1275.25062439661","-0.00130992054499409","0.818697281405477","44268.4334150235"
"mFlipHC/uf250-10","decayModelpositive","93.716615447568","43.4220384210189","-0.00891191412241756","1.35703430346849","448.977955991468"
"mFlipHCrs/uf020-01","decayModelpositive","0","0","0","0","1e+06"
"mFlipHCrs/uf020-02","decayModelpositive","0","0","0","0","1e+06"
"mFlipHCrs/uf020-03","decayModelpositive","0","0","0","0","1e+06"
"mFlipHCrs/uf020-04","decayModelpositive","0","0","0","0","1e+06"
"mFlipHCrs/uf020-05","decayModelpositive","0","0","0","0","1e+06"
"mFlipHCrs/uf020-06","decayModelpositive","0","0","0","0","1e+06"
"mFlipHCrs/uf020-07","decayModelpositive","0","0","0","0","1e+06"
"mFlipHCrs/uf020-08","decayModelpositive","0","0","0","0","1e+06"
"mFlipHCrs/uf020-09","decayModelpositive","0","0","0","0","1e+06"
"mFlipHCrs/uf020-10","decayModelpositive","0","0","0","0","1e+06"
"mFlipHCrs/uf050-01","decayModelpositive","-176.672133756311","25.9861355403421","2.05502046702137","-0.00714172726680797","3.49751644369858"
"mFlipHCrs/uf050-02","decayModelpositive","-496.20213806174","711.725624935288","-0.312987574502655","0.0133569497421128","9.14147621994836"
"mFlipHCrs/uf050-03","decayModelpositive","-123.012264978261","20.7596466293721","1.96477360256853","-0.00553246933975074","48.7804422903496"
"mFlipHCrs/uf050-04","decayModelpositive","-219.594478203931","29.9981861370009","2.10223406313614","-0.00384743688602962","23.0255149589004"
"mFlipHCrs/uf050-05","decayModelpositive","-442.9951278967","302.840242748588","0.434580329396634","-0.00873835860698232","41.042234081241"
"mFlipHCrs/uf050-06","decayModelpositive","-1361.67648042059","1386.45433567269","-0.000157224680830471","1.27471593809656","449025.401848477"
"mFlipHCrs/uf050-07","decayModelpositive","19.860238183634","6.19587850856045","-0.0183671618291162","1.96569426840454","103.755378499626"
"mFlipHCrs/uf050-08","decayModelpositive","-0.812477610001086","170.522107728215","-1.87457907258738","0.0532141301123819","13.5742579845691"
"mFlipHCrs/uf050-09","decayModelpositive","15.8858164957393","13.58086602935","-0.123909904197919","1.07602706736616","61.9516774105076"
"mFlipHCrs/uf050-10","decayModelpositive","18.8725556341496","8.6130162787654","-0.185001474765272","1.00818554920926","95.7880611613265"
"mFlipHCrs/uf075-01","decayModelpositive","28.4934440939475","12.6539084724209","-0.054484753213764","1.34997175325628","155.141249608535"
"mFlipHCrs/uf075-02","decayModelpositive","29.7783492527359","9.69523218597688","-0.00564605609519294","2.46635771845748","176.708840940937"
"mFlipHCrs/uf075-03","decayModelpositive","30.1878611574389","9.59850960790771","-6.25759087578509e-05","3.95632101926053","172.659156681097"
"mFlipHCrs/uf075-04","decayModelpositive","23.356397909236","19.5312937078537","-0.0407117751510875","1.12327479478189","101.75635788063"
"mFlipHCrs/uf075-05","decayModelpositive","-1172.33821038835","1215.80274679133","-0.00193206854251855","0.621462162383693","117625.92484316"
"mFlipHCrs/uf075-06","decayModelpositive","-1.28287559059118","163.582160511637","-1.44085765394652","0.0525706277793411","39.1687298683066"
"mFlipHCrs/uf075-07","decayModelpositive","29.9513828321294","8.74873902936315","-7.34365464986066e-05","4.27388649588191","174.915340124374"
"mFlipHCrs/uf075-08","decayModelpositive","-224.277525398667","38.9042513196516","1.91628960627235","-0.00658313599013539","23.3920452107913"
"mFlipHCrs/uf075-09","decayModelpositive","-648.07887516265","695.502229801134","-0.0104249239691377","0.299764016617069","615.612099339036"
"mFlipHCrs/uf075-10","decayModelpositive","-670.070448110472","989.260266263965","-0.333149035625047","0.015311222701147","9.27916756664354"
"mFlipHCrs/uf100-01","decayModelpositive","-2795.99454611993","2845.65419235031","-0.0002645192306213","0.85167583456427","891423.492921645"
"mFlipHCrs/uf100-02","decayModelpositive","-628.346825432702","697.986189474637","-0.0231000339246564","0.19724260322494","1768.6142070108"
"mFlipHCrs/uf100-03","decayModelpositive","37.519149956986","16.9805481977925","-0.0479380375657721","1.29098874192978","228.937060285801"
"mFlipHCrs/uf100-04","decayModelpositive","-1622.35025086831","1671.92713370637","-0.000587682325385764","0.744390395616847","234897.670845884"
"mFlipHCrs/uf100-05","decayModelpositive","-1569.29923058746","1664.77598523905","-0.026368183563798","0.0874817029952099","142.996401483393"
"mFlipHCrs/uf100-06","decayModelpositive","-1363.44367120926","1433.52871791334","-0.0115752795869035","0.200081231625792","91.7959806749057"
"mFlipHCrs/uf100-07","decayModelpositive","-140.84513985321","191.106275065495","-0.00221900046662176","0.983906503333176","3555.80464422911"
"mFlipHCrs/uf100-08","decayModelpositive","-579.807798447503","671.560162541607","-0.0569101175275606","0.108244641965238","359.115284460022"
"mFlipHCrs/uf100-09","decayModelpositive","-87.8961335820853","156.351917791354","-0.074827609149969","0.348090625678886","1041.98041953694"
"mFlipHCrs/uf100-10","decayModelpositive","-466.825720454029","523.180815650927","-0.00551030908103993","0.567285371923428","24288.5417678738"
"mFlipHCrs/uf125-01","decayModelpositive","-1495.76805600257","1561.46088257471","-0.000197866821221327","1.12243761814376","303473.971249015"
"mFlipHCrs/uf125-02","decayModelpositive","-1382.51971653894","1457.75262656326","-0.00509071281675922","0.325654855319582","13380.6516467626"
"mFlipHCrs/uf125-03","decayModelpositive","-2430.25609134238","2517.66384344397","-0.0083222804906184","0.160924687206391","93.6226710783701"
"mFlipHCrs/uf125-04","decayModelpositive","-243.719544095297","384.868153442416","-0.217411593319115","0.0539237984389506","54.1001235061222"
"mFlipHCrs/uf125-05","decayModelpositive","-408.048180286335","54.3308949146067","2.17097956111887","-0.00464587336513198","61.0076157244005"
"mFlipHCrs/uf125-06","decayModelpositive","-1060.94850841454","1143.77483331329","-0.0160465657093264","0.175761740305708","492.074678507285"
"mFlipHCrs/uf125-07","decayModelpositive","-1425.01331720687","1497.31977353673","-0.00349114882288686","0.43420876312385","8667.31643396091"
"mFlipHCrs/uf125-08","decayModelpositive","-534.912165229358","677.752314510932","-0.112208574320619","0.0746623267106191","22.9647185082617"
"mFlipHCrs/uf125-09","decayModelpositive","-86.7169544706506","155.04646978177","-0.016305305455225","0.589433178276961","1034.96208074946"
"mFlipHCrs/uf125-10","decayModelpositive","43.2674713573539","21.3999101958575","-0.00110851246207551","2.04950977831134","251.522891187762"
"mFlipHCrs/uf150-01","decayModelpositive","41.2920961623191","39.3207226758432","-0.0438155497729636","0.798648794485899","188.474441160379"
"mFlipHCrs/uf150-02","decayModelpositive","-167.311680962886","252.986767412008","-0.0225422756954537","0.407522016016769","2105.88454833538"
"mFlipHCrs/uf150-03","decayModelpositive","-1832.35142317153","1921.53011704829","-0.00322932405375173","0.417223315593713","93710.4891990857"
"mFlipHCrs/uf150-04","decayModelpositive","-3736.01789758996","3833.56072459872","-0.00374683718528976","0.268782361950036","4544.1452419513"
"mFlipHCrs/uf150-05","decayModelpositive","-611.203715456569","694.406425936286","-0.00294797106163968","0.683891855219098","39343.094531056"
"mFlipHCrs/uf150-06","decayModelpositive","48.1458159760499","30.8161756434621","-0.00320285886752723","1.54714912425215","259.770359959537"
"mFlipHCrs/uf150-07","decayModelpositive","-981.809364313648","1059.4538099908","-0.00083546924322014","0.799643257199311","101222.025002837"
"mFlipHCrs/uf150-08","decayModelpositive","-2293.79388476599","2370.79566456514","-0.000319910885383065","0.855699134941399","451092.661263814"
"mFlipHCrs/uf150-09","decayModelpositive","-2779.63374080827","2867.99438449273","-0.0033170290897306","0.289165516649499","6363.04685203503"
"mFlipHCrs/uf150-10","decayModelpositive","-536.395004767699","619.710824489934","-0.00646265782473938","0.457450565581352","12609.0667042479"
"mFlipHCrs/uf175-01","decayModelpositive","-2677.55669559123","2782.71456855833","-0.00290283070092887","0.370680534971121","93871.7113409571"
"mFlipHCrs/uf175-02","decayModelpositive","-23.4138430059251","117.641788324971","-0.00989872236639669","0.792954911855171","94.2729853547478"
"mFlipHCrs/uf175-03","decayModelpositive","-5154.65812871067","5246.72616706795","-0.000186222915621169","0.816488005820074","1817460.0757834"
"mFlipHCrs/uf175-04","decayModelpositive","-1375.00186067607","1466.79162551582","-0.000804089869010329","0.749397730210371","171144.904544343"
"mFlipHCrs/uf175-05","decayModelpositive","-2855.81295824858","2944.51291206634","-0.000423811292071713","0.694885992041351","393446.523128882"
"mFlipHCrs/uf175-06","decayModelpositive","43.6729113146778","46.6795227301604","-0.0646212176466225","0.610051190963621","188.828519467668"
"mFlipHCrs/uf175-07","decayModelpositive","-2848.5122087848","2995.15267211552","-0.0174254569996938","0.106371478297468","203.365096839529"
"mFlipHCrs/uf175-08","decayModelpositive","65.5237280278519","27.2823490756968","-0.0205954477216146","1.27841981024327","470.495334520884"
"mFlipHCrs/uf175-09","decayModelpositive","4.79041746444686","96.3356362704711","-0.0468779596112286","0.555554723635784","3.40479659368697"
"mFlipHCrs/uf175-10","decayModelpositive","-3136.16477131973","3227.67932724032","-0.00038404576677075","0.726988526639023","714914.262711563"
"mFlipHCrs/uf200-01","decayModelpositive","-3677.69789711641","3792.63254932646","-0.00143687936137576","0.464058915986787","297128.269708608"
"mFlipHCrs/uf200-02","decayModelpositive","-1791.20582304169","1902.86390512169","-0.00262120330800144","0.469902938617534","137429.45696497"
"mFlipHCrs/uf200-03","decayModelpositive","-809.909753099689","912.066606086421","-0.000635133946156051","0.934048112082035","65197.3505126377"
"mFlipHCrs/uf200-04","decayModelpositive","-5643.47270993404","5755.94029561165","-0.000939271713745267","0.460481884805838","409253.571011925"
"mFlipHCrs/uf200-05","decayModelpositive","-3941.52100724066","4047.64432004885","-0.000654885327957278","0.575837025961977","470356.690346447"
"mFlipHCrs/uf200-06","decayModelpositive","-5118.54038293984","5243.2314570955","-0.00325804646095291","0.237984039254015","11357.158447683"
"mFlipHCrs/uf200-07","decayModelpositive","-2178.88693000588","2287.82536417493","-0.00214839801609484","0.431261635787527","90564.1762546744"
"mFlipHCrs/uf200-08","decayModelpositive","69.3336106599164","37.3523612227826","-0.00962703950103213","1.22658374435668","385.497504068095"
"mFlipHCrs/uf200-09","decayModelpositive","-2927.64683275406","3045.32925991822","-0.00287538236146868","0.363881208745879","79139.6567692902"
"mFlipHCrs/uf200-10","decayModelpositive","-267.60649363342","383.12906652247","-0.0207663057108182","0.40644574965893","5179.00003334024"
"mFlipHCrs/uf225-01","decayModelpositive","-3406.36078567792","3520.96965711483","-0.000505929725331531","0.632927620499207","519792.910984212"
"mFlipHCrs/uf225-02","decayModelpositive","-3760.87832213764","3880.44529667187","-0.000942156801724177","0.509029483796643","175957.888439419"
"mFlipHCrs/uf225-03","decayModelpositive","-446.84891601777","570.421997096972","-0.00666901993487253","0.545577040485386","12917.9474500671"
"mFlipHCrs/uf225-04","decayModelpositive","-6421.49589267509","6543.88358042202","-0.000529547582126486","0.529499068967373","1035800.64847751"
"mFlipHCrs/uf225-05","decayModelpositive","-122.737309111451","236.412888651892","-0.00285183082493581","0.871133136790236","1541.35071619016"
"mFlipHCrs/uf225-06","decayModelpositive","-1609.48820686669","1738.90624277573","-0.00602694610719721","0.312815619476625","31790.427043883"
"mFlipHCrs/uf225-07","decayModelpositive","72.5125633067506","47.7639324602854","-0.00584193891665619","1.22701725622236","429.014453389958"
"mFlipHCrs/uf225-08","decayModelpositive","-1356.31738579588","1478.32114349414","-0.00239644886345223","0.549189272375692","93384.2921083947"
"mFlipHCrs/uf225-09","decayModelpositive","83.8358127956949","34.6465616841248","-0.00668457514495844","1.3967255748839","526.233610260777"
"mFlipHCrs/uf225-10","decayModelpositive","-3199.14881098578","3318.7141340476","-0.000388662448464087","0.775607153422763","589244.303032456"
"mFlipHCrs/uf250-01","decayModelpositive","-1501.22380480558","1637.8491151491","-0.00284644234250139","0.512934431728375","98211.9837196077"
"mFlipHCrs/uf250-02","decayModelpositive","-6165.43006037596","6296.46447356167","-0.000304400228391141","0.651807110065883","1305863.36963708"
"mFlipHCrs/uf250-03","decayModelpositive","-3456.35129241385","3598.32889480005","-0.00331839018870024","0.313628802259956","51377.7731458062"
"mFlipHCrs/uf250-04","decayModelpositive","-4345.74793318896","4480.61086017923","-0.000536926579352834","0.651005215607065","782055.621477966"
"mFlipHCrs/uf250-05","decayModelpositive","-85.8066526166345","220.243568639915","-0.00911452452019254","0.701004872957312","663.467015020625"
"mFlipHCrs/uf250-06","decayModelpositive","-1871.59964270536","2004.70768476289","-0.000551373684507493","0.818936187969117","256580.491502967"
"mFlipHCrs/uf250-07","decayModelpositive","-2371.59956572806","2508.21362521827","-0.00205859888892637","0.462769625607528","147509.716234795"
"mFlipHCrs/uf250-08","decayModelpositive","-1845.93945502131","1974.0486168036","-0.00107268730565821","0.639300322313632","202795.581068047"
"mFlipHCrs/uf250-09","decayModelpositive","-1482.91645613109","1612.58329333781","-0.000943448154440985","0.691157784263378","139101.336610759"
"mFlipHCrs/uf250-10","decayModelpositive","-5146.79671215598","5279.4838734743","-0.000281804562831447","0.74200941915222","1533613.625743"
