"model","instance_file","a","b","c","d","residuals"
"1FlipHC/uf020-01/","expLinearModelpositive","0.494893504761523","450","-1.49075593736393","14.9312459483993","154.595337202618"
"1FlipHC/uf020-01/","expLinearModelpositive","0.494893537386115","450","-1.49075595342671","14.9312454097405","154.595337202618"
"1FlipHC/uf020-02/","expLinearModelpositive","0.306105089070075","480","-1.41618678473407","15.1174995456676","127.256551223926"
"1FlipHC/uf020-03/","expLinearModelpositive","0.816415933564196","600","-1.50154651370091","14.0674291836295","172.399135738992"
"1FlipHC/uf020-04/","expLinearModelpositive","1.02095191592561","510","-1.57405518731175","10.620277458316","193.763941555622"
"1FlipHC/uf020-05/","expLinearModelpositive","0.3507834687381","600","-1.39868871173359","17.1759476681125","188.918753925801"
"1FlipHC/uf020-06/","expLinearModelpositive","0.746734934637735","540","-1.41205088624762","16.4377525645981","159.738428346588"
"1FlipHC/uf020-07/","expLinearModelpositive","0.610351500888681","480","-1.4408006105993","14.714464268345","154.371603042311"
"1FlipHC/uf020-08/","expLinearModelpositive","0.587275331040445","460.204020769635","-1.45708146213257","12.7144810660801","112.381103475098"
"1FlipHC/uf020-09/","expLinearModelpositive","0.75963966033412","480","-1.47534746680269","11.8858763148247","110.313934086962"
"1FlipHC/uf020-10/","expLinearModelpositive","0.587131513515835","510","-1.58333874703401","10.6291943298112","176.486992928183"
"1FlipHC/uf050-01/","expLinearModelpositive","0.534178225114599","1050","-1.09806413776864","29.201565539533","358.222775162903"
"1FlipHC/uf050-02/","expLinearModelpositive","0.640271894699265","990","-1.08725057949403","25.922361500316","314.943589046957"
"1FlipHC/uf050-03/","expLinearModelpositive","0.076996554813881","1140","-1.10578882740154","27.9098503813341","477.173177471402"
"1FlipHC/uf050-04/","expLinearModelpositive","0.689302016209106","1110","-1.0692126176482","31.0300409088455","304.06075397213"
"1FlipHC/uf050-05/","expLinearModelpositive","-0.17886696943655","990","-1.11534261995164","24.6491376013922","452.066696289376"
"1FlipHC/uf050-06/","expLinearModelpositive","0.443013601377499","1020","-1.03742538449544","30.9763699510105","269.244762550973"
"1FlipHC/uf050-07/","expLinearModelpositive","0.521452660527306","1080","-1.08348802306042","28.5574989763669","295.221783702077"
"1FlipHC/uf050-08/","expLinearModelpositive","0.891488748331071","1110","-1.12792276669771","26.1867082524422","293.041518279999"
"1FlipHC/uf050-09/","expLinearModelpositive","0.32461121808025","1020","-1.06984206216231","29.0615497849276","320.956691429847"
"1FlipHC/uf050-10/","expLinearModelpositive","0.514218365256642","1080","-1.10472570260233","27.4099977114165","441.273103371255"
"1FlipHC/uf075-01/","expLinearModelpositive","0.632454587537143","1530","-0.965054946590333","42.2813449313114","494.210573860219"
"1FlipHC/uf075-02/","expLinearModelpositive","0.214493163820279","1620","-1.00862470913259","37.3601691497764","540.486667608895"
"1FlipHC/uf075-03/","expLinearModelpositive","1.66957578789103","1620","-1.00229146978642","39.7361578723738","452.680592269173"
"1FlipHC/uf075-04/","expLinearModelpositive","1.21259093708074","1440","-0.978725553894335","41.2944611533851","437.188690911944"
"1FlipHC/uf075-05/","expLinearModelpositive","1.06821687722279","1860","-1.0502315886773","36.5073228369104","593.469648101964"
"1FlipHC/uf075-06/","expLinearModelpositive","0.679227946756492","1530","-0.978843925164169","43.5706231648109","440.517505071193"
"1FlipHC/uf075-07/","expLinearModelpositive","0.939332247463362","1500","-0.958950618861693","45.8787559515634","458.490512005098"
"1FlipHC/uf075-08/","expLinearModelpositive","0.783406814110917","1650","-1.01467666719325","34.1368072144068","562.577469187757"
"1FlipHC/uf075-09/","expLinearModelpositive","-0.357286786225317","1560","-0.988244544984538","36.8557375512293","536.353744115903"
"1FlipHC/uf075-10/","expLinearModelpositive","-0.328771591573736","1680","-0.992524958251971","40.1214229554683","622.547152782255"
"1FlipHC/uf100-01/","expLinearModelpositive","0.561624290760185","1950","-0.907283043418114","47.0202433429181","499.971560695059"
"1FlipHC/uf100-02/","expLinearModelpositive","0.653774117409264","1950","-0.916744420043506","47.4114924823412","594.7612089062"
"1FlipHC/uf100-03/","expLinearModelpositive","0.677898722081373","2040","-0.913161842619765","50.4316409892974","397.323308396551"
"1FlipHC/uf100-04/","expLinearModelpositive","0.0668689337060455","1860","-0.903106501705146","49.0343483972763","511.021163832264"
"1FlipHC/uf100-05/","expLinearModelpositive","0.260296641907112","2040","-0.90819177218206","51.6398643623672","865.35034195011"
"1FlipHC/uf100-06/","expLinearModelpositive","-1.73134064805698","2250","-0.94640195375816","44.9529089103953","726.983060584492"
"1FlipHC/uf100-07/","expLinearModelpositive","-0.0341597321774805","1980","-0.902030667058931","52.2930668920948","665.8147343422"
"1FlipHC/uf100-08/","expLinearModelpositive","1.19951998398124","2100","-0.936955536269862","49.2885473636731","861.586434690023"
"1FlipHC/uf100-09/","expLinearModelpositive","0.895848284279637","2070","-0.928152574703306","48.3720628402357","632.62623224573"
"1FlipHC/uf100-10/","expLinearModelpositive","33.5587215495735","0.0334665429702611","-0.0730722812613001","-0.999999999805189","76187.4785898747"
"1FlipHC/uf125-01/","expLinearModelpositive","0.51210816666485","2280","-0.854097801092238","57.4353814990541","536.064916164266"
"1FlipHC/uf125-02/","expLinearModelpositive","1.24645492577887","2430","-0.878729549760967","57.039632028458","639.549558386995"
"1FlipHC/uf125-03/","expLinearModelpositive","0.0214085480309797","2565.31006647097","-0.905835034228283","50.7330023545215","1107.38997450473"
"1FlipHC/uf125-04/","expLinearModelpositive","0.0981332010494625","2400","-0.875029472394308","57.4745586000832","1051.11244690353"
"1FlipHC/uf125-05/","expLinearModelpositive","0.130608801974218","2640","-0.882208327970061","64.1458650419848","723.000913276363"
"1FlipHC/uf125-06/","expLinearModelpositive","1.06246831262007","2550","-0.880428738696707","64.4330059909037","670.910492793056"
"1FlipHC/uf125-07/","expLinearModelpositive","-1.18578541253276","2460","-0.880394014337981","57.3672340655557","1128.28443057113"
"1FlipHC/uf125-08/","expLinearModelpositive","-0.191324423467916","2370","-0.859466938968932","58.4115306861176","791.019186189612"
"1FlipHC/uf125-09/","expLinearModelpositive","-0.000693923682933836","2550","-0.871739402660779","56.1471410359489","869.149843700449"
"1FlipHC/uf125-10/","expLinearModelpositive","0.569263593363102","2520","-0.876075947272505","58.9853102468774","716.968847666524"
"1FlipHC/uf150-01/","expLinearModelpositive","-0.374420405967407","3000","-0.854546070657709","63.1027799153843","1156.98912881003"
"1FlipHC/uf150-02/","expLinearModelpositive","0.496035962218545","3000","-0.847367520269374","69.458606693674","1077.70579289562"
"1FlipHC/uf150-03/","expLinearModelpositive","0.480864608476376","3270","-0.863263590817788","66.2058567365299","1179.39887905631"
"1FlipHC/uf150-04/","expLinearModelpositive","46.5795503126362","0.000262838519270112","-0.217137796469885","-0.999999999789505","152721.981641813"
"1FlipHC/uf150-05/","expLinearModelpositive","0.673104710603948","2880","-0.858550232173891","61.6836017187289","903.735724620051"
"1FlipHC/uf150-06/","expLinearModelpositive","-0.0103430112698701","2820","-0.83237297523981","65.9532073166972","979.448733810259"
"1FlipHC/uf150-07/","expLinearModelpositive","0.601492023301759","2730","-0.832160295598902","67.5732399523978","925.071396025409"
"1FlipHC/uf150-08/","expLinearModelpositive","-1.08323974695529","3120","-0.854237412370333","63.0757702107552","1287.65348470663"
"1FlipHC/uf150-09/","expLinearModelpositive","0.152880783919442","2760","-0.833782213524877","64.2414694109327","910.334017391614"
"1FlipHC/uf150-10/","expLinearModelpositive","0.542285885424424","3150","-0.867752661539317","66.8261247519929","1158.92990114032"
"1FlipHC/uf175-01/","expLinearModelpositive","1.09581209559021","3120","-0.819314132896751","68.4112317579379","1067.95054654054"
"1FlipHC/uf175-02/","expLinearModelpositive","0.117414835780527","3420","-0.816607723771259","77.3642560220099","1483.22617254256"
"1FlipHC/uf175-03/","expLinearModelpositive","-0.234333526830113","3450","-0.825519691992377","72.8713945165761","1336.55435215035"
"1FlipHC/uf175-04/","expLinearModelpositive","0.53670248127086","3180","-0.811327465687424","71.4174466903988","860.455958099579"
"1FlipHC/uf175-05/","expLinearModelpositive","0.49035927647583","3180","-0.806163309566688","72.2981480736161","1274.08803995883"
"1FlipHC/uf175-06/","expLinearModelpositive","0.046204518212957","3420","-0.824047862473155","70.0069433794685","1180.19176504285"
"1FlipHC/uf175-07/","expLinearModelpositive","-0.393973960606065","3600","-0.841138486437866","67.4242239337776","1087.53134697766"
"1FlipHC/uf175-08/","expLinearModelpositive","-0.462012234408657","3210","-0.821371724128993","64.8988293412638","1200.09673645049"
"1FlipHC/uf175-09/","expLinearModelpositive","0.115687464919216","3330","-0.821661370739114","70.4774983379255","939.698646281725"
"1FlipHC/uf175-10/","expLinearModelpositive","0.564574900221238","3450","-0.818743322944674","81.0023476155416","1249.15496161945"
"1FlipHC/uf200-01/","expLinearModelpositive","0.340245058367952","3690","-0.795359057784499","75.0011474938354","1374.90138892225"
"1FlipHC/uf200-02/","expLinearModelpositive","0.6922778964665","3960","-0.807011502853767","83.1347736454425","1358.51322965729"
"1FlipHC/uf200-03/","expLinearModelpositive","-0.314085988626546","3840","-0.813546782892171","73.4888788958583","1797.97836168344"
"1FlipHC/uf200-04/","expLinearModelpositive","0.983429381643563","3570","-0.801031590060194","78.2832885159787","1146.88861405524"
"1FlipHC/uf200-05/","expLinearModelpositive","0.473259091883313","3750","-0.794297601557773","86.5672847021138","1329.34305179886"
"1FlipHC/uf200-06/","expLinearModelpositive","0.0452116953299865","3630","-0.792909891907047","75.0020506731704","1004.96855710386"
"1FlipHC/uf200-07/","expLinearModelpositive","0.671745211177628","3630","-0.795882510117458","81.985266508268","1218.10041400745"
"1FlipHC/uf200-08/","expLinearModelpositive","0.755277227073443","3630","-0.804419922521162","76.5544628259398","1264.55877997061"
"1FlipHC/uf200-09/","expLinearModelpositive","0.5862521381757","3750","-0.805470240769298","78.1250527160676","1410.81686477522"
"1FlipHC/uf200-10/","expLinearModelpositive","0.658603671474758","3930","-0.804733494624498","77.4294954254487","1236.59176271302"
"1FlipHC/uf225-01/","expLinearModelpositive","0.101226394979416","4170","-0.788051041108184","86.6456376166539","2057.76921814212"
"1FlipHC/uf225-02/","expLinearModelpositive","-1.36865110508943","4020","-0.77239637417333","86.1195301375276","1824.66467114683"
"1FlipHC/uf225-03/","expLinearModelpositive","0.509885882418551","4200","-0.785349998189001","88.196951116779","1717.07659358259"
"1FlipHC/uf225-04/","expLinearModelpositive","0.697042821185546","4140","-0.785835439249076","83.0063116898339","1592.05557642738"
"1FlipHC/uf225-05/","expLinearModelpositive","-0.632694146719212","4500","-0.797822630940176","81.9743952742711","2172.07257807955"
"1FlipHC/uf225-06/","expLinearModelpositive","0.851182978138638","3960","-0.77115875833851","84.269883778418","1131.99101657278"
"1FlipHC/uf225-07/","expLinearModelpositive","0.66994607639707","4350","-0.792153553331491","86.3316193651821","1815.27031680411"
"1FlipHC/uf225-08/","expLinearModelpositive","0.505280920886024","4140","-0.787543015824737","82.9663848304439","1243.68473198842"
"1FlipHC/uf225-09/","expLinearModelpositive","0.958243033598351","3960","-0.76522847664239","93.6100499696837","1163.14870726894"
"1FlipHC/uf225-10/","expLinearModelpositive","-0.15607480281191","4380","-0.791515611521386","85.3735303038775","2034.14977156705"
"1FlipHC/uf250-01/","expLinearModelpositive","44.3790931984821","11.6296675286185","-0.0114064435927406","-0.999999999622009","278001.51040094"
"1FlipHC/uf250-02/","expLinearModelpositive","0.181352767845666","4560","-0.762689357806911","93.0468110865724","1677.92701045048"
"1FlipHC/uf250-03/","expLinearModelpositive","0.503879559880856","4620","-0.774418242428853","94.0633728924876","1450.18323112257"
"1FlipHC/uf250-04/","expLinearModelpositive","-0.821299957536201","4800","-0.787280598079277","82.6618281226604","2220.32713242944"
"1FlipHC/uf250-05/","expLinearModelpositive","0.547062066304125","4470","-0.757563317311387","98.1219660552619","1548.89465356402"
"1FlipHC/uf250-06/","expLinearModelpositive","-0.290673790552881","4650","-0.770232523396705","93.4998191386793","2294.21527067705"
"1FlipHC/uf250-07/","expLinearModelpositive","0.48982906433132","4830","-0.775488390095554","94.9365176708312","2014.22439499833"
"1FlipHC/uf250-08/","expLinearModelpositive","-0.509750345989414","4620","-0.770781121330477","88.7727898277244","1894.72378377433"
"1FlipHC/uf250-09/","expLinearModelpositive","0.322556260683299","4770","-0.771614219758187","92.6738225725904","1543.69269745953"
"1FlipHC/uf250-10/","expLinearModelpositive","0.265356936464791","4410","-0.76489272925245","87.8544553197111","1613.61895914501"
"1FlipHCrs/uf020-01/","expLinearModelpositive","0.292812027429941","480","-1.19060677569346","27.8869571938462","109.63178204509"
"1FlipHCrs/uf020-01/","expLinearModelpositive","0.292812039718958","480","-1.19060678144555","27.8869565630564","109.63178204509"
"1FlipHCrs/uf020-02/","expLinearModelpositive","0.18441144477194","151.110904138869","-1.00649024754073","13.9427981607539","95.5387644691662"
"1FlipHCrs/uf020-03/","expLinearModelpositive","0.188354772315716","43.8969668277306","-0.690713988170799","6.98916331071832","89.6072221441384"
"1FlipHCrs/uf020-04/","expLinearModelpositive","0.356785028780131","119.484804041673","-0.944674959686832","13.8691389185552","89.3181036098418"
"1FlipHCrs/uf020-05/","expLinearModelpositive","-0.499179765637718","24.5763970551871","-0.4747670552778","4.32626888321077","95.1869835773337"
"1FlipHCrs/uf020-06/","expLinearModelpositive","-0.0226816514089635","54.166789361249","-0.70072909831576","8.20374312122344","126.209703145681"
"1FlipHCrs/uf020-07/","expLinearModelpositive","0.195454055778903","540","-1.24454262546096","24.9018889320342","131.824109409333"
"1FlipHCrs/uf020-08/","expLinearModelpositive","-0.379780410786868","15.8578429701541","-0.40806218840764","1.12148841879008","94.2333255988025"
"1FlipHCrs/uf020-09/","expLinearModelpositive","0.15200401879357","41.0644786811877","-0.662177597489572","6.03882180354919","105.079134789402"
"1FlipHCrs/uf020-10/","expLinearModelpositive","0.368349918316252","275.407160828945","-1.17217306197707","16.9432851893664","124.734932641635"
"1FlipHCrs/uf050-01/","expLinearModelpositive","-0.182936809758523","188.850094416843","-0.602027723270282","26.7251193259987","240.369128761356"
"1FlipHCrs/uf050-02/","expLinearModelpositive","0.403194315827407","773.848430219448","-0.873626188672027","50.8311175253737","286.411313888238"
"1FlipHCrs/uf050-03/","expLinearModelpositive","-0.604120918098476","421.222294101327","-0.734621195439657","42.5865915920308","236.62464992302"
"1FlipHCrs/uf050-04/","expLinearModelpositive","-0.407307522822393","219.404067789626","-0.600846521521183","30.8313768977791","208.058064518285"
"1FlipHCrs/uf050-05/","expLinearModelpositive","-0.63115246208167","306.733263279534","-0.703536217617717","35.7509068108218","361.103484353811"
"1FlipHCrs/uf050-06/","expLinearModelpositive","0.302915607709502","563.299138011446","-0.796915570811914","51.9497710958085","260.814036434819"
"1FlipHCrs/uf050-07/","expLinearModelpositive","-0.327413218856369","419.049887457688","-0.708762000875424","51.4476772251284","281.125661715488"
"1FlipHCrs/uf050-08/","expLinearModelpositive","-0.0311861234013004","146.872461611634","-0.544349190242604","24.1233895817656","197.66883483697"
"1FlipHCrs/uf050-09/","expLinearModelpositive","-0.898939336687685","150.425291197323","-0.550894149978311","20.6471284563232","304.179798868001"
"1FlipHCrs/uf050-10/","expLinearModelpositive","-0.015986169858916","1020","-0.887943360019246","65.2643988412025","257.913089042561"
"1FlipHCrs/uf075-01/","expLinearModelpositive","-0.27905018403183","1105.57640772553","-0.741842360303171","94.3404458522896","412.600613360923"
"1FlipHCrs/uf075-02/","expLinearModelpositive","-0.166990028584465","1427.82302754496","-0.808128955119613","91.2742063397292","412.754246846714"
"1FlipHCrs/uf075-03/","expLinearModelpositive","0.142381622246143","365.792431415623","-0.564648036178679","56.3968825286594","264.21489566184"
"1FlipHCrs/uf075-04/","expLinearModelpositive","0.254001912808725","598.591061742223","-0.654719194970526","72.3183659138078","368.82582474225"
"1FlipHCrs/uf075-05/","expLinearModelpositive","-0.0347573582104968","368.765292739624","-0.593312770449696","45.5608470800732","388.213800294937"
"1FlipHCrs/uf075-06/","expLinearModelpositive","-0.263119036082515","495.298985366003","-0.625053109720582","60.9297774075786","295.494459352801"
"1FlipHCrs/uf075-07/","expLinearModelpositive","-0.235181038480345","387.282630962481","-0.574332267828431","52.7487687403501","375.786792787859"
"1FlipHCrs/uf075-08/","expLinearModelpositive","0.0318285941433364","509.364123551157","-0.646780261369626","54.2511248171709","398.073541647"
"1FlipHCrs/uf075-09/","expLinearModelpositive","-0.1627473172765","2199.93359043911","-0.868620037037297","107.11138465303","399.268946671534"
"1FlipHCrs/uf075-10/","expLinearModelpositive","-0.819344212647405","375.902553427525","-0.618963872841374","38.8749592184451","575.935391599925"
"1FlipHCrs/uf100-01/","expLinearModelpositive","-0.654104065648362","453.314697369929","-0.525828794924947","70.0746205018834","565.037062965643"
"1FlipHCrs/uf100-02/","expLinearModelpositive","0.355139845270217","1767.51454247569","-0.745283776814802","127.926038353287","479.483232768881"
"1FlipHCrs/uf100-03/","expLinearModelpositive","-0.255971408115233","980.184055395246","-0.641644000641504","107.828767156072","477.786165321286"
"1FlipHCrs/uf100-04/","expLinearModelpositive","-0.0864977249294311","2102.30115852972","-0.748685082034656","159.065091584451","531.670675691178"
"1FlipHCrs/uf100-05/","expLinearModelpositive","0.0531815220810706","1168.37785950486","-0.683544793431344","105.742705663452","472.019397014445"
"1FlipHCrs/uf100-06/","expLinearModelpositive","-2.35803803046119","1045.47282125229","-0.668509508852929","90.8614259691685","670.732350943653"
"1FlipHCrs/uf100-07/","expLinearModelpositive","-0.783740503224684","927.069057668754","-0.650218433008252","86.7303670156325","568.453535378033"
"1FlipHCrs/uf100-08/","expLinearModelpositive","0.337073120465949","1776.09781398507","-0.736311122813835","132.96149609051","475.335399225836"
"1FlipHCrs/uf100-09/","expLinearModelpositive","-0.195219315242901","561.3477964101","-0.552065573713183","71.9360839998206","443.296212555404"
"1FlipHCrs/uf100-10/","expLinearModelpositive","-0.184228601939035","1017.68560326851","-0.659280687107273","97.5118234455994","498.675736569412"
"1FlipHCrs/uf125-01/","expLinearModelpositive","-0.213255394357913","1203.98596275881","-0.620594577097916","116.197736076355","656.486252654827"
"1FlipHCrs/uf125-02/","expLinearModelpositive","0.185743020842438","951.633420799366","-0.575669739928205","110.781794099112","685.285709565614"
"1FlipHCrs/uf125-03/","expLinearModelpositive","-0.873758412115367","1891.61454891173","-0.682006516410617","144.403393251196","694.166357546699"
"1FlipHCrs/uf125-04/","expLinearModelpositive","-0.930961003913398","1257.17818131075","-0.62644915862514","128.848848458903","799.024560075701"
"1FlipHCrs/uf125-05/","expLinearModelpositive","-0.245080954618787","2116.37377954783","-0.704020149048842","154.842631110312","781.116951873584"
"1FlipHCrs/uf125-06/","expLinearModelpositive","-0.0293926257218476","1788.56801082851","-0.674604962126349","142.953921994779","625.762023369271"
"1FlipHCrs/uf125-07/","expLinearModelpositive","-1.04757874375103","3346.72874537874","-0.778496420879897","164.996104239372","809.725441964645"
"1FlipHCrs/uf125-08/","expLinearModelpositive","-0.562067879467802","1464.48822563138","-0.643441307604101","133.176666982225","612.034795527719"
"1FlipHCrs/uf125-09/","expLinearModelpositive","-0.400116776127633","1694.13346829429","-0.665842478956003","140.839528720095","617.388164894647"
"1FlipHCrs/uf125-10/","expLinearModelpositive","-0.360087958092017","1090.55564870937","-0.602969305947248","111.089843815989","614.462686479502"
"1FlipHCrs/uf150-01/","expLinearModelpositive","-1.63744270184997","1271.67903266764","-0.579158235445803","117.506759815019","878.914081470325"
"1FlipHCrs/uf150-02/","expLinearModelpositive","-0.673420622541992","1432.39831216406","-0.597227985688435","142.779603655119","941.611563125853"
"1FlipHCrs/uf150-03/","expLinearModelpositive","-0.412324626935816","1193.80698110594","-0.575253577659313","126.386207069699","890.134193277574"
"1FlipHCrs/uf150-04/","expLinearModelpositive","-0.882743014835291","1540.44792137566","-0.602605337861604","152.517757901642","829.836048894988"
"1FlipHCrs/uf150-05/","expLinearModelpositive","-0.403994658189383","1377.62593288113","-0.588716495941226","138.871821469551","1012.78646899303"
"1FlipHCrs/uf150-06/","expLinearModelpositive","-0.840214568441975","1042.97316573462","-0.550710011258384","117.54554805946","785.245431791777"
"1FlipHCrs/uf150-07/","expLinearModelpositive","0.000243165966587633","1632.16402227447","-0.607981152516965","161.595619009885","764.210426013316"
"1FlipHCrs/uf150-08/","expLinearModelpositive","-2.50019379957183","1225.36826456405","-0.573888360222932","132.954924445111","1172.17264499807"
"1FlipHCrs/uf150-09/","expLinearModelpositive","-0.186177305639516","2009.16754577563","-0.646446538610842","168.623583309992","979.097654336212"
"1FlipHCrs/uf150-10/","expLinearModelpositive","-2.0872436051468","769.76861508337","-0.500568666419803","96.1558579081483","881.710755117823"
"1FlipHCrs/uf175-01/","expLinearModelpositive","-0.0270977809645534","1272.0950024226","-0.554124466906478","125.966436047697","1103.25373209649"
"1FlipHCrs/uf175-02/","expLinearModelpositive","-0.618599598396525","1394.64940306697","-0.551849958235727","152.456743683333","947.663383409537"
"1FlipHCrs/uf175-03/","expLinearModelpositive","-1.30303428460734","1197.7132673042","-0.535804807650392","123.621594416419","1204.42844042045"
"1FlipHCrs/uf175-04/","expLinearModelpositive","-0.569374521738775","1686.94487898494","-0.569537259801111","180.518687652065","961.838578777337"
"1FlipHCrs/uf175-05/","expLinearModelpositive","-0.00278354492291444","2395.66846496624","-0.628563629511981","191.565926260205","1095.20490126002"
"1FlipHCrs/uf175-06/","expLinearModelpositive","0.0284071834572078","2000.5850001342","-0.612923038936895","163.243818969449","957.45466854764"
"1FlipHCrs/uf175-07/","expLinearModelpositive","-0.466245369670798","2920.90618430346","-0.667021099243633","205.500413192004","1356.87027315664"
"1FlipHCrs/uf175-08/","expLinearModelpositive","-0.872891583092383","2308.64499473265","-0.630841054978523","178.911856359673","1364.31038095107"
"1FlipHCrs/uf175-09/","expLinearModelpositive","0.205951693356224","2723.93935850305","-0.652104294260323","201.990598563468","1031.03500956736"
"1FlipHCrs/uf175-10/","expLinearModelpositive","-0.871647724978871","1450.86200814032","-0.550958103378325","155.170618398854","1143.18359891919"
"1FlipHCrs/uf200-01/","expLinearModelpositive","-0.143274167271126","1978.67474374427","-0.572089451964989","186.935146397701","1294.56046240189"
"1FlipHCrs/uf200-02/","expLinearModelpositive","-0.0174995105999069","2183.61074936983","-0.585994697746816","185.986735465959","1501.58392266812"
"1FlipHCrs/uf200-03/","expLinearModelpositive","-0.783597984644497","2554.0745011779","-0.616070564065997","187.198287833442","1451.70981566473"
"1FlipHCrs/uf200-04/","expLinearModelpositive","-0.173415135737746","2304.9568315594","-0.589177878418191","210.608537148297","1238.00026315994"
"1FlipHCrs/uf200-05/","expLinearModelpositive","0.16564124951064","2491.72630671374","-0.60321119387394","207.134934722748","1341.09051471865"
"1FlipHCrs/uf200-06/","expLinearModelpositive","-0.000351844043756883","2518.81531078873","-0.606121007008798","208.115032737225","1244.80646680311"
"1FlipHCrs/uf200-07/","expLinearModelpositive","-0.341405332036687","2056.56353778372","-0.575973783566588","184.028053934927","1177.67709064106"
"1FlipHCrs/uf200-08/","expLinearModelpositive","0.149822780928854","2044.90098371334","-0.586064272125395","168.840429740168","1265.57511140281"
"1FlipHCrs/uf200-09/","expLinearModelpositive","0.0513733534415413","3008.51166117873","-0.627479750108082","233.494169249962","1179.2256714084"
"1FlipHCrs/uf200-10/","expLinearModelpositive","-0.192188294701103","1924.40374545927","-0.571940533104196","166.329908822812","1264.65127192561"
"1FlipHCrs/uf225-01/","expLinearModelpositive","-0.642719878070321","2274.98686991386","-0.575312752914118","172.507471078748","1527.50249375805"
"1FlipHCrs/uf225-02/","expLinearModelpositive","-1.14634942808205","2799.09762095702","-0.599722661532529","206.751316771179","1740.2228942721"
"1FlipHCrs/uf225-03/","expLinearModelpositive","-0.263180161140652","2593.21244740849","-0.585154871846541","217.384073817291","1521.90059638154"
"1FlipHCrs/uf225-04/","expLinearModelpositive","-0.159761775957362","2577.70658921041","-0.576439114805615","226.287384512981","1299.58024322205"
"1FlipHCrs/uf225-05/","expLinearModelpositive","-0.607941270558097","3429.97138306993","-0.625946549640701","238.660440536289","1402.63164398599"
"1FlipHCrs/uf225-06/","expLinearModelpositive","0.0471222669002146","2004.47568538127","-0.545111366446992","201.581489994749","1156.74843152052"
"1FlipHCrs/uf225-07/","expLinearModelpositive","-1.41036524349255","2221.77308153715","-0.555340043690091","212.483595428426","1543.88090519559"
"1FlipHCrs/uf225-08/","expLinearModelpositive","0.240123999988566","2311.41114054384","-0.564652040721384","219.58834337066","1379.33033532018"
"1FlipHCrs/uf225-09/","expLinearModelpositive","-0.0116581954616959","1696.22640233938","-0.531113611339203","156.049810280535","1292.42445918136"
"1FlipHCrs/uf225-10/","expLinearModelpositive","-0.118441239541392","2974.56750405954","-0.612707907220524","204.098466087102","1667.56784563102"
"1FlipHCrs/uf250-01/","expLinearModelpositive","-1.64378094482566","3143.19506556819","-0.589873148646962","230.546044646774","1952.1217928295"
"1FlipHCrs/uf250-02/","expLinearModelpositive","-0.333923518230444","2799.15597123892","-0.566349480449987","242.731413015764","1553.0442540553"
"1FlipHCrs/uf250-03/","expLinearModelpositive","0.390777944113656","4131.00411523634","-0.627863993548525","261.040710823829","1748.43167935988"
"1FlipHCrs/uf250-04/","expLinearModelpositive","-1.51527621964595","3174.54601053494","-0.594816398656091","228.178274818575","2092.13034201463"
"1FlipHCrs/uf250-05/","expLinearModelpositive","-0.252618918959008","2648.18849362312","-0.560689476598039","244.260133421602","1708.83468654987"
"1FlipHCrs/uf250-06/","expLinearModelpositive","-1.04573211128186","2423.25601733539","-0.549721096370713","222.268318656592","1766.85435472048"
"1FlipHCrs/uf250-07/","expLinearModelpositive","-0.477704327549884","2430.48966952542","-0.550060778827434","209.279779548588","1906.35284584027"
"1FlipHCrs/uf250-08/","expLinearModelpositive","-0.793887829413107","2936.54508029149","-0.577956470887049","229.756222223042","1599.40490118907"
"1FlipHCrs/uf250-09/","expLinearModelpositive","-0.544451641607536","2247.69876679901","-0.538252904338898","212.624284469774","1914.58047875638"
"1FlipHCrs/uf250-10/","expLinearModelpositive","-0.4241771097325","2347.54087402446","-0.549097874738653","195.706304070967","1823.11887665044"
"2FlipHC/uf020-01/","expLinearModelpositive","0.404136261535518","54.2603545731668","-0.94760017475944","4.71674311798846","145.352701879285"
"2FlipHC/uf020-01/","expLinearModelpositive","0.404129899423729","54.2578947307678","-0.947587395184357","4.71658683668953","145.352701880033"
"2FlipHC/uf020-02/","expLinearModelpositive","-0.0541196758339048","40.8939344742211","-0.786394594029162","4.45244955107171","113.688233038777"
"2FlipHC/uf020-03/","expLinearModelpositive","0.589095739405565","570","-1.43721945475155","16.2582917700574","122.46014982067"
"2FlipHC/uf020-04/","expLinearModelpositive","0.725026786677667","252.706617379764","-1.26947314990341","11.4391723667066","71.7284120130951"
"2FlipHC/uf020-05/","expLinearModelpositive","0.656390890301332","155.315462986609","-1.11102369578062","9.52884190028619","118.114459646648"
"2FlipHC/uf020-06/","expLinearModelpositive","0.802067122292852","450","-1.36507806490965","16.3272256363005","94.5253957543316"
"2FlipHC/uf020-07/","expLinearModelpositive","0.354613974020019","480","-1.45606589717645","15.3996848820446","76.4025445391732"
"2FlipHC/uf020-08/","expLinearModelpositive","0.493101274651011","67.4399227377519","-0.92126939504374","7.98400867621793","162.772756968331"
"2FlipHC/uf020-09/","expLinearModelpositive","0.819579354827035","630","-1.53746776982692","14.4164785068612","146.561150222231"
"2FlipHC/uf020-10/","expLinearModelpositive","0.534151408868154","570","-1.46918266716529","13.886408677257","153.6387814815"
"2FlipHC/uf050-01/","expLinearModelpositive","0.609812449881675","260.552268404176","-0.816426031750201","15.2357251612719","298.847168495772"
"2FlipHC/uf050-02/","expLinearModelpositive","0.840919474023994","1194.04876108495","-1.13655384798535","30.7458439305597","254.738243797151"
"2FlipHC/uf050-03/","expLinearModelpositive","0.407749320336714","584.289250528219","-0.963767641988966","24.541846363523","300.510496142431"
"2FlipHC/uf050-04/","expLinearModelpositive","0.85838128382922","656.77861953301","-0.968612957185968","28.5377872009315","168.074747572429"
"2FlipHC/uf050-05/","expLinearModelpositive","0.273239903234895","848.089913561468","-1.07697431240338","24.4817588665189","235.75276162418"
"2FlipHC/uf050-06/","expLinearModelpositive","0.880548585854553","1200","-1.12002390844113","30.3107486724933","285.471004954148"
"2FlipHC/uf050-07/","expLinearModelpositive","0.586334012809624","1290","-1.10881497467324","32.5972692438311","273.110060609954"
"2FlipHC/uf050-08/","expLinearModelpositive","1.19567460129651","1478.02316202111","-1.12663840846291","39.115003909805","327.507809596"
"2FlipHC/uf050-09/","expLinearModelpositive","0.616463486746994","1290.19333577644","-1.12237346300246","36.534091485202","240.312552570357"
"2FlipHC/uf050-10/","expLinearModelpositive","0.64823108692148","786.688971711103","-0.981297472421458","33.4388473400647","267.102890480312"
"2FlipHC/uf075-01/","expLinearModelpositive","0.689627177419652","753.307059695172","-0.831815215216989","34.1373363421722","470.425132344452"
"2FlipHC/uf075-02/","expLinearModelpositive","0.133953975651524","1015.2211952863","-0.903740263280538","34.581968610193","442.925148911832"
"2FlipHC/uf075-03/","expLinearModelpositive","0.88737075080431","362.457215618444","-0.687427984105856","25.9317481236902","244.7150249915"
"2FlipHC/uf075-04/","expLinearModelpositive","1.32207304965063","815.967618870535","-0.84555037742657","39.3887666947042","331.701384747667"
"2FlipHC/uf075-05/","expLinearModelpositive","0.78244975664177","522.316531964615","-0.774892618344997","29.7388307814722","373.26361476046"
"2FlipHC/uf075-06/","expLinearModelpositive","0.884767026632323","801.261488636178","-0.844227222535056","36.1206752794036","432.775205308496"
"2FlipHC/uf075-07/","expLinearModelpositive","0.894692672821482","438.642171396442","-0.735009239017441","25.640122856275","346.621104573545"
"2FlipHC/uf075-08/","expLinearModelpositive","0.996505268627622","572.585703607298","-0.803896001142038","27.3051368391623","349.871840880316"
"2FlipHC/uf075-09/","expLinearModelpositive","0.270457700017239","1560","-0.981191919683276","41.9881936233875","434.187361987805"
"2FlipHC/uf075-10/","expLinearModelpositive","0.330020108067465","2305.35496577419","-1.07479288048759","42.4933111333663","373.346817313003"
"2FlipHC/uf100-01/","expLinearModelpositive","1.0081333020037","706.548929609814","-0.718762981746395","34.3615858595002","489.38783085929"
"2FlipHC/uf100-02/","expLinearModelpositive","1.00340294691391","1616.27821737516","-0.882041701366614","47.4956581225482","416.066573827942"
"2FlipHC/uf100-03/","expLinearModelpositive","0.860820447429455","1422.50003581365","-0.85664778946347","47.5451568885782","504.172390693395"
"2FlipHC/uf100-04/","expLinearModelpositive","1.04213512985601","1314.58910857906","-0.846155998381353","43.8901431316405","505.197703984405"
"2FlipHC/uf100-05/","expLinearModelpositive","0.959819281334795","1832.76743209674","-0.888978818423763","58.9305511443884","425.369122561046"
"2FlipHC/uf100-06/","expLinearModelpositive","-0.152978998031461","2010","-0.964201471305835","42.2875230693155","523.246644367676"
"2FlipHC/uf100-07/","expLinearModelpositive","0.529325318484927","953.904349244556","-0.785896574061681","39.6268960429681","438.241890074488"
"2FlipHC/uf100-08/","expLinearModelpositive","1.09321073203338","1171.73530373591","-0.822880785731636","42.3850050436919","384.27345140488"
"2FlipHC/uf100-09/","expLinearModelpositive","1.61830458699354","919.597862084277","-0.776422513888704","38.9464276749759","423.760224956118"
"2FlipHC/uf100-10/","expLinearModelpositive","0.819135578893079","933.120234447538","-0.782217277748786","39.9673002000408","503.521227136674"
"2FlipHC/uf125-01/","expLinearModelpositive","0.993619902482007","1258.91911754543","-0.754417683321534","51.0169938290877","422.297815574747"
"2FlipHC/uf125-02/","expLinearModelpositive","1.4820640576691","814.625284197332","-0.671556334493467","41.7750534683033","548.576605170333"
"2FlipHC/uf125-03/","expLinearModelpositive","0.762171061881509","3003.74830668627","-0.914673825309712","60.6743742373917","616.413725540872"
"2FlipHC/uf125-04/","expLinearModelpositive","0.862082606134548","1707.85188749303","-0.829874614378177","49.6677442767613","753.04619012498"
"2FlipHC/uf125-05/","expLinearModelpositive","0.766910913020849","1926.1505252101","-0.836765300578079","60.0627169033662","651.057385503938"
"2FlipHC/uf125-06/","expLinearModelpositive","1.09112118202962","787.097626092883","-0.690889330963673","35.0493488810404","674.351865023633"
"2FlipHC/uf125-07/","expLinearModelpositive","-0.0474387605357635","3988.08307299461","-0.948675319780653","76.5276749518165","645.848632110331"
"2FlipHC/uf125-08/","expLinearModelpositive","0.692445971858546","1474.58766636431","-0.788359140341483","48.0669636623951","450.700675083787"
"2FlipHC/uf125-09/","expLinearModelpositive","0.663328830170362","1449.72720104669","-0.775092681301902","54.0149425235742","633.276691073041"
"2FlipHC/uf125-10/","expLinearModelpositive","1.01760158606263","1138.2043299505","-0.751434821920601","43.0893059809644","430.826416167035"
"2FlipHC/uf150-01/","expLinearModelpositive","0.980325853958436","1538.02897810348","-0.736689878604966","54.9906342185896","648.940851567726"
"2FlipHC/uf150-02/","expLinearModelpositive","0.86242221736275","1909.93994414768","-0.778713398956965","56.1415833229702","666.58816207775"
"2FlipHC/uf150-03/","expLinearModelpositive","0.831457645776782","971.429565617216","-0.655694838022929","45.9354162105963","832.775831471436"
"2FlipHC/uf150-04/","expLinearModelpositive","1.30677171530973","1626.03433371043","-0.750114284066343","54.7515712179609","791.251149267858"
"2FlipHC/uf150-05/","expLinearModelpositive","1.34580210549844","1844.12811772378","-0.766786360356329","60.1997734481661","650.21532826369"
"2FlipHC/uf150-06/","expLinearModelpositive","0.618854459517509","1399.34765311155","-0.710016952689198","53.4800280769593","690.370310314032"
"2FlipHC/uf150-07/","expLinearModelpositive","1.60503595086697","1199.21773926969","-0.702091552080306","43.8766501413564","633.263696281623"
"2FlipHC/uf150-08/","expLinearModelpositive","0.213199162432574","3060.77301792951","-0.848328729681741","73.9064456994614","894.588030376852"
"2FlipHC/uf150-09/","expLinearModelpositive","0.396497798314794","968.218852438504","-0.653971658041403","44.6343022026862","573.953214781879"
"2FlipHC/uf150-10/","expLinearModelpositive","0.409835825057446","1362.20916685798","-0.701749524304741","59.2611416273622","832.601584650793"
"2FlipHC/uf175-01/","expLinearModelpositive","1.60590475800345","2254.93604782176","-0.760367531078858","65.3313350945347","728.524542210441"
"2FlipHC/uf175-02/","expLinearModelpositive","1.04294076160586","2008.48139134834","-0.735960110847813","65.928924572336","817.260825872449"
"2FlipHC/uf175-03/","expLinearModelpositive","0.843130477056427","1751.11845066709","-0.71699190668272","59.7331734731605","1282.01772145618"
"2FlipHC/uf175-04/","expLinearModelpositive","1.18534194253342","1688.15925279539","-0.700726622012599","67.2121773395079","883.510775603083"
"2FlipHC/uf175-05/","expLinearModelpositive","1.07579440868343","1747.05032819262","-0.71121087592285","63.1006203883261","913.202782513586"
"2FlipHC/uf175-06/","expLinearModelpositive","0.957348623295091","1708.31910958657","-0.713436326729888","58.5642003278669","792.894600139285"
"2FlipHC/uf175-07/","expLinearModelpositive","0.765197941632126","3040.70002470786","-0.805238440121478","71.741959760983","796.842111606868"
"2FlipHC/uf175-08/","expLinearModelpositive","0.751010868625221","4284.11553685632","-0.871535391664194","81.8183083546136","1094.76255915071"
"2FlipHC/uf175-09/","expLinearModelpositive","1.60240551128253","1933.53188138447","-0.744191976558082","58.5499889551316","799.546049741479"
"2FlipHC/uf175-10/","expLinearModelpositive","0.72509000885147","1216.90238355478","-0.646922674571944","53.7946483367648","861.359567850825"
"2FlipHC/uf200-01/","expLinearModelpositive","2.03636362250795","2156.91906961609","-0.716289353442394","67.5654171152242","1104.66863244216"
"2FlipHC/uf200-02/","expLinearModelpositive","1.70393546177298","1891.39816891344","-0.68786210156768","64.3579662953705","695.391703987023"
"2FlipHC/uf200-03/","expLinearModelpositive","0.744886048727986","2134.26374256936","-0.719627928920485","68.5549160507454","1067.20096440987"
"2FlipHC/uf200-04/","expLinearModelpositive","1.26118865371789","1775.59374850696","-0.670375073830931","63.5707769187855","945.978412244243"
"2FlipHC/uf200-05/","expLinearModelpositive","1.44963659685264","1101.26914103621","-0.603759329800636","47.778460085714","931.898398504077"
"2FlipHC/uf200-06/","expLinearModelpositive","1.18264355420614","1954.3636278579","-0.693131052348271","63.6386252714783","1099.8203743075"
"2FlipHC/uf200-07/","expLinearModelpositive","1.29681844343097","1970.49782208687","-0.693600265765614","66.975830999692","876.379766987671"
"2FlipHC/uf200-08/","expLinearModelpositive","1.78428660830238","2667.70632628438","-0.74542226333087","76.2103950532154","1165.61718312724"
"2FlipHC/uf200-09/","expLinearModelpositive","1.46155414792525","1765.17065979873","-0.670029944475636","65.3039417882869","898.9173968724"
"2FlipHC/uf200-10/","expLinearModelpositive","1.45603646053924","1765.69242800601","-0.662609331372741","68.1989251035345","1181.75618612525"
"2FlipHC/uf225-01/","expLinearModelpositive","1.00261677952146","2693.42438927996","-0.718120693751227","77.3292388991324","1149.26497718036"
"2FlipHC/uf225-02/","expLinearModelpositive","0.816606333790227","2905.34655665748","-0.735808223069458","73.1225651152216","1182.66039016248"
"2FlipHC/uf225-03/","expLinearModelpositive","1.63869743858244","2719.29705222239","-0.714530336792369","81.2403500742917","1200.31540010884"
"2FlipHC/uf225-04/","expLinearModelpositive","1.70264542815101","2701.18168201377","-0.714325852263959","81.2982741293539","1168.09417556526"
"2FlipHC/uf225-05/","expLinearModelpositive","0.815388253429572","3408.00064855788","-0.757690152999068","81.9598722195559","1119.78787057952"
"2FlipHC/uf225-06/","expLinearModelpositive","2.12564416078717","1542.17716201607","-0.621287363635945","59.8742686046718","962.287732720292"
"2FlipHC/uf225-07/","expLinearModelpositive","1.11548006356005","3503.88523748129","-0.742968557970263","98.5630103383629","1235.40401871142"
"2FlipHC/uf225-08/","expLinearModelpositive","2.08100595593889","2886.2182553122","-0.726314117413034","79.5797735850038","785.140313262941"
"2FlipHC/uf225-09/","expLinearModelpositive","1.76206060058659","2622.39632672875","-0.701321880739266","83.1208970309075","1033.23684336826"
"2FlipHC/uf225-10/","expLinearModelpositive","1.41924357299122","3214.82941488085","-0.753824164620458","80.2843607743222","1385.88457067529"
"2FlipHC/uf250-01/","expLinearModelpositive","0.767347471065457","3519.9363000736","-0.737637183837943","82.1138922238263","1058.31045204147"
"2FlipHC/uf250-02/","expLinearModelpositive","1.34146424518271","3503.86460308197","-0.711816647800026","99.5505500586619","1335.86225184943"
"2FlipHC/uf250-03/","expLinearModelpositive","1.84482040269687","3224.86562643827","-0.714676823450284","85.9365312320612","1138.42061892322"
"2FlipHC/uf250-04/","expLinearModelpositive","0.817955525677991","7724.14571482692","-0.862174466068444","112.931000988349","1280.7679601396"
"2FlipHC/uf250-05/","expLinearModelpositive","1.70819712848547","2295.4519673812","-0.656284853592441","79.827719530691","1067.57802272078"
"2FlipHC/uf250-06/","expLinearModelpositive","1.24754159733125","2719.34687667618","-0.685705882223571","83.4632362949346","926.160256636036"
"2FlipHC/uf250-07/","expLinearModelpositive","1.97248204454318","2936.26527018466","-0.695046971366943","86.8261002275929","1243.44195861287"
"2FlipHC/uf250-08/","expLinearModelpositive","1.27982699943482","3623.87182147982","-0.732595953630345","97.778421030982","979.821340349414"
"2FlipHC/uf250-09/","expLinearModelpositive","1.64751440282578","3042.98909232678","-0.693375209968908","91.3091196156065","1147.79412749512"
"2FlipHC/uf250-10/","expLinearModelpositive","2.02128171875404","4774.28430005821","-0.77155334349705","105.601345990002","1342.46438407494"
"2FlipHCrs/uf020-01/","expLinearModelpositive","-0.232798975167879","15.3255984801007","-0.420924990391381","1.10423583374042","120.269375659018"
"2FlipHCrs/uf020-01/","expLinearModelpositive","-0.232804985266064","15.3255458754419","-0.420923509232081","1.10421936904183","120.269375658689"
"2FlipHCrs/uf020-02/","expLinearModelpositive","0.3945183848444","510","-1.31911965415739","18.8276242216921","112.850257885101"
"2FlipHCrs/uf020-03/","expLinearModelpositive","0.100135155131779","21.1348241156336","-0.500622716398186","3.55969526736907","100.23592048874"
"2FlipHCrs/uf020-04/","expLinearModelpositive","-0.0515890885339846","22.8769224123883","-0.473329885493912","3.72857266520953","76.3337769651103"
"2FlipHCrs/uf020-05/","expLinearModelpositive","0.0132319809888351","42.1769991429283","-0.614008504711174","9.09201064905897","82.7143476244693"
"2FlipHCrs/uf020-06/","expLinearModelpositive","-0.419390458657268","19.9206927955875","-0.424655024984027","3.62907740672454","89.7332887861949"
"2FlipHCrs/uf020-07/","expLinearModelpositive","-0.00497474337969031","30.0285963111533","-0.649604598761802","4.36247765921327","124.825196909212"
"2FlipHCrs/uf020-08/","expLinearModelpositive","0.4961070081","145.028569224762","-0.989087737246671","13.8647166595662","73.5284166967189"
"2FlipHCrs/uf020-09/","expLinearModelpositive","0.325540690411259","42.8769446361537","-0.668875837475271","7.60013640234169","96.7325756127967"
"2FlipHCrs/uf020-10/","expLinearModelpositive","0.0270023213985342","23.0476199417716","-0.568830458562962","2.95361799764583","133.10530475934"
"2FlipHCrs/uf050-01/","expLinearModelpositive","-0.509060079423789","80.3098795560844","-0.415634731313888","14.3199503842645","167.38899060487"
"2FlipHCrs/uf050-02/","expLinearModelpositive","-0.211161756543426","84.7249950573999","-0.439886452137321","14.3281068673411","195.823582373458"
"2FlipHCrs/uf050-03/","expLinearModelpositive","-1.47147336149646","102.689252493916","-0.441872880656736","22.1458728570454","189.082143959608"
"2FlipHCrs/uf050-04/","expLinearModelpositive","-0.364285455946907","107.283409607441","-0.449270234327992","22.0814883144182","157.569358259774"
"2FlipHCrs/uf050-05/","expLinearModelpositive","-1.97899398257555","68.84385371907","-0.383594034672041","9.78786778963658","291.125472718279"
"2FlipHCrs/uf050-06/","expLinearModelpositive","0.0825723984691071","170.203530294805","-0.544852557620845","35.2224761297164","163.311524626706"
"2FlipHCrs/uf050-07/","expLinearModelpositive","-0.786789306846317","105.136237329624","-0.448196226231656","26.1949267867291","137.663254518546"
"2FlipHCrs/uf050-08/","expLinearModelpositive","-0.588821858843551","62.1057141787785","-0.354836655523949","12.3434078263157","140.802564843524"
"2FlipHCrs/uf050-09/","expLinearModelpositive","-0.77541356523057","77.3734006136903","-0.415690453707265","10.0397998420724","201.704476349006"
"2FlipHCrs/uf050-10/","expLinearModelpositive","-1.25404775447634","81.0492110976402","-0.391630428076763","16.9765866992836","168.462674649217"
"2FlipHCrs/uf075-01/","expLinearModelpositive","-2.37634741716882","112.051233091362","-0.336097975307407","18.0603464246704","250.860337472605"
"2FlipHCrs/uf075-02/","expLinearModelpositive","-1.09330404943503","163.865798836711","-0.428759789218877","28.154448927249","276.221490683876"
"2FlipHCrs/uf075-03/","expLinearModelpositive","-0.463360467035043","117.290399736063","-0.358786373523722","18.0815938212754","230.908227272287"
"2FlipHCrs/uf075-04/","expLinearModelpositive","-0.688346801511742","115.084777173592","-0.356822179205844","18.3717461360462","237.336396383036"
"2FlipHCrs/uf075-05/","expLinearModelpositive","-0.383880025958285","164.420762167559","-0.426140365547122","31.0752856029739","295.367540486077"
"2FlipHCrs/uf075-06/","expLinearModelpositive","-1.10988580031819","123.703156467127","-0.37151283621746","24.0937169686013","240.88187536693"
"2FlipHCrs/uf075-07/","expLinearModelpositive","-0.69086493795073","130.680993053297","-0.376025188031421","24.7181951128417","265.923390086789"
"2FlipHCrs/uf075-08/","expLinearModelpositive","-0.308520904306423","190.064860253719","-0.455182492460584","32.3840944476697","236.95019428079"
"2FlipHCrs/uf075-09/","expLinearModelpositive","-0.629297069870713","324.510258381955","-0.532008616901327","52.0080202933097","352.030315104683"
"2FlipHCrs/uf075-10/","expLinearModelpositive","-1.03938807828852","240.193089143628","-0.492186339506492","40.3086001831569","301.097011480624"
"2FlipHCrs/uf100-01/","expLinearModelpositive","-1.28457144606248","186.133920309829","-0.35668999450494","34.2756858889582","328.172289737253"
"2FlipHCrs/uf100-02/","expLinearModelpositive","-0.292745394522583","252.853225081728","-0.421507786477979","49.8184245343035","333.513269150339"
"2FlipHCrs/uf100-03/","expLinearModelpositive","-1.42926469000575","186.96103604831","-0.366986497888516","35.6330076831606","383.550984849604"
"2FlipHCrs/uf100-04/","expLinearModelpositive","-1.62466436530956","192.810985950898","-0.365945504206985","33.303014914798","387.927214878807"
"2FlipHCrs/uf100-05/","expLinearModelpositive","-0.870082879775024","213.987426515567","-0.392352655957414","43.3951521641004","389.480772850714"
"2FlipHCrs/uf100-06/","expLinearModelpositive","-1.9471680427496","322.274120539986","-0.475138937652051","48.3486222751966","465.496118184123"
"2FlipHCrs/uf100-07/","expLinearModelpositive","-2.91199917167692","165.98482428691","-0.336734237715415","25.2274289570801","357.008936573914"
"2FlipHCrs/uf100-08/","expLinearModelpositive","-0.283859517370368","265.574370969968","-0.423513441365652","50.9881818653313","321.757646376549"
"2FlipHCrs/uf100-09/","expLinearModelpositive","-1.06205642855865","160.390855069781","-0.337638867625087","29.3232960081826","310.213241630708"
"2FlipHCrs/uf100-10/","expLinearModelpositive","-0.479863130064142","279.528493313739","-0.431944998226309","53.9320783079506","313.829648049727"
"2FlipHCrs/uf125-01/","expLinearModelpositive","-1.90555599636581","228.479298446387","-0.340618577754009","43.1613733329582","458.891427760825"
"2FlipHCrs/uf125-02/","expLinearModelpositive","-1.14283732271196","207.358844620208","-0.324106958934557","34.3743658679784","332.410713894954"
"2FlipHCrs/uf125-03/","expLinearModelpositive","-2.79439983545505","238.122905004435","-0.353707225465587","36.1618758727446","536.387728153053"
"2FlipHCrs/uf125-04/","expLinearModelpositive","-1.61653514838113","293.508214711446","-0.388020683440087","52.0581616439553","486.035003285292"
"2FlipHCrs/uf125-05/","expLinearModelpositive","-1.47047091767493","245.075175047413","-0.363052061332414","35.6043681180768","501.708141798166"
"2FlipHCrs/uf125-06/","expLinearModelpositive","-1.2807333774645","264.536789201679","-0.367313993467816","44.1437179071517","476.020349188882"
"2FlipHCrs/uf125-07/","expLinearModelpositive","-3.78420202931635","291.211505959144","-0.373482471318046","50.2342205300786","501.4274645234"
"2FlipHCrs/uf125-08/","expLinearModelpositive","-2.52602600128435","246.311796367481","-0.347939790077242","43.2739663830873","530.721532530735"
"2FlipHCrs/uf125-09/","expLinearModelpositive","-1.78810528605169","269.890432740405","-0.369182185057173","48.2320043524509","461.35479687825"
"2FlipHCrs/uf125-10/","expLinearModelpositive","-0.799333422209282","333.088651561443","-0.40123378259624","67.2520215225181","406.104092036802"
"2FlipHCrs/uf150-01/","expLinearModelpositive","-3.17989001618992","316.540666075631","-0.350830180244889","55.1903228665674","622.682286633213"
"2FlipHCrs/uf150-02/","expLinearModelpositive","-1.47347122261442","363.281144009406","-0.373585941982903","65.0241873712516","476.366454171883"
"2FlipHCrs/uf150-03/","expLinearModelpositive","-1.60115986691936","317.496951292148","-0.349287128931326","52.8804256491675","544.087625949841"
"2FlipHCrs/uf150-04/","expLinearModelpositive","-2.56279891499558","306.605504326676","-0.343498481397683","55.8067057367957","602.787178025556"
"2FlipHCrs/uf150-05/","expLinearModelpositive","-1.12211119631702","331.153785784417","-0.364206752605497","54.1575890176055","542.443356583314"
"2FlipHCrs/uf150-06/","expLinearModelpositive","-3.47825680643268","263.017194801016","-0.313916232240652","45.8942681689064","599.03482814188"
"2FlipHCrs/uf150-07/","expLinearModelpositive","-1.26982862454752","301.82277853383","-0.345485486155806","52.369676272935","548.710348760218"
"2FlipHCrs/uf150-08/","expLinearModelpositive","-3.55429536100676","341.836297897411","-0.360818301725936","55.5394859275842","708.129181948735"
"2FlipHCrs/uf150-09/","expLinearModelpositive","-1.68151729160909","329.371758529956","-0.35789350555324","53.8599965000363","631.018702735375"
"2FlipHCrs/uf150-10/","expLinearModelpositive","-2.7082832077924","304.386165761193","-0.343218917260484","44.4707444838576","522.870821286747"
"2FlipHCrs/uf175-01/","expLinearModelpositive","-0.960508720035792","407.966199399515","-0.36318663682711","65.3373258291417","572.357948394004"
"2FlipHCrs/uf175-02/","expLinearModelpositive","-1.46748662279963","439.929447417356","-0.363139020527171","88.3904248180828","692.119083203557"
"2FlipHCrs/uf175-03/","expLinearModelpositive","-2.96537339073931","342.972382142767","-0.329226510348424","51.2558316489806","753.325885983267"
"2FlipHCrs/uf175-04/","expLinearModelpositive","-1.97211447630871","366.130634963785","-0.339830895577907","67.0956219442993","705.423989490698"
"2FlipHCrs/uf175-05/","expLinearModelpositive","-1.11727090232843","425.384306746842","-0.364321553845516","73.0842311326002","748.079844189868"
"2FlipHCrs/uf175-06/","expLinearModelpositive","-1.01709275593241","455.897489341748","-0.374275373678391","76.6998196506236","695.566927599587"
"2FlipHCrs/uf175-07/","expLinearModelpositive","-1.50770448093643","561.788926137951","-0.409182895114033","89.5930411125675","827.830724347374"
"2FlipHCrs/uf175-08/","expLinearModelpositive","-2.09596649027876","425.602467378875","-0.371997969197731","64.6196441502032","842.267527478567"
"2FlipHCrs/uf175-09/","expLinearModelpositive","-0.740956692621979","502.92737552137","-0.391304603122223","89.9454192129397","606.167598436736"
"2FlipHCrs/uf175-10/","expLinearModelpositive","-1.77930417423881","384.325114216495","-0.343542072102964","63.9808182551546","555.308100460489"
"2FlipHCrs/uf200-01/","expLinearModelpositive","-1.70213153512757","453.399407514284","-0.346052563129908","69.9826717117","745.743750732133"
"2FlipHCrs/uf200-02/","expLinearModelpositive","-1.7024130275617","417.08052091558","-0.33300088416232","52.5122811373515","750.944602236458"
"2FlipHCrs/uf200-03/","expLinearModelpositive","-2.40038903678017","562.71888884446","-0.373891008456167","96.5961620909314","809.70748711235"
"2FlipHCrs/uf200-04/","expLinearModelpositive","-1.75742392592062","445.208127035389","-0.341251728826037","72.1331002427321","878.922240511192"
"2FlipHCrs/uf200-05/","expLinearModelpositive","-1.48379848651453","496.007747669836","-0.355534877019531","89.8018442025599","843.984713691383"
"2FlipHCrs/uf200-06/","expLinearModelpositive","-1.05914772544421","574.44129694167","-0.377049850062096","95.6168866805465","725.47029067979"
"2FlipHCrs/uf200-07/","expLinearModelpositive","-1.72016932713945","511.817141174896","-0.35473506871258","96.2184316835499","687.466115819628"
"2FlipHCrs/uf200-08/","expLinearModelpositive","-1.4405364552181","483.277531927259","-0.352638458226478","80.1805496500218","736.178279493645"
"2FlipHCrs/uf200-09/","expLinearModelpositive","-1.89675569555741","455.06565457706","-0.344789142849576","75.4388942005853","713.479377188601"
"2FlipHCrs/uf200-10/","expLinearModelpositive","-1.37932129154161","486.888065920689","-0.354547532656019","83.2882897993295","789.765069484816"
"2FlipHCrs/uf225-01/","expLinearModelpositive","-2.31372118553311","533.466406710751","-0.346817511234364","87.3830273826142","956.136523770238"
"2FlipHCrs/uf225-02/","expLinearModelpositive","-2.90078497657858","633.741899404206","-0.36720227660004","104.460103332796","872.562008421986"
"2FlipHCrs/uf225-03/","expLinearModelpositive","-1.95568859041501","573.496428021748","-0.353684214622992","95.1814433923744","1026.79646648611"
"2FlipHCrs/uf225-04/","expLinearModelpositive","-1.8147640136086","562.170129080679","-0.344985504754506","101.071969185645","886.772144809445"
"2FlipHCrs/uf225-05/","expLinearModelpositive","-2.75866446780036","533.229671107469","-0.349349329506533","76.8930061535294","982.912505272201"
"2FlipHCrs/uf225-06/","expLinearModelpositive","-1.67271250483602","486.52242730864","-0.327882666944816","80.9465754440375","782.314524668367"
"2FlipHCrs/uf225-07/","expLinearModelpositive","-3.95605114925335","499.381177180753","-0.325082585695756","84.3521176051448","925.416914620214"
"2FlipHCrs/uf225-08/","expLinearModelpositive","-1.08268586757679","585.294436100527","-0.355577746615375","97.0220626709128","771.094168886416"
"2FlipHCrs/uf225-09/","expLinearModelpositive","-1.70322538245427","469.640126905878","-0.327078640375439","68.9941635166442","883.257266786244"
"2FlipHCrs/uf225-10/","expLinearModelpositive","-1.38940499474007","686.775786834854","-0.381157030799726","110.060516541614","906.086652391711"
"2FlipHCrs/uf250-01/","expLinearModelpositive","-2.68359844103903","722.211601161551","-0.367038910416082","112.691182127939","1220.28911710749"
"2FlipHCrs/uf250-02/","expLinearModelpositive","-2.61348914136544","553.321751406188","-0.326165076790364","84.3981157530854","1100.20196596606"
"2FlipHCrs/uf250-03/","expLinearModelpositive","-1.44088199221467","641.782276678877","-0.351948456544549","93.2454461451805","1000.97769020517"
"2FlipHCrs/uf250-04/","expLinearModelpositive","-2.82136740143629","819.70672442861","-0.383770814017077","135.273742171721","1136.76481798222"
"2FlipHCrs/uf250-05/","expLinearModelpositive","-2.27669895811568","589.520531465286","-0.333050511805543","102.016630743467","1023.38939633506"
"2FlipHCrs/uf250-06/","expLinearModelpositive","-2.76914102683695","616.408611903719","-0.342377636240912","97.475836794397","1016.21918799693"
"2FlipHCrs/uf250-07/","expLinearModelpositive","-2.40156102499388","551.193944724963","-0.327073286702046","83.6530291655026","1059.17097970615"
"2FlipHCrs/uf250-08/","expLinearModelpositive","-2.52946958291273","651.348825171988","-0.350271129963017","103.262740092641","908.802425531115"
"2FlipHCrs/uf250-09/","expLinearModelpositive","-2.30449359989991","604.331352312101","-0.336603065035288","107.403944832524","1019.23723928827"
"2FlipHCrs/uf250-10/","expLinearModelpositive","-2.48663614201187","544.099764681707","-0.326053683062258","87.0300665584143","1065.79290013661"
"mFlipHC/uf020-01/","expLinearModelpositive","0.473216639695894","149.17750565394","-1.24909149706582","7.40892629679396","68.8569253274006"
"mFlipHC/uf020-01/","expLinearModelpositive","0.473218857535003","149.180859944743","-1.24909764561923","7.40899461437224","68.8569253274221"
"mFlipHC/uf020-02/","expLinearModelpositive","0.410704490309547","630","-1.63099607690734","11.827896171169","158.553832195335"
"mFlipHC/uf020-03/","expLinearModelpositive","0.532166730296421","82.8276839055533","-1.08607846681639","7.18605608333291","141.738240530805"
"mFlipHC/uf020-04/","expLinearModelpositive","0.710311101252433","564.143103928533","-1.58499499456607","12.3192387941696","85.7505740972797"
"mFlipHC/uf020-05/","expLinearModelpositive","0.601021206143837","480","-1.41968109435593","14.7414766298142","104.202964929509"
"mFlipHC/uf020-06/","expLinearModelpositive","0.559000563541238","98.0110044231983","-1.11129642602445","7.09703315223231","94.8722987728205"
"mFlipHC/uf020-07/","expLinearModelpositive","0.488207080243222","338.734693079212","-1.5581081146512","8.08566292544975","101.022872278659"
"mFlipHC/uf020-08/","expLinearModelpositive","0.524917098890988","540","-1.5466620098748","11.6650280022287","108.941820342317"
"mFlipHC/uf020-09/","expLinearModelpositive","0.539172419609139","192.317897957852","-1.25947555376154","9.67417379068406","83.9968517966397"
"mFlipHC/uf020-10/","expLinearModelpositive","0.485015535035476","600","-1.58964500067124","12.4314305241587","136.775633547244"
"mFlipHC/uf050-01/","expLinearModelpositive","0.739216460810343","1362.63488014449","-1.17462084548064","28.1074314695652","205.714560901647"
"mFlipHC/uf050-02/","expLinearModelpositive","0.620734247367701","705.868090534735","-1.06497556380241","22.7728708925893","386.108931308524"
"mFlipHC/uf050-03/","expLinearModelpositive","0.335945968677424","1230","-1.20460779989761","21.0726869196856","304.289808030174"
"mFlipHC/uf050-04/","expLinearModelpositive","0.80127738819379","990","-1.11434954795744","28.7779131558057","314.562098345803"
"mFlipHC/uf050-05/","expLinearModelpositive","-0.258016103722143","1080","-1.16676443733603","25.4319826955887","269.733816172553"
"mFlipHC/uf050-06/","expLinearModelpositive","0.721614498281047","1185.21078427783","-1.15920650411109","25.9970306807447","239.276595607676"
"mFlipHC/uf050-07/","expLinearModelpositive","17.101572589691","0.00314792755904799","-0.285501914344904","-0.999999999810868","21339.8161218811"
"mFlipHC/uf050-08/","expLinearModelpositive","0.871908770676978","712.803636924488","-1.08479376436592","19.9848883325896","260.548889046241"
"mFlipHC/uf050-09/","expLinearModelpositive","0.665513583932089","1080","-1.16195701129052","25.3867471221636","203.926307232854"
"mFlipHC/uf050-10/","expLinearModelpositive","0.78474309028802","1305.56440531275","-1.18167966667614","26.9715067567164","307.829826268705"
"mFlipHC/uf075-01/","expLinearModelpositive","0.61711501126845","2260.12895140969","-1.09126933488292","40.9342613794181","400.837605208487"
"mFlipHC/uf075-02/","expLinearModelpositive","0.450489728829706","1505.3165398822","-1.0362930525722","32.0320482627607","359.601816006494"
"mFlipHC/uf075-03/","expLinearModelpositive","1.07003989512754","441.894128868954","-0.774894342731331","20.9596718515265","306.612877660138"
"mFlipHC/uf075-04/","expLinearModelpositive","1.20155476932425","445.067274853686","-0.775552857269158","20.7729319312891","281.859994546247"
"mFlipHC/uf075-05/","expLinearModelpositive","0.881284676896135","781.798210102725","-0.904016056194631","27.0349933478543","360.450999031935"
"mFlipHC/uf075-06/","expLinearModelpositive","1.0268036447988","1726.48870086845","-1.07635967460225","31.8336525345182","431.998768137969"
"mFlipHC/uf075-07/","expLinearModelpositive","0.832627413336737","1466.39082322799","-1.00567553202754","37.0727783510532","326.262578487673"
"mFlipHC/uf075-08/","expLinearModelpositive","1.05861084207363","1144.30539618155","-0.979384470369654","29.0863891827982","368.977788598303"
"mFlipHC/uf075-09/","expLinearModelpositive","0.466546430464515","2511.13810997483","-1.13058546950348","38.9152912380725","672.674798645266"
"mFlipHC/uf075-10/","expLinearModelpositive","0.152745333381063","1350","-1.03041744644058","30.5569467542924","419.157768499127"
"mFlipHC/uf100-01/","expLinearModelpositive","0.751267973097738","688.139627547738","-0.753647843806146","28.6726381810213","317.526293965783"
"mFlipHC/uf100-02/","expLinearModelpositive","0.830547530007092","951.594679674593","-0.843073134495608","29.8471463335951","329.088841280436"
"mFlipHC/uf100-03/","expLinearModelpositive","0.787883315715326","1289.67541696815","-0.893278816758681","35.1427853473398","396.973591346756"
"mFlipHC/uf100-04/","expLinearModelpositive","0.877778954013357","1151.77068616492","-0.858845910557855","36.0978463456724","487.735110139207"
"mFlipHC/uf100-05/","expLinearModelpositive","0.762461612861787","1783.91492144171","-0.933529652189734","45.3158981524795","419.840073547845"
"mFlipHC/uf100-06/","expLinearModelpositive","-0.719905571819516","2160","-0.992836715291384","36.5493208087735","1019.77121231011"
"mFlipHC/uf100-07/","expLinearModelpositive","0.55139257699008","1535.06336966606","-0.936221240891426","35.6542611645211","598.115990812728"
"mFlipHC/uf100-08/","expLinearModelpositive","1.22005466501127","927.198186276903","-0.818417225185849","34.2417921978161","530.048327076589"
"mFlipHC/uf100-09/","expLinearModelpositive","1.58110364230067","831.961231185377","-0.798102334327534","28.395966403187","459.4326940749"
"mFlipHC/uf100-10/","expLinearModelpositive","0.899160103888349","1805.42398857915","-0.957236908475727","39.0161465072408","453.852733330035"
"mFlipHC/uf125-01/","expLinearModelpositive","0.799257587658085","1623.0028092341","-0.840614612590491","43.0815106902954","686.175938801677"
"mFlipHC/uf125-02/","expLinearModelpositive","1.09056873862102","705.656105107626","-0.678852394441319","31.872161955462","422.345702757339"
"mFlipHC/uf125-03/","expLinearModelpositive","44.8755514305492","0.191896337710679","-0.0141548653631693","-0.999999999739714","166427.717812409"
"mFlipHC/uf125-04/","expLinearModelpositive","1.0103499210151","3727.43149649905","-1.00837544318227","53.78654496415","553.699576485858"
"mFlipHC/uf125-05/","expLinearModelpositive","0.563274653302823","2460","-0.923162754081761","47.786654108758","716.405245371029"
"mFlipHC/uf125-06/","expLinearModelpositive","0.569134561264035","1619.0383644821","-0.834989496965747","44.608075608565","502.109036982815"
"mFlipHC/uf125-07/","expLinearModelpositive","0.415732798936585","4028.6420810581","-1.02143444340897","51.7814075850007","679.611167280885"
"mFlipHC/uf125-08/","expLinearModelpositive","0.677918018154648","1683.78208533648","-0.860557199134802","41.9824764495257","706.972427828665"
"mFlipHC/uf125-09/","expLinearModelpositive","0.684242790100638","2792.30163101494","-0.946327591841276","52.5927628040532","794.40798491574"
"mFlipHC/uf125-10/","expLinearModelpositive","0.966425685418316","1272.58420109509","-0.801981298805356","39.6216867387721","698.476682281064"
"mFlipHC/uf150-01/","expLinearModelpositive","0.906902454376909","3585.75469615078","-0.923620515784917","62.0064967659942","629.725758050503"
"mFlipHC/uf150-02/","expLinearModelpositive","1.07535132760803","1987.55534666288","-0.82824427560593","43.5264859374173","808.048502540641"
"mFlipHC/uf150-03/","expLinearModelpositive","1.02515464776124","2439.4926986369","-0.847944400367344","54.7494597584807","632.430339934292"
"mFlipHC/uf150-04/","expLinearModelpositive","1.05364013958005","1985.3951969081","-0.812803823662805","51.1148848072763","780.904999946064"
"mFlipHC/uf150-05/","expLinearModelpositive","1.26094505572469","2795.99886985151","-0.875900948106094","59.6827904925337","647.684124863496"
"mFlipHC/uf150-06/","expLinearModelpositive","0.923006861086949","2721.27560253052","-0.85654650666127","60.5123236827515","790.870618037014"
"mFlipHC/uf150-07/","expLinearModelpositive","1.2039172951366","1653.03095325421","-0.782744542366618","45.5486472005618","693.003638239269"
"mFlipHC/uf150-08/","expLinearModelpositive","0.0302494809386183","2820","-0.890205431571451","51.5666880816419","716.90487822743"
"mFlipHC/uf150-09/","expLinearModelpositive","0.456866823822968","1714.48444374039","-0.794391251437491","43.2670243134959","625.603656701847"
"mFlipHC/uf150-10/","expLinearModelpositive","0.644669971632589","2612.13044328159","-0.861843327895597","59.4910611870336","984.050210692715"
"mFlipHC/uf175-01/","expLinearModelpositive","1.18970212467568","1990.21858694604","-0.773129356632243","51.8630256965762","539.718637878822"
"mFlipHC/uf175-02/","expLinearModelpositive","1.17316816874318","2163.60430110634","-0.787144859451708","52.7661233785005","831.939210893003"
"mFlipHC/uf175-03/","expLinearModelpositive","0.584635882084614","2740.77223162543","-0.821095757669921","58.558282841121","790.849088224369"
"mFlipHC/uf175-04/","expLinearModelpositive","1.21382724898388","3228.76136888305","-0.839696229257568","69.5758680663423","863.911068049354"
"mFlipHC/uf175-05/","expLinearModelpositive","1.08744943733661","3359.88954452384","-0.862771948513288","61.7782906018028","772.088275463776"
"mFlipHC/uf175-06/","expLinearModelpositive","0.920107750191594","2995.53515646439","-0.843860857234717","58.2765373926067","950.292260230033"
"mFlipHC/uf175-07/","expLinearModelpositive","0.482460600071544","3180","-0.864130306047037","58.0790675144345","983.522324086233"
"mFlipHC/uf175-08/","expLinearModelpositive","0.747682513914887","4944.07584563321","-0.942066440628755","62.9885880916096","814.013527393798"
"mFlipHC/uf175-09/","expLinearModelpositive","1.29227653699985","2983.11128707201","-0.8464902366502","60.3569000486276","820.876784226553"
"mFlipHC/uf175-10/","expLinearModelpositive","1.19982947841","2719.40590214848","-0.821678963413996","58.1953012783836","854.263006823127"
"mFlipHC/uf200-01/","expLinearModelpositive","1.24405175061774","1825.87226230128","-0.714885845462545","47.8320991785791","717.701282878676"
"mFlipHC/uf200-02/","expLinearModelpositive","2.05201938482818","3127.87105271361","-0.80818799053212","65.5483830994397","789.742655349918"
"mFlipHC/uf200-03/","expLinearModelpositive","0.636276840543489","4157.00955437909","-0.860637439192883","64.0632630959063","868.271559213324"
"mFlipHC/uf200-04/","expLinearModelpositive","1.59541216700561","2902.85368489619","-0.797774003867229","61.2458687645731","1001.50242589434"
"mFlipHC/uf200-05/","expLinearModelpositive","2.07816804058295","4527.98463901657","-0.864748966241293","78.3405803809588","979.60688440607"
"mFlipHC/uf200-06/","expLinearModelpositive","1.34281458806567","3736.28107025799","-0.835172558568149","71.1968566190442","1020.37330147656"
"mFlipHC/uf200-07/","expLinearModelpositive","1.55902090173866","4493.10763511527","-0.866898663228872","75.1749995036018","850.101192042767"
"mFlipHC/uf200-08/","expLinearModelpositive","1.32150268778117","2861.89529412605","-0.786135717791372","65.3173301570322","1132.97477359446"
"mFlipHC/uf200-09/","expLinearModelpositive","1.40425230210241","3593.51921675561","-0.833345922898947","64.6071748508159","1046.58628175891"
"mFlipHC/uf200-10/","expLinearModelpositive","1.31748731003333","2721.45927891032","-0.773532683849933","61.8090763047944","1061.94841597826"
"mFlipHC/uf225-01/","expLinearModelpositive","1.38925854188571","4513.01485203534","-0.840485024547399","71.0235940503889","1252.38081245457"
"mFlipHC/uf225-02/","expLinearModelpositive","0.766655638651147","6980.10994276578","-0.908340264674745","84.9658681418244","1476.40817236637"
"mFlipHC/uf225-03/","expLinearModelpositive","1.58737700703017","3835.04696647662","-0.80837265226649","71.2796307610223","1125.3691386413"
"mFlipHC/uf225-04/","expLinearModelpositive","1.58947732150963","2926.60708046563","-0.752962633091055","71.5954567768806","890.034761904499"
"mFlipHC/uf225-05/","expLinearModelpositive","0.697203054077359","4149.67219480206","-0.829828424436667","68.7405096377254","1177.85720199672"
"mFlipHC/uf225-06/","expLinearModelpositive","2.47376416989362","4590.50330013108","-0.827755241854091","81.0692279494985","1039.27474642592"
"mFlipHC/uf225-07/","expLinearModelpositive","1.0747660144392","3322.74691011845","-0.773576298740457","72.6205821418905","1304.78636376055"
"mFlipHC/uf225-08/","expLinearModelpositive","2.1001334061636","4839.97997807672","-0.848734921392825","79.0487430248171","904.749829484213"
"mFlipHC/uf225-09/","expLinearModelpositive","2.39045996316932","3301.87528454461","-0.783516979832398","70.6523875472895","1006.25306235401"
"mFlipHC/uf225-10/","expLinearModelpositive","1.07051497022421","2950.41761497103","-0.766236986253492","64.6081940023941","1267.44494267099"
"mFlipHC/uf250-01/","expLinearModelpositive","0.479704889964576","4788.82958469661","-0.814999871666233","73.6794912657474","1299.83725485774"
"mFlipHC/uf250-02/","expLinearModelpositive","1.39818147310075","3813.25596343809","-0.765755172424124","74.5190945429046","1283.02039194633"
"mFlipHC/uf250-03/","expLinearModelpositive","1.75036546351626","4518.09955434417","-0.804206127593435","78.899188062159","914.640404428022"
"mFlipHC/uf250-04/","expLinearModelpositive","0.542648414001537","5988.19475396539","-0.847702998237527","88.8830039885461","1525.99452642792"
"mFlipHC/uf250-05/","expLinearModelpositive","2.37027309597272","3504.64676387895","-0.75875390310888","73.7937830081977","1200.63722843143"
"mFlipHC/uf250-06/","expLinearModelpositive","1.30577725264538","4240.51136165767","-0.789754793351653","80.8354943087164","961.147276733386"
"mFlipHC/uf250-07/","expLinearModelpositive","2.04244511231492","5021.53749572116","-0.821832404272598","79.3961214537722","909.454834218618"
"mFlipHC/uf250-08/","expLinearModelpositive","1.23140012820239","4279.16390242839","-0.793561729408141","76.0058154014862","1357.00456581895"
"mFlipHC/uf250-09/","expLinearModelpositive","1.44753548170594","3214.3447254333","-0.749242296512498","69.2602429405356","1229.93437689596"
"mFlipHC/uf250-10/","expLinearModelpositive","1.30089673848324","2847.3685036749","-0.726024981769708","60.7318752692302","1198.68940268819"
"mFlipHCrs/uf020-01/","expLinearModelpositive","-0.569456141936138","11.0186025954941","-0.330785662276685","-0.247062621981059","60.9864572038631"
"mFlipHCrs/uf020-01/","expLinearModelpositive","-0.569449199815356","11.0186094877816","-0.3307865524455","-0.247059602949114","60.9864572038769"
"mFlipHCrs/uf020-02/","expLinearModelpositive","0.351191279346623","73.4285089533223","-1.00037477831447","5.94001663000576","109.016342320713"
"mFlipHCrs/uf020-03/","expLinearModelpositive","0.127224843910313","19.0005368559802","-0.533075095355057","1.94497201717963","110.590901420512"
"mFlipHCrs/uf020-04/","expLinearModelpositive","0.0779782929644829","41.9879871234349","-0.64801787462974","8.65688166690234","84.5393337253546"
"mFlipHCrs/uf020-05/","expLinearModelpositive","0.205913733605319","76.9184101471459","-0.824753333412929","10.2978219863875","87.6712656912861"
"mFlipHCrs/uf020-06/","expLinearModelpositive","0.0421799802868742","31.0127401403662","-0.607396749537133","4.94399336552895","90.135671560108"
"mFlipHCrs/uf020-07/","expLinearModelpositive","0.375533705794199","668.710176725591","-1.42156296309342","17.7976728917137","76.3430009195179"
"mFlipHCrs/uf020-08/","expLinearModelpositive","0.0986218999011078","28.1002311254213","-0.603352497230533","4.59030911097437","87.2156998833937"
"mFlipHCrs/uf020-09/","expLinearModelpositive","0.260477980744539","39.3571860786323","-0.697461607398894","7.41226014656426","65.9443075205062"
"mFlipHCrs/uf020-10/","expLinearModelpositive","0.143114134197987","49.2389257502522","-0.77049550430286","5.99503042243902","114.889841074917"
"mFlipHCrs/uf050-01/","expLinearModelpositive","-0.369348598161846","120.68243813439","-0.525132632055844","18.6151723674941","183.2917175033"
"mFlipHCrs/uf050-02/","expLinearModelpositive","0.184579649982024","186.323191478475","-0.631273663332031","27.0540426208324","180.200649961003"
"mFlipHCrs/uf050-03/","expLinearModelpositive","-0.939703386724076","169.537748837515","-0.580217810477949","25.0085800378201","254.167720306809"
"mFlipHCrs/uf050-04/","expLinearModelpositive","-0.82228806509491","98.6115462590146","-0.456304473957084","17.0705654410409","182.223834232934"
"mFlipHCrs/uf050-05/","expLinearModelpositive","-1.11503426625005","122.252621863475","-0.551599954559116","15.8690849357443","298.416576884902"
"mFlipHCrs/uf050-06/","expLinearModelpositive","-0.00266923884213008","154.076278518758","-0.568185221171411","25.1001009154653","168.550811497707"
"mFlipHCrs/uf050-07/","expLinearModelpositive","-0.704920861945603","122.548034814353","-0.515702989971005","17.9856299784751","197.488014422057"
"mFlipHCrs/uf050-08/","expLinearModelpositive","-0.205953833672722","121.661703295757","-0.510661029900695","22.9019193863402","164.921622259382"
"mFlipHCrs/uf050-09/","expLinearModelpositive","-0.787786862526548","101.857149901569","-0.488759593003373","14.2426587206986","226.018595169902"
"mFlipHCrs/uf050-10/","expLinearModelpositive","-1.44168963986667","85.4898777165704","-0.427362420818285","13.9768838182783","211.256690516028"
"mFlipHCrs/uf075-01/","expLinearModelpositive","-2.39983676499018","140.648589186652","-0.398298206124512","20.8539119921679","327.09216783102"
"mFlipHCrs/uf075-02/","expLinearModelpositive","-0.958104869835456","242.755584900447","-0.526914074252473","30.2298824481598","257.407743744755"
"mFlipHCrs/uf075-03/","expLinearModelpositive","-0.120731577181142","181.264799319648","-0.467013837449019","23.4230289285741","262.207361323519"
"mFlipHCrs/uf075-04/","expLinearModelpositive","-0.19076161307914","172.443683157673","-0.46399102761781","20.5402760552148","307.903619648011"
"mFlipHCrs/uf075-05/","expLinearModelpositive","-0.472218714501048","167.363186381987","-0.464685702162908","20.059313720275","267.149660840742"
"mFlipHCrs/uf075-06/","expLinearModelpositive","-0.912242783807838","147.793138542809","-0.444525524053034","20.8201588155386","339.306660044135"
"mFlipHCrs/uf075-07/","expLinearModelpositive","-0.634273054756343","157.16677179066","-0.439124421676504","22.3295877073517","273.49237106841"
"mFlipHCrs/uf075-08/","expLinearModelpositive","-0.0156744688896947","332.638903724658","-0.58663091881544","40.6670935027563","299.505561024311"
"mFlipHCrs/uf075-09/","expLinearModelpositive","-1.86026958572071","184.66896519952","-0.464229965525494","25.4616675826543","302.579816119698"
"mFlipHCrs/uf075-10/","expLinearModelpositive","-1.01053347137737","254.762848998903","-0.550302910780625","31.1334295794743","316.811476689405"
"mFlipHCrs/uf100-01/","expLinearModelpositive","-1.21716324345818","199.744380575177","-0.404733411550707","31.1643915815678","416.410306834857"
"mFlipHCrs/uf100-02/","expLinearModelpositive","-0.12714180326186","340.817964144357","-0.510219721730286","41.3290667761824","370.662312169552"
"mFlipHCrs/uf100-03/","expLinearModelpositive","-1.1579908789684","220.335449231494","-0.430607294971538","26.5794134267011","401.678248729125"
"mFlipHCrs/uf100-04/","expLinearModelpositive","-0.947418520096392","276.193953823793","-0.462722965498566","41.8048960205742","412.26093323996"
"mFlipHCrs/uf100-05/","expLinearModelpositive","-0.121941663639318","488.953857447959","-0.55819810163059","64.2537566997383","377.056989885999"
"mFlipHCrs/uf100-06/","expLinearModelpositive","-2.25780504203626","453.731654199561","-0.56253214284304","45.6633992354621","598.125453579934"
"mFlipHCrs/uf100-07/","expLinearModelpositive","-2.37990108595418","233.928494901963","-0.424993249881478","32.4411550617159","396.70872802102"
"mFlipHCrs/uf100-08/","expLinearModelpositive","-0.118376486122842","316.407620486784","-0.489983389939025","41.7447404040702","360.924646731417"
"mFlipHCrs/uf100-09/","expLinearModelpositive","-1.04898129414972","188.958882739338","-0.388759922280337","25.344152494577","339.081304708282"
"mFlipHCrs/uf100-10/","expLinearModelpositive","-0.422587342091269","312.967424016347","-0.495492388184924","37.2917590992102","383.263189813054"
"mFlipHCrs/uf125-01/","expLinearModelpositive","-1.2447568030869","319.723670554001","-0.426607836869904","37.3658179656023","557.263073587723"
"mFlipHCrs/uf125-02/","expLinearModelpositive","-1.3228987447749","239.086510738652","-0.370965772613836","28.9153523273603","516.222672509169"
"mFlipHCrs/uf125-03/","expLinearModelpositive","-1.96476342070013","401.011575933882","-0.466620759154449","47.790734137146","552.298400015891"
"mFlipHCrs/uf125-04/","expLinearModelpositive","-1.06885709781664","446.936871452949","-0.490926948062914","49.8784760912812","532.09543497661"
"mFlipHCrs/uf125-05/","expLinearModelpositive","-1.09065959588578","454.933561574101","-0.485300619153655","54.2221905243254","511.237022696158"
"mFlipHCrs/uf125-06/","expLinearModelpositive","-0.87704667273032","396.402256132069","-0.460553555659785","55.0407946555823","439.056238275852"
"mFlipHCrs/uf125-07/","expLinearModelpositive","-3.52663045040806","371.011175281129","-0.448244228470328","44.05617790044","685.736887584843"
"mFlipHCrs/uf125-08/","expLinearModelpositive","-1.98519102413178","355.932542354349","-0.438088126359692","43.3054189811859","603.096581336476"
"mFlipHCrs/uf125-09/","expLinearModelpositive","-1.82598864409696","331.504552664709","-0.434252125355653","40.1680076414615","559.395127135972"
"mFlipHCrs/uf125-10/","expLinearModelpositive","-0.919606676973682","407.918695011544","-0.465806395401983","50.452825236199","518.162471375353"
"mFlipHCrs/uf150-01/","expLinearModelpositive","-3.64873950935772","348.375219237784","-0.389824901880906","41.7378537159538","741.977455845434"
"mFlipHCrs/uf150-02/","expLinearModelpositive","-1.8180996234472","379.915630000223","-0.416843182256161","40.2702400966471","690.319574007525"
"mFlipHCrs/uf150-03/","expLinearModelpositive","-1.09047971913954","382.115817229002","-0.417678727330816","40.4476691240534","677.872006405446"
"mFlipHCrs/uf150-04/","expLinearModelpositive","-3.07467785951948","368.721267126208","-0.394125278347135","46.5066485948407","698.274680352607"
"mFlipHCrs/uf150-05/","expLinearModelpositive","-1.56161590965497","355.841760496608","-0.402732485370049","39.2534809171462","729.574135910293"
"mFlipHCrs/uf150-06/","expLinearModelpositive","-2.75500779686016","407.193128160587","-0.408392853110515","51.2987464577396","617.955026344353"
"mFlipHCrs/uf150-07/","expLinearModelpositive","-1.15224804524771","368.242732704075","-0.405138069004778","45.8502715075188","622.10736442019"
"mFlipHCrs/uf150-08/","expLinearModelpositive","-4.40651816902579","334.422059629443","-0.384600124363774","38.8727271456682","732.442192491388"
"mFlipHCrs/uf150-09/","expLinearModelpositive","-1.26115375119387","503.034748120207","-0.452964422104889","63.7083898821859","700.010704431119"
"mFlipHCrs/uf150-10/","expLinearModelpositive","-2.27366474164995","423.774065867347","-0.422664327506304","50.7419315564865","705.370372710891"
"mFlipHCrs/uf175-01/","expLinearModelpositive","-0.7161283268031","504.706261431899","-0.426824428959644","50.1982299230376","804.354772085845"
"mFlipHCrs/uf175-02/","expLinearModelpositive","-1.35860455432469","554.643755569949","-0.429445879940111","63.4500827608252","772.808125607008"
"mFlipHCrs/uf175-03/","expLinearModelpositive","-2.64640817408594","451.177153026703","-0.40258810665496","48.7376833259474","907.517508228521"
"mFlipHCrs/uf175-04/","expLinearModelpositive","-1.97808054556471","441.030856761316","-0.394905682338119","52.017135503582","779.473456015923"
"mFlipHCrs/uf175-05/","expLinearModelpositive","-0.679790859322988","699.655109539844","-0.465715389960673","89.5306686474916","814.154688624676"
"mFlipHCrs/uf175-06/","expLinearModelpositive","-0.803536756570374","575.301079914811","-0.444788587005227","72.340642307973","895.137272939852"
"mFlipHCrs/uf175-07/","expLinearModelpositive","-1.1681135583351","759.978952549713","-0.491882065990788","80.0268182171126","1044.34439133505"
"mFlipHCrs/uf175-08/","expLinearModelpositive","-1.71605581495141","652.273331729079","-0.466168306037234","69.7941076426222","786.966614274129"
"mFlipHCrs/uf175-09/","expLinearModelpositive","-0.446380920883026","679.096475949479","-0.470030876898293","71.6816991204402","821.217262417055"
"mFlipHCrs/uf175-10/","expLinearModelpositive","-2.07569973609302","458.920446923907","-0.397255084826643","56.9241744846297","865.350508138069"
"mFlipHCrs/uf200-01/","expLinearModelpositive","-1.36535398503185","532.944925123256","-0.402897117851433","53.8381402765148","1093.22884972536"
"mFlipHCrs/uf200-02/","expLinearModelpositive","-1.31081093645352","583.95275340595","-0.411614819879737","67.4921799547076","949.847807943018"
"mFlipHCrs/uf200-03/","expLinearModelpositive","-2.81674881952631","588.599662297369","-0.416461034182555","63.8958998266321","1206.53038493279"
"mFlipHCrs/uf200-04/","expLinearModelpositive","-1.79428899972326","565.898435601756","-0.40387156700592","66.4662388427793","864.274502301783"
"mFlipHCrs/uf200-05/","expLinearModelpositive","-1.08383474692974","614.419026521844","-0.421751215154395","70.997412532923","1218.90584177084"
"mFlipHCrs/uf200-06/","expLinearModelpositive","-0.699135612146079","840.428372920476","-0.461729948595484","101.081258828529","877.602041970183"
"mFlipHCrs/uf200-07/","expLinearModelpositive","-1.60016920235476","566.749450126811","-0.408785069517627","62.4191321966308","1011.98421389993"
"mFlipHCrs/uf200-08/","expLinearModelpositive","-1.13736252248956","559.809044778249","-0.410913032024946","56.2458790511255","1073.82211779375"
"mFlipHCrs/uf200-09/","expLinearModelpositive","-1.17623809024832","670.232193922618","-0.432871469607596","73.8435961609366","1031.9681207022"
"mFlipHCrs/uf200-10/","expLinearModelpositive","-1.41823181626786","551.465105548387","-0.400227796695824","68.555325319868","990.658743069993"
"mFlipHCrs/uf225-01/","expLinearModelpositive","-1.97227141996793","769.537331080172","-0.429241519619758","84.8970386662811","1110.95506141075"
"mFlipHCrs/uf225-02/","expLinearModelpositive","-2.91585806212913","770.674753733112","-0.427657016336508","82.8389649087366","1316.89102815044"
"mFlipHCrs/uf225-03/","expLinearModelpositive","-1.2756928479452","732.16453799691","-0.423983780196486","76.1434726864452","1166.26761456485"
"mFlipHCrs/uf225-04/","expLinearModelpositive","-1.33930405051011","711.673161086559","-0.412426488103088","79.9899901933781","1141.7953591922"
"mFlipHCrs/uf225-05/","expLinearModelpositive","-2.64415621405382","742.267679585901","-0.424001148894373","79.5200695514576","1172.65765010438"
"mFlipHCrs/uf225-06/","expLinearModelpositive","-0.434653400175817","822.135489377229","-0.431010775566889","96.8605092827115","917.172870896275"
"mFlipHCrs/uf225-07/","expLinearModelpositive","-3.64016450974611","612.904846100325","-0.383949419660917","63.6817353251053","1230.78712471209"
"mFlipHCrs/uf225-08/","expLinearModelpositive","-1.0264098855812","685.82645773471","-0.407687043906926","81.6206478201672","1166.35213218362"
"mFlipHCrs/uf225-09/","expLinearModelpositive","-0.895967591493385","677.516063415686","-0.40833417275071","73.7520649662009","1118.06683353141"
"mFlipHCrs/uf225-10/","expLinearModelpositive","-1.0941861474692","809.245836872447","-0.443155893445461","77.3373027866582","1206.56177866816"
"mFlipHCrs/uf250-01/","expLinearModelpositive","-3.03562381700528","815.255320579739","-0.415544072606954","84.0251458881304","1581.49625623534"
"mFlipHCrs/uf250-02/","expLinearModelpositive","-1.74290660523068","795.795497107537","-0.404348870663372","92.4765464979222","1440.15711631523"
"mFlipHCrs/uf250-03/","expLinearModelpositive","-0.917352809729762","900.71545526028","-0.430603168557038","101.343471134792","1136.70104143352"
"mFlipHCrs/uf250-04/","expLinearModelpositive","-3.03311668215566","976.143412747879","-0.441410289965216","95.0615898883695","1501.72575593873"
"mFlipHCrs/uf250-05/","expLinearModelpositive","-0.995173236027245","899.757087542972","-0.427012991973515","94.9433224354181","1663.61325890417"
"mFlipHCrs/uf250-06/","expLinearModelpositive","-2.86607957690678","816.677806577325","-0.408394007701274","87.7389191638595","1380.3564544137"
"mFlipHCrs/uf250-07/","expLinearModelpositive","-1.54066660262202","864.747530851697","-0.418767815675858","96.4125285243799","1375.85871597868"
"mFlipHCrs/uf250-08/","expLinearModelpositive","-1.78884886101807","992.722188649905","-0.441253453173377","113.024755363866","1401.10879259075"
"mFlipHCrs/uf250-09/","expLinearModelpositive","-1.72213608286968","830.474759786474","-0.409946005977766","94.8170678818867","1311.42004681156"
"mFlipHCrs/uf250-10/","expLinearModelpositive","-2.40524894379737","629.278593201342","-0.375477971410633","63.1471811574439","1400.25761351481"
