"instance_alogorithm_name",""
"mFlipHCrs/uf250-10/","0.230991885147815"
"mFlipHCrs/uf250-09/","0.169268655576211"
"mFlipHCrs/uf250-08/","0.178872139685538"
"mFlipHCrs/uf250-07/","0.173083603689839"
"mFlipHCrs/uf250-06/","0.209700841544018"
"mFlipHCrs/uf250-05/","0.17779317853966"
"mFlipHCrs/uf250-04/","0.203805286549373"
"mFlipHCrs/uf250-03/","8.75056139740013"
"mFlipHCrs/uf250-02/","0.0571949202283495"
"mFlipHCrs/uf250-01/","1.11062466052769"
"mFlipHCrs/uf225-10/","0.123941500685928"
"mFlipHCrs/uf225-09/","0.159034470976018"
"mFlipHCrs/uf225-08/","0.550614727752243"
"mFlipHCrs/uf225-07/","0.145830804627001"
"mFlipHCrs/uf225-06/","0.141426077794078"
"mFlipHCrs/uf225-05/","0.0780832255935446"
"mFlipHCrs/uf225-04/","0.188481356716433"
"mFlipHCrs/uf225-03/","6.86272315676017"
"mFlipHCrs/uf225-02/","0.175549608739362"
"mFlipHCrs/uf225-01/","0.207798865652014"
"mFlipHCrs/uf200-10/","0.215102150534568"
"mFlipHCrs/uf200-09/","0.171488081832431"
"mFlipHCrs/uf200-08/","0.0636974779454392"
"mFlipHCrs/uf200-07/","0.213305327240814"
"mFlipHCrs/uf200-06/","0.0479209759819797"
"mFlipHCrs/uf200-05/","0.0499817935237932"
"mFlipHCrs/uf200-04/","0.0995984939196128"
"mFlipHCrs/uf200-03/","0.814504006423515"
"mFlipHCrs/uf200-02/","0.0753656760770267"
"mFlipHCrs/uf200-01/","0.141396500045204"
"mFlipHCrs/uf175-10/","0.0778930323475823"
"mFlipHCrs/uf175-09/","0.04738594194285"
"mFlipHCrs/uf175-08/","0.154972356721619"
"mFlipHCrs/uf175-07/","0.195176383352911"
"mFlipHCrs/uf175-06/","0.184313700129566"
"mFlipHCrs/uf175-05/","0.100973617655786"
"mFlipHCrs/uf175-04/","0.234025238657072"
"mFlipHCrs/uf175-03/","0.169062002675687"
"mFlipHCrs/uf175-02/","0.211274385292512"
"mFlipHCrs/uf175-01/","0.0737611833698209"
"mFlipHCrs/uf150-10/","0.0789627487896327"
"mFlipHCrs/uf150-09/","6.86144191207923"
"mFlipHCrs/uf150-08/","0.113784305433808"
"mFlipHCrs/uf150-07/","0.182855013643158"
"mFlipHCrs/uf150-06/","0.202823806062519"
"mFlipHCrs/uf150-05/","0.0817104491622844"
"mFlipHCrs/uf150-04/","0.112392577477315"
"mFlipHCrs/uf150-03/","0.0825334818002247"
"mFlipHCrs/uf150-02/","0.0794183966608819"
"mFlipHCrs/uf150-01/","0.141408660130316"
"mFlipHCrs/uf125-10/","0.137301582002684"
"mFlipHCrs/uf125-09/","0.116518796861357"
"mFlipHCrs/uf125-08/","0.13855708173866"
"mFlipHCrs/uf125-07/","0.154468541908786"
"mFlipHCrs/uf125-06/","0.655884160613742"
"mFlipHCrs/uf125-05/","0.166881450681744"
"mFlipHCrs/uf125-04/","0.171268843156183"
"mFlipHCrs/uf125-03/","0.158259274933499"
"mFlipHCrs/uf125-02/","0.0945612630667644"
"mFlipHCrs/uf125-01/","0.0792424739509485"
"mFlipHCrs/uf100-10/","0.105195851204543"
"mFlipHCrs/uf100-09/","0.0909350500230101"
"mFlipHCrs/uf100-08/","0.560884469923944"
"mFlipHCrs/uf100-07/","0.130242832206746"
"mFlipHCrs/uf100-06/","0.18204246271259"
"mFlipHCrs/uf100-05/","0.158446861408699"
"mFlipHCrs/uf100-04/","0.114615471088092"
"mFlipHCrs/uf100-03/","0.116609474610639"
"mFlipHCrs/uf100-02/","0.0836948239860773"
"mFlipHCrs/uf100-01/","0.117125330627688"
"mFlipHCrs/uf075-10/","0.126622105683768"
"mFlipHCrs/uf075-09/","0.165502094991846"
"mFlipHCrs/uf075-08/","0.165505049948065"
"mFlipHCrs/uf075-07/","0.172153236573475"
"mFlipHCrs/uf075-06/","0.116824364564003"
"mFlipHCrs/uf075-05/","0.101603780589673"
"mFlipHCrs/uf075-04/","0.121468979174733"
"mFlipHCrs/uf075-03/","0.563102562014455"
"mFlipHCrs/uf075-02/","0.156567748404593"
"mFlipHCrs/uf075-01/","0.208234924427676"
"mFlipHCrs/uf050-10/","0.386598182038901"
"mFlipHCrs/uf050-09/","0.419331870725327"
"mFlipHCrs/uf050-08/","0.168590990619405"
"mFlipHCrs/uf050-07/","0.205852124552855"
"mFlipHCrs/uf050-06/","0.182977087430301"
"mFlipHCrs/uf050-05/","0.344505603905811"
"mFlipHCrs/uf050-04/","0.139116679088382"
"mFlipHCrs/uf050-03/","0.257972597218339"
"mFlipHCrs/uf050-02/","0.142310460114842"
"mFlipHCrs/uf050-01/","0.187049887229084"
"mFlipHCrs/uf020-10/","0.430675013783754"
"mFlipHCrs/uf020-09/","0.360203130905412"
"mFlipHCrs/uf020-08/","0.327011995438821"
"mFlipHCrs/uf020-07/","0.313005892086254"
"mFlipHCrs/uf020-06/","0.292057850528922"
"mFlipHCrs/uf020-05/","0.359651417871433"
"mFlipHCrs/uf020-04/","0.318892930489535"
"mFlipHCrs/uf020-03/","0.322368234842134"
"mFlipHCrs/uf020-02/","0.616863316723366"
"mFlipHCrs/uf020-01/","0.281433442746265"
"mFlipHCrs/uf020-01/","0.281426006141989"
"mFlipHC/uf250-10/","0.048317155014583"
"mFlipHC/uf250-09/","0.0509414834282308"
"mFlipHC/uf250-08/","0.134280859071766"
"mFlipHC/uf250-07/","0.369188701975389"
"mFlipHC/uf250-06/","0.441609540775976"
"mFlipHC/uf250-05/","0.268427603655108"
"mFlipHC/uf250-04/","0.13097180476144"
"mFlipHC/uf250-03/","0.0616636977121867"
"mFlipHC/uf250-02/","0.0470019243325601"
"mFlipHC/uf250-01/","0.151237064888319"
"mFlipHC/uf225-10/","0.075005253615101"
"mFlipHC/uf225-09/","0.228048749175116"
"mFlipHC/uf225-08/","0.0864636292357264"
"mFlipHC/uf225-07/","0.125297937007802"
"mFlipHC/uf225-06/","0.0882272696334008"
"mFlipHC/uf225-05/","0.129716872534492"
"mFlipHC/uf225-04/","0.0398479744350208"
"mFlipHC/uf225-03/","0.0701983880743252"
"mFlipHC/uf225-02/","0.115994429248061"
"mFlipHC/uf225-01/","0.0971185421786507"
"mFlipHC/uf200-10/","0.364311924736514"
"mFlipHC/uf200-09/","0.323880265315626"
"mFlipHC/uf200-08/","0.0787724040248024"
"mFlipHC/uf200-07/","0.274824832355627"
"mFlipHC/uf200-06/","0.0731359439161887"
"mFlipHC/uf200-05/","0.0754968719777047"
"mFlipHC/uf200-04/","0.122737280780671"
"mFlipHC/uf200-03/","0.0706334584918634"
"mFlipHC/uf200-02/","0.0283392650568087"
"mFlipHC/uf200-01/","0.0679356959250383"
"mFlipHC/uf175-10/","0.127228605661323"
"mFlipHC/uf175-09/","0.0705421167552093"
"mFlipHC/uf175-08/","0.104454001564972"
"mFlipHC/uf175-07/","0.0909458570044933"
"mFlipHC/uf175-06/","0.0858748960456892"
"mFlipHC/uf175-05/","0.0718115323730889"
"mFlipHC/uf175-04/","0.371610370279534"
"mFlipHC/uf175-03/","0.0775860752987005"
"mFlipHC/uf175-02/","0.052524120355224"
"mFlipHC/uf175-01/","0.0520437639684425"
"mFlipHC/uf150-10/","0.0866319459264853"
"mFlipHC/uf150-09/","0.0795975888918319"
"mFlipHC/uf150-08/","0.0993323639252043"
"mFlipHC/uf150-07/","0.064514365798563"
"mFlipHC/uf150-06/","0.115560676349729"
"mFlipHC/uf150-05/","0.0729197678428714"
"mFlipHC/uf150-04/","0.0914289909761393"
"mFlipHC/uf150-03/","0.0560375937951433"
"mFlipHC/uf150-02/","0.137625381488931"
"mFlipHC/uf150-01/","0.0898785099826933"
"mFlipHC/uf125-10/","0.0871821156707307"
"mFlipHC/uf125-09/","0.171700740644189"
"mFlipHC/uf125-08/","0.136431235420398"
"mFlipHC/uf125-07/","0.10952671906163"
"mFlipHC/uf125-06/","0.150864680544108"
"mFlipHC/uf125-05/","0.121965570677953"
"mFlipHC/uf125-04/","0.102292612994801"
"mFlipHC/uf125-03/","0.121183488149784"
"mFlipHC/uf125-02/","0.123299547258186"
"mFlipHC/uf125-01/","0.132540105954929"
"mFlipHC/uf100-10/","0.10441009738403"
"mFlipHC/uf100-09/","0.117245771099313"
"mFlipHC/uf100-08/","0.0749084665226626"
"mFlipHC/uf100-07/","0.130510050101067"
"mFlipHC/uf100-06/","0.25701807226793"
"mFlipHC/uf100-05/","0.077204838856383"
"mFlipHC/uf100-04/","0.134731450151252"
"mFlipHC/uf100-03/","0.382425211562468"
"mFlipHC/uf100-02/","0.0910072382261651"
"mFlipHC/uf100-01/","0.141666270631169"
"mFlipHC/uf075-10/","0.214894194511387"
"mFlipHC/uf075-09/","0.289072817655503"
"mFlipHC/uf075-08/","0.230006293257878"
"mFlipHC/uf075-07/","0.146431884164067"
"mFlipHC/uf075-06/","0.103721201070571"
"mFlipHC/uf075-05/","0.140362738640301"
"mFlipHC/uf075-04/","0.0830931736394849"
"mFlipHC/uf075-03/","0.108845414959994"
"mFlipHC/uf075-02/","0.466156599774508"
"mFlipHC/uf075-01/","0.238259402532512"
"mFlipHC/uf050-10/","0.308093610899505"
"mFlipHC/uf050-09/","0.176676485831225"
"mFlipHC/uf050-08/","0.265036888008936"
"mFlipHC/uf050-07/","0.19095311693005"
"mFlipHC/uf050-06/","0.16095660305357"
"mFlipHC/uf050-05/","0.295227141076921"
"mFlipHC/uf050-04/","0.243520862101423"
"mFlipHC/uf050-03/","0.431795317131919"
"mFlipHC/uf050-02/","0.207694696440412"
"mFlipHC/uf050-01/","0.245685530326532"
"mFlipHC/uf020-10/","0.467213760456091"
"mFlipHC/uf020-09/","0.285680692994797"
"mFlipHC/uf020-08/","0.415888663868876"
"mFlipHC/uf020-07/","0.392566015076373"
"mFlipHC/uf020-06/","0.364162514455672"
"mFlipHC/uf020-05/","0.393435688482693"
"mFlipHC/uf020-04/","0.399736354166052"
"mFlipHC/uf020-03/","0.566820828963524"
"mFlipHC/uf020-02/","0.546122740015549"
"mFlipHC/uf020-01/","0.348665497813064"
"mFlipHC/uf020-01/","0.33885402051199"
"2FlipHCrs/uf250-10/","0.981285209443516"
"2FlipHCrs/uf250-09/","0.201228889606165"
"2FlipHCrs/uf250-08/","0.0782417217759214"
"2FlipHCrs/uf250-07/","0.0354955680833895"
"2FlipHCrs/uf250-06/","0.24823546729455"
"2FlipHCrs/uf250-05/","0.682096724809791"
"2FlipHCrs/uf250-04/","0.222874418342659"
"2FlipHCrs/uf250-03/","0.135701408570996"
"2FlipHCrs/uf250-02/","0.593552722286945"
"2FlipHCrs/uf250-01/","0.0836758087936803"
"2FlipHCrs/uf225-10/","0.0538197171715372"
"2FlipHCrs/uf225-09/","0.0398463663466868"
"2FlipHCrs/uf225-08/","0.1058231790693"
"2FlipHCrs/uf225-07/","0.245704979932655"
"2FlipHCrs/uf225-06/","0.753025899784407"
"2FlipHCrs/uf225-05/","0.242801021860552"
"2FlipHCrs/uf225-04/","0.111618280008182"
"2FlipHCrs/uf225-03/","0.117105588690358"
"2FlipHCrs/uf225-02/","0.206523450162208"
"2FlipHCrs/uf225-01/","0.102962695070384"
"2FlipHCrs/uf200-10/","0.805081962224347"
"2FlipHCrs/uf200-09/","0.173724675389236"
"2FlipHCrs/uf200-08/","0.124731591332469"
"2FlipHCrs/uf200-07/","0.883069319725692"
"2FlipHCrs/uf200-06/","0.101649737146208"
"2FlipHCrs/uf200-05/","0.038955692085496"
"2FlipHCrs/uf200-04/","0.106804235108506"
"2FlipHCrs/uf200-03/","0.222174878323902"
"2FlipHCrs/uf200-02/","0.0403603481127533"
"2FlipHCrs/uf200-01/","0.0545211787623297"
"2FlipHCrs/uf175-10/","0.224092362057841"
"2FlipHCrs/uf175-09/","0.0279306648751318"
"2FlipHCrs/uf175-08/","0.873408840283666"
"2FlipHCrs/uf175-07/","0.0628931028093839"
"2FlipHCrs/uf175-06/","0.664078755264984"
"2FlipHCrs/uf175-05/","0.112117683708373"
"2FlipHCrs/uf175-04/","0.214170578400288"
"2FlipHCrs/uf175-03/","0.228240155562155"
"2FlipHCrs/uf175-02/","0.864357399531532"
"2FlipHCrs/uf175-01/","0.173016582114844"
"2FlipHCrs/uf150-10/","0.0702795955943541"
"2FlipHCrs/uf150-09/","0.226588528278266"
"2FlipHCrs/uf150-08/","0.119371098048291"
"2FlipHCrs/uf150-07/","0.0996390498955949"
"2FlipHCrs/uf150-06/","0.775566131955342"
"2FlipHCrs/uf150-05/","0.22405414084413"
"2FlipHCrs/uf150-04/","0.857565626663457"
"2FlipHCrs/uf150-03/","0.178516394954784"
"2FlipHCrs/uf150-02/","0.0786024658458583"
"2FlipHCrs/uf150-01/","0.187869613227536"
"2FlipHCrs/uf125-10/","0.168815094741248"
"2FlipHCrs/uf125-09/","0.0821826959993709"
"2FlipHCrs/uf125-08/","0.105712899892313"
"2FlipHCrs/uf125-07/","0.095751196921466"
"2FlipHCrs/uf125-06/","0.24159858540595"
"2FlipHCrs/uf125-05/","0.158664040876005"
"2FlipHCrs/uf125-04/","0.676978477020458"
"2FlipHCrs/uf125-03/","0.0890141948524979"
"2FlipHCrs/uf125-02/","0.102855975968969"
"2FlipHCrs/uf125-01/","0.713194833668707"
"2FlipHCrs/uf100-10/","0.170442848927275"
"2FlipHCrs/uf100-09/","0.187854514303658"
"2FlipHCrs/uf100-08/","0.59870551416178"
"2FlipHCrs/uf100-07/","0.182713228592182"
"2FlipHCrs/uf100-06/","0.161622483147541"
"2FlipHCrs/uf100-05/","0.16137231990504"
"2FlipHCrs/uf100-04/","0.18939735729656"
"2FlipHCrs/uf100-03/","0.184284084019437"
"2FlipHCrs/uf100-02/","0.160032592000183"
"2FlipHCrs/uf100-01/","0.162128314105658"
"2FlipHCrs/uf075-10/","0.138556332341017"
"2FlipHCrs/uf075-09/","0.139381368718348"
"2FlipHCrs/uf075-08/","0.0942267444908689"
"2FlipHCrs/uf075-07/","0.11155086727495"
"2FlipHCrs/uf075-06/","0.106533231503308"
"2FlipHCrs/uf075-05/","0.121772261170842"
"2FlipHCrs/uf075-04/","0.198029061130708"
"2FlipHCrs/uf075-03/","0.23128637102959"
"2FlipHCrs/uf075-02/","0.132749183071448"
"2FlipHCrs/uf075-01/","0.218251158006499"
"2FlipHCrs/uf050-10/","0.188775945543916"
"2FlipHCrs/uf050-09/","0.253313438590383"
"2FlipHCrs/uf050-08/","0.125129802496699"
"2FlipHCrs/uf050-07/","0.176605954975484"
"2FlipHCrs/uf050-06/","0.12880641267261"
"2FlipHCrs/uf050-05/","0.279867111087919"
"2FlipHCrs/uf050-04/","0.156890656523758"
"2FlipHCrs/uf050-03/","0.394606683775615"
"2FlipHCrs/uf050-02/","0.216315410031943"
"2FlipHCrs/uf050-01/","0.228997542308497"
"2FlipHCrs/uf020-10/","0.44534915862665"
"2FlipHCrs/uf020-09/","0.264245228101444"
"2FlipHCrs/uf020-08/","0.281666371243848"
"2FlipHCrs/uf020-07/","0.626614883430689"
"2FlipHCrs/uf020-06/","0.30754714521167"
"2FlipHCrs/uf020-05/","0.343608602506301"
"2FlipHCrs/uf020-04/","0.27217006949772"
"2FlipHCrs/uf020-03/","0.283588339142197"
"2FlipHCrs/uf020-02/","0.35924530190773"
"2FlipHCrs/uf020-01/","0.282604077328434"
"2FlipHCrs/uf020-01/","0.289490318163397"
"2FlipHC/uf250-10/","0.103343315166187"
"2FlipHC/uf250-09/","0.0456260380450713"
"2FlipHC/uf250-08/","0.110029091131629"
"2FlipHC/uf250-07/","0.0987965877079448"
"2FlipHC/uf250-06/","0.0530755592770141"
"2FlipHC/uf250-05/","0.103888168377929"
"2FlipHC/uf250-04/","0.136298622908826"
"2FlipHC/uf250-03/","0.440806194876712"
"2FlipHC/uf250-02/","0.095655211507236"
"2FlipHC/uf250-01/","0.0691131915062736"
"2FlipHC/uf225-10/","0.0706949607862144"
"2FlipHC/uf225-09/","0.066870180011441"
"2FlipHC/uf225-08/","0.0593602568301241"
"2FlipHC/uf225-07/","0.115728583585586"
"2FlipHC/uf225-06/","0.0702039056620261"
"2FlipHC/uf225-05/","0.144046155611271"
"2FlipHC/uf225-04/","0.0380815452301863"
"2FlipHC/uf225-03/","0.323905511015256"
"2FlipHC/uf225-02/","0.606621045026337"
"2FlipHC/uf225-01/","0.10820096023494"
"2FlipHC/uf200-10/","0.0559789470832735"
"2FlipHC/uf200-09/","0.0712277152611625"
"2FlipHC/uf200-08/","0.270434651557409"
"2FlipHC/uf200-07/","0.0621961597185996"
"2FlipHC/uf200-06/","0.0810451370091445"
"2FlipHC/uf200-05/","0.0790411143457608"
"2FlipHC/uf200-04/","0.097375802657801"
"2FlipHC/uf200-03/","0.116178472766553"
"2FlipHC/uf200-02/","0.0767567998258703"
"2FlipHC/uf200-01/","0.263159445851916"
"2FlipHC/uf175-10/","0.0743971746012958"
"2FlipHC/uf175-09/","0.0622600200998666"
"2FlipHC/uf175-08/","0.161449605244126"
"2FlipHC/uf175-07/","0.0841282537744"
"2FlipHC/uf175-06/","0.0638281844073679"
"2FlipHC/uf175-05/","0.0455781143234755"
"2FlipHC/uf175-04/","0.176415050413842"
"2FlipHC/uf175-03/","0.482485539854051"
"2FlipHC/uf175-02/","0.123274292385249"
"2FlipHC/uf175-01/","0.0344865743901323"
"2FlipHC/uf150-10/","0.167565499887916"
"2FlipHC/uf150-09/","0.0839367230340219"
"2FlipHC/uf150-08/","0.512904192950123"
"2FlipHC/uf150-07/","0.0586261477881459"
"2FlipHC/uf150-06/","0.0876713853122733"
"2FlipHC/uf150-05/","0.0710637832097377"
"2FlipHC/uf150-04/","0.404828375191288"
"2FlipHC/uf150-03/","0.0738533183193946"
"2FlipHC/uf150-02/","0.0886425739571314"
"2FlipHC/uf150-01/","0.124636610395634"
"2FlipHC/uf125-10/","0.0662631919829505"
"2FlipHC/uf125-09/","0.15530039237318"
"2FlipHC/uf125-08/","0.109494749447093"
"2FlipHC/uf125-07/","0.121067230811214"
"2FlipHC/uf125-06/","0.143501981412209"
"2FlipHC/uf125-05/","0.132167538096397"
"2FlipHC/uf125-04/","0.135759226540707"
"2FlipHC/uf125-03/","0.123087708333642"
"2FlipHC/uf125-02/","0.122001539903484"
"2FlipHC/uf125-01/","0.141921415083384"
"2FlipHC/uf100-10/","0.138089255447651"
"2FlipHC/uf100-09/","0.115396270508583"
"2FlipHC/uf100-08/","0.186619361901376"
"2FlipHC/uf100-07/","0.141691078304494"
"2FlipHC/uf100-06/","0.180179149115848"
"2FlipHC/uf100-05/","0.116422403688689"
"2FlipHC/uf100-04/","0.127411699307927"
"2FlipHC/uf100-03/","0.355993318392343"
"2FlipHC/uf100-02/","0.0631419065623445"
"2FlipHC/uf100-01/","0.53786061493559"
"2FlipHC/uf075-10/","0.160971251801732"
"2FlipHC/uf075-09/","0.181241296346547"
"2FlipHC/uf075-08/","0.153259018903237"
"2FlipHC/uf075-07/","0.0711830690297393"
"2FlipHC/uf075-06/","0.154507228265843"
"2FlipHC/uf075-05/","0.122097514785136"
"2FlipHC/uf075-04/","0.0676786068601622"
"2FlipHC/uf075-03/","0.158598749306867"
"2FlipHC/uf075-02/","0.163727378253587"
"2FlipHC/uf075-01/","0.232753847440963"
"2FlipHC/uf050-10/","0.217215808737298"
"2FlipHC/uf050-09/","0.178622089010899"
"2FlipHC/uf050-08/","0.227306282942414"
"2FlipHC/uf050-07/","0.376042104322792"
"2FlipHC/uf050-06/","0.121566286697862"
"2FlipHC/uf050-05/","0.276483635397774"
"2FlipHC/uf050-04/","0.121879000623133"
"2FlipHC/uf050-03/","0.294739770423012"
"2FlipHC/uf050-02/","0.138419748318908"
"2FlipHC/uf050-01/","0.281202413517239"
"2FlipHC/uf020-10/","0.371128690892054"
"2FlipHC/uf020-09/","0.335113200019814"
"2FlipHC/uf020-08/","0.458795109404658"
"2FlipHC/uf020-07/","0.357325293177643"
"2FlipHC/uf020-06/","0.300668455603616"
"2FlipHC/uf020-05/","0.38389205422314"
"2FlipHC/uf020-04/","0.324832617433183"
"2FlipHC/uf020-03/","0.341401669297299"
"2FlipHC/uf020-02/","0.489533855869417"
"2FlipHC/uf020-01/","0.394949149373509"
"2FlipHC/uf020-01/","0.394049937292338"
"1FlipHCrs/uf250-10/","0.173066197511655"
"1FlipHCrs/uf250-09/","0.120941515429986"
"1FlipHCrs/uf250-08/","0.160948142179111"
"1FlipHCrs/uf250-07/","0.137199069364076"
"1FlipHCrs/uf250-06/","0.17246364320981"
"1FlipHCrs/uf250-05/","0.150096111787341"
"1FlipHCrs/uf250-04/","0.06921992626221"
"1FlipHCrs/uf250-03/","0.129737988416433"
"1FlipHCrs/uf250-02/","0.114936715900587"
"1FlipHCrs/uf250-01/","0.0761703917724255"
"1FlipHCrs/uf225-10/","0.053962490649671"
"1FlipHCrs/uf225-09/","0.127239433496956"
"1FlipHCrs/uf225-08/","0.0616932479679552"
"1FlipHCrs/uf225-07/","0.0805029174430421"
"1FlipHCrs/uf225-06/","0.121045314468625"
"1FlipHCrs/uf225-05/","0.800903487690935"
"1FlipHCrs/uf225-04/","0.731196858923889"
"1FlipHCrs/uf225-03/","0.516374796303572"
"1FlipHCrs/uf225-02/","0.134263215855096"
"1FlipHCrs/uf225-01/","0.0715627718933687"
"1FlipHCrs/uf200-10/","0.59108817829156"
"1FlipHCrs/uf200-09/","0.112445647038424"
"1FlipHCrs/uf200-08/","0.106564099288"
"1FlipHCrs/uf200-07/","0.128745581303673"
"1FlipHCrs/uf200-06/","0.0629465109116089"
"1FlipHCrs/uf200-05/","0.046390697033407"
"1FlipHCrs/uf200-04/","0.695191280358841"
"1FlipHCrs/uf200-03/","0.777279369944169"
"1FlipHCrs/uf200-02/","0.14327269597888"
"1FlipHCrs/uf200-01/","0.0826689915345448"
"1FlipHCrs/uf175-10/","0.173894118945897"
"1FlipHCrs/uf175-09/","0.0849566595879857"
"1FlipHCrs/uf175-08/","0.198331346321914"
"1FlipHCrs/uf175-07/","0.145217102109642"
"1FlipHCrs/uf175-06/","0.121781087789589"
"1FlipHCrs/uf175-05/","0.0610110213704417"
"1FlipHCrs/uf175-04/","0.123978042612574"
"1FlipHCrs/uf175-03/","0.707672594632374"
"1FlipHCrs/uf175-02/","0.567565982229915"
"1FlipHCrs/uf175-01/","0.410669227301414"
"1FlipHCrs/uf150-10/","0.16544907175265"
"1FlipHCrs/uf150-09/","0.150088764153517"
"1FlipHCrs/uf150-08/","7.26871904913636"
"1FlipHCrs/uf150-07/","0.101348781082887"
"1FlipHCrs/uf150-06/","0.150873343099164"
"1FlipHCrs/uf150-05/","0.211389043301033"
"1FlipHCrs/uf150-04/","0.153448308210899"
"1FlipHCrs/uf150-03/","0.0931440145060022"
"1FlipHCrs/uf150-02/","0.134844419374506"
"1FlipHCrs/uf150-01/","0.120244616768885"
"1FlipHCrs/uf125-10/","0.15088718091815"
"1FlipHCrs/uf125-09/","0.118957858592121"
"1FlipHCrs/uf125-08/","0.138081129847171"
"1FlipHCrs/uf125-07/","0.17658084124437"
"1FlipHCrs/uf125-06/","0.149783623379832"
"1FlipHCrs/uf125-05/","0.108319534548945"
"1FlipHCrs/uf125-04/","0.109068046188265"
"1FlipHCrs/uf125-03/","0.137211468719347"
"1FlipHCrs/uf125-02/","0.0813953829240102"
"1FlipHCrs/uf125-01/","0.140199204316667"
"1FlipHCrs/uf100-10/","0.142778783171827"
"1FlipHCrs/uf100-09/","0.130379021404266"
"1FlipHCrs/uf100-08/","0.167450270614755"
"1FlipHCrs/uf100-07/","0.137162365116538"
"1FlipHCrs/uf100-06/","0.199394137638127"
"1FlipHCrs/uf100-05/","0.135359148986028"
"1FlipHCrs/uf100-04/","0.134602763636345"
"1FlipHCrs/uf100-03/","0.149106098222385"
"1FlipHCrs/uf100-02/","0.123548808696183"
"1FlipHCrs/uf100-01/","0.190599847070393"
"1FlipHCrs/uf075-10/","0.360061446505222"
"1FlipHCrs/uf075-09/","0.162910380380944"
"1FlipHCrs/uf075-08/","0.132398548098207"
"1FlipHCrs/uf075-07/","0.128202155414814"
"1FlipHCrs/uf075-06/","0.144257143698249"
"1FlipHCrs/uf075-05/","0.185977380142638"
"1FlipHCrs/uf075-04/","0.167653435627737"
"1FlipHCrs/uf075-03/","0.0975121844053784"
"1FlipHCrs/uf075-02/","0.166346311824794"
"1FlipHCrs/uf075-01/","0.347743203991271"
"1FlipHCrs/uf050-10/","0.310511641301723"
"1FlipHCrs/uf050-09/","0.193397156386985"
"1FlipHCrs/uf050-08/","0.179809717831004"
"1FlipHCrs/uf050-07/","0.212249463539405"
"1FlipHCrs/uf050-06/","0.160564769411235"
"1FlipHCrs/uf050-05/","0.32562529007909"
"1FlipHCrs/uf050-04/","0.142576206259593"
"1FlipHCrs/uf050-03/","0.22437785591692"
"1FlipHCrs/uf050-02/","0.165047878896445"
"1FlipHCrs/uf050-01/","0.241021687883499"
"1FlipHCrs/uf020-10/","0.485658313394939"
"1FlipHCrs/uf020-09/","0.33118019412211"
"1FlipHCrs/uf020-08/","0.328929843574565"
"1FlipHCrs/uf020-07/","0.430415414995424"
"1FlipHCrs/uf020-06/","0.395126925544689"
"1FlipHCrs/uf020-05/","0.379467341944198"
"1FlipHCrs/uf020-04/","0.43883131404102"
"1FlipHCrs/uf020-03/","0.333408615939245"
"1FlipHCrs/uf020-02/","0.512360119286377"
"1FlipHCrs/uf020-01/","0.414255881220008"
"1FlipHCrs/uf020-01/","0.448291562454084"
"1FlipHC/uf250-10/","0.0518427372315818"
"1FlipHC/uf250-09/","0.303196163790214"
"1FlipHC/uf250-08/","0.0667573526054219"
"1FlipHC/uf250-07/","0.032409103947595"
"1FlipHC/uf250-06/","0.101517750568732"
"1FlipHC/uf250-05/","0.0711525063235508"
"1FlipHC/uf250-04/","0.0727379900516736"
"1FlipHC/uf250-03/","0.158116772906374"
"1FlipHC/uf250-02/","0.0496725458664527"
"1FlipHC/uf250-01/","0.455484634922205"
"1FlipHC/uf225-10/","0.0476055530149082"
"1FlipHC/uf225-09/","0.0254843766284567"
"1FlipHC/uf225-08/","0.269551336497133"
"1FlipHC/uf225-07/","0.0824001614368441"
"1FlipHC/uf225-06/","0.0622819326352992"
"1FlipHC/uf225-05/","0.0736282686164585"
"1FlipHC/uf225-04/","0.290874083376132"
"1FlipHC/uf225-03/","0.0609474845260616"
"1FlipHC/uf225-02/","0.0763992421068688"
"1FlipHC/uf225-01/","0.0869646439004679"
"1FlipHC/uf200-10/","0.0611481206476348"
"1FlipHC/uf200-09/","0.0447341596449549"
"1FlipHC/uf200-08/","0.0720844416148322"
"1FlipHC/uf200-07/","0.0754846875390751"
"1FlipHC/uf200-06/","0.0431200238808132"
"1FlipHC/uf200-05/","0.0685258188551623"
"1FlipHC/uf200-04/","0.0822102881979849"
"1FlipHC/uf200-03/","0.0911898033404599"
"1FlipHC/uf200-02/","0.0444482687852664"
"1FlipHC/uf200-01/","0.0386736359212028"
"1FlipHC/uf175-10/","0.103265583542458"
"1FlipHC/uf175-09/","0.0336048617210313"
"1FlipHC/uf175-08/","0.308984071898776"
"1FlipHC/uf175-07/","0.0701804211903875"
"1FlipHC/uf175-06/","0.0848358627693032"
"1FlipHC/uf175-05/","0.0793562533660705"
"1FlipHC/uf175-04/","0.117695299956391"
"1FlipHC/uf175-03/","0.0870665733110548"
"1FlipHC/uf175-02/","0.0763547908704107"
"1FlipHC/uf175-01/","0.0421666483766344"
"1FlipHC/uf150-10/","0.360131119613643"
"1FlipHC/uf150-09/","0.0702729402095587"
"1FlipHC/uf150-08/","0.144924297220953"
"1FlipHC/uf150-07/","0.0716124788697572"
"1FlipHC/uf150-06/","0.0808275471009004"
"1FlipHC/uf150-05/","0.0597494089156242"
"1FlipHC/uf150-04/","0.085012395696449"
"1FlipHC/uf150-03/","0.0712444999375431"
"1FlipHC/uf150-02/","0.0890086802655162"
"1FlipHC/uf150-01/","0.169849574384222"
"1FlipHC/uf125-10/","0.0774604798047866"
"1FlipHC/uf125-09/","0.135406859652467"
"1FlipHC/uf125-08/","0.122551956712343"
"1FlipHC/uf125-07/","0.200081708065442"
"1FlipHC/uf125-06/","0.0964741630517807"
"1FlipHC/uf125-05/","0.0754869897579374"
"1FlipHC/uf125-04/","0.102743918756702"
"1FlipHC/uf125-03/","0.110149426447268"
"1FlipHC/uf125-02/","0.0972994311352829"
"1FlipHC/uf125-01/","0.0758766523011881"
"1FlipHC/uf100-10/","0.19042348696942"
"1FlipHC/uf100-09/","0.157122543397227"
"1FlipHC/uf100-08/","0.0989048351651945"
"1FlipHC/uf100-07/","0.171185929978491"
"1FlipHC/uf100-06/","0.196678847557974"
"1FlipHC/uf100-05/","0.13224505763149"
"1FlipHC/uf100-04/","0.227344972187043"
"1FlipHC/uf100-03/","0.0943948446491161"
"1FlipHC/uf100-02/","0.154642744863467"
"1FlipHC/uf100-01/","0.119111668512496"
"1FlipHC/uf075-10/","0.183079512920423"
"1FlipHC/uf075-09/","0.164231791765862"
"1FlipHC/uf075-08/","0.142639528163068"
"1FlipHC/uf075-07/","0.099442623554011"
"1FlipHC/uf075-06/","0.115552459748897"
"1FlipHC/uf075-05/","0.0767794673880695"
"1FlipHC/uf075-04/","0.080060220755046"
"1FlipHC/uf075-03/","0.0960645080417761"
"1FlipHC/uf075-02/","0.370650996521301"
"1FlipHC/uf075-01/","0.26921925737618"
"1FlipHC/uf050-10/","0.289110924540391"
"1FlipHC/uf050-09/","0.253264989387255"
"1FlipHC/uf050-08/","0.145178343194122"
"1FlipHC/uf050-07/","0.249148286879162"
"1FlipHC/uf050-06/","0.0929622738789583"
"1FlipHC/uf050-05/","0.500391455150414"
"1FlipHC/uf050-04/","0.15450084371824"
"1FlipHC/uf050-03/","0.323666806199534"
"1FlipHC/uf050-02/","0.123266316262707"
"1FlipHC/uf050-01/","0.274199820802207"
"1FlipHC/uf020-10/","0.502039618581247"
"1FlipHC/uf020-09/","0.198955077752389"
"1FlipHC/uf020-08/","0.364466227998594"
"1FlipHC/uf020-07/","0.529876327822386"
"1FlipHC/uf020-06/","0.373923855123362"
"1FlipHC/uf020-05/","0.576332900325994"
"1FlipHC/uf020-04/","0.593716059158457"
"1FlipHC/uf020-03/","0.363208032750327"
"1FlipHC/uf020-02/","0.533462626530578"
"1FlipHC/uf020-01/","0.696978307531813"
"1FlipHC/uf020-01/","0.696270835754808"
