"instance_alogorithm_name","","","","","","",""
"mFlipHCrs/uf250-10/","-2.91498171392466","-0.000465178264111986","-1.29129762965512","1.34722172656936","7.21291996755678","1616.80847017518","-3.09125571287441"
"mFlipHCrs/uf250-09/","6.75354714635841","8.26013116068788","3.03310103009908","0.000482764465299027","929.776992070567","923.169327583493","-1848.61811882794"
"mFlipHCrs/uf250-08/","4.2523904776061","10.5137404713026","-3.56176403165137","-0.000539290210068176","3.05568435296358","0.895088947130608","3066.19593659485"
"mFlipHCrs/uf250-07/","-3.41610111182788","-14.1283903806686","3.28558276128006","0.000445889374700931","2277.75032722121","-30.5014449406012","-2273.2570023551"
"mFlipHCrs/uf250-06/","-3.53237936569347","-0.000491250221371605","21.031123768594","45.05628944532","4.84254169770313","3058.48999417538","-0.903646678223893"
"mFlipHCrs/uf250-05/","-3.63870296585586","-0.000502806744997352","5.54568488120753","15.4840677601084","2.67752645288881","3319.80868145209","1.7498838490465"
"mFlipHCrs/uf250-04/","-3.3256599611108","-0.000275428519942937","-30.7351737663457","0.185716149211876","42.6838284290512","1788.42537923288","-40.1398602332795"
"mFlipHCrs/uf250-03/","-3.43651692549309","-0.000528562465838808","17.257641179461","37.5330777571967","4.70162461997918","2660.38404857966","-0.314142943863465"
"mFlipHCrs/uf250-02/","18.2164400412717","32.3409319347706","-3.64187994575869","-0.000433218849223801","3.35457836741904","1.23306823901326","3282.31612553504"
"mFlipHCrs/uf250-01/","4.50150572116721","10.5812692661102","-3.36265610629283","-0.000693785419860004","2.86753650135891","1.39109961492324","2633.45914011474"
"mFlipHCrs/uf225-10/","-3.86188756563567","-0.000704542718665415","5.61638030928061","16.1457617591248","2.55404247643213","3764.00552483331","1.79616739044656"
"mFlipHCrs/uf225-09/","3.13439256146518","0.000564705798402982","27.9634737596514","28.4613717908832","923.602621056968","-1829.68665041853","910.345771694537"
"mFlipHCrs/uf225-08/","-1.29656151578616","-0.00390984402997529","1.3973300866729","9.00924014364554e-05","168.68779336688","314.796950462324","-166.44201792455"
"mFlipHCrs/uf225-07/","3.26257608398938","-0.0208456693115157","-3.77358214236675","-0.000234119577271921","2.56545886965469","44.6424289906055","2287.9978065243"
"mFlipHCrs/uf225-06/","-3.56510291555617","-0.000589593489012416","4.23879771619238","10.9384645108763","-18.175581327755","2817.12186105029","22.6603681795964"
"mFlipHCrs/uf225-05/","-3.36021482096916","-0.000626375284224503","10.4405269274731","14.9760939835161","3.52045263645809","2257.46929775844","-0.0115674699094629"
"mFlipHCrs/uf225-04/","4.78506107301744","18.3342341055733","-3.77315776640357","-0.000564160497884929","2.89552397294623","1.15709123424965","3440.69182272971"
"mFlipHCrs/uf225-03/","-3.77260629923452","-0.000536483860533937","-28.5484827769509","-54.0051589720265","4.03581327147725","3368.56383795995","-7.57291535858873"
"mFlipHCrs/uf225-02/","-91.6042336549194","0.674613602190364","-3.03721058248579","-0.000268606519618292","39.9943325946872","-37.6138276718169","1180.14828318079"
"mFlipHCrs/uf225-01/","-0.813383175748833","-18.1449765442927","-3.36317380689405","-0.000521456526910718","3.31724424130924","0.15842633896396","2183.27274077932"
"mFlipHCrs/uf200-10/","18.4414719600135","17.1658636759716","-5.04719188848928","-9.52067501379326","1.99065964113005","8.96526523770075","19.1119676876161"
"mFlipHCrs/uf200-09/","-2.31753066977051","-0.000137624661821148","1.02569422388125","0.00585196155736679","235.498812755312","361.597182836391","-233.609939532869"
"mFlipHCrs/uf200-08/","5.99432762196052","19.3597782349752","-3.69086526290552","-0.000767860498884965","3.70363955747734","0.301611875879187","2860.62742861523"
"mFlipHCrs/uf200-07/","-2.36571877165896","-0.000152225702949025","1.29365932011271","0.00712001508376419","293.917637825039","399.571672562528","-292.089594646769"
"mFlipHCrs/uf200-06/","7.78416177776046","10.2619945737583","-3.5756226526485","-0.000668403842095438","2.45175741131626","1.43299174051419","2536.68825905323"
"mFlipHCrs/uf200-05/","5.05904667655648","18.3097021241697","-3.69891840957076","-0.000650131193847078","2.55431839908042","1.53558932416011","2745.71530596585"
"mFlipHCrs/uf200-04/","-3.3241921608154","-0.000726603729977528","4.20883369297098","10.6134368143554","2.35373096200963","2007.30169521356","1.21474691032712"
"mFlipHCrs/uf200-03/","14.6808396866749","27.9400692186404","-3.42447781400987","-0.000709611009286551","3.51727708474823","-0.263773533853206","2110.04722128708"
"mFlipHCrs/uf200-02/","-3.37417570412839","-0.000576214023458662","16.4425672084731","38.6597080271092","5.38342433718274","2019.29033739547","-2.18420010902405"
"mFlipHCrs/uf200-01/","1.36876964665572","17.9022217539689","3.43404374912081","0.000596847567487903","1095.40904019766","1050.29060176114","-2141.89657528413"
"mFlipHCrs/uf175-10/","4.92437571642633","7.87786194256264","-3.19198761704037","-0.0007252364357885","2.87607029986137","0.183529320001462","1513.37972558581"
"mFlipHCrs/uf175-09/","22.6430920384312","49.589901711164","-3.4529369051882","-0.000973442546461159","3.0904633274287","0.586003408045411","2042.71886329391"
"mFlipHCrs/uf175-08/","3.87668947733929","11.1717613441065","-3.272183941907","-0.000960163725566869","1.61293438912906","1.25278537198662","1656.26188119579"
"mFlipHCrs/uf175-07/","-3.49038271786073","-0.00101104478882343","12.3523568201105","24.9471204966404","3.37640860431154","2081.16352938091","-0.464122309861145"
"mFlipHCrs/uf175-06/","10.0262414718693","4.11456232862219","-2.5404682092131","-0.000681754401869551","2.41186467516952","0.500141904505816","748.307615327061"
"mFlipHCrs/uf175-05/","-2.57371917937395","-0.000137371858734111","-1.33245083916582","-0.00520847650552108","1.68180359390412","375.160360551717","250.585707523827"
"mFlipHCrs/uf175-04/","3.13355335087939","0.000726187429397428","12.1746931240148","14.9078218030567","708.070075291801","-1412.20295631734","707.160818890635"
"mFlipHCrs/uf175-03/","6.16029854047519","8.13165779477067","-3.42111399636135","-0.00108342566680262","2.39628043368494","0.846618420893184","1977.85793216131"
"mFlipHCrs/uf175-02/","200.685932225585","412.596744604973","-3.71814254321046","-0.000742612080306756","31.5890688036866","-28.5627604877978","2581.91015269009"
"mFlipHCrs/uf175-01/","-2.60349520650582","-0.000199819062025758","1.76930631756906","0.00797326526716627","395.812218201498","433.493778876571","-393.854092703863"
"mFlipHCrs/uf150-10/","-3.47880986364399","-0.00106816344831855","20.4517465127848","10.5740862043974","1.04068659104419","1775.73982201466","1.60164561442828"
"mFlipHCrs/uf150-09/","1.95514588813624","0.0078250892451372","-2.74730467972544","-0.000212664671342006","373.36243569983","-372.06377470078","421.549341042988"
"mFlipHCrs/uf150-08/","-3.89628068541919","-0.000998161928321346","32.6255452523938","44.6005116542381","-73.2813165881676","2488.12654827967","75.7304778577106"
"mFlipHCrs/uf150-07/","-3.43385134395491","-0.000901891676524253","0.966862683649786","28.4202099746633","4.84104775748322","1635.28588626838","-2.11408966282909"
"mFlipHCrs/uf150-06/","-2.38809090044551","-0.000250163521688719","1.74571303374225","0.00793041950999575","308.035877202129","321.420504858129","-306.603767304216"
"mFlipHCrs/uf150-05/","-3.70065609854052","-0.00107368762388389","13.2076537054329","26.5689500075325","3.59580454914659","2181.61548901347","-0.847492998760051"
"mFlipHCrs/uf150-04/","-2.51669805378432","-0.00021080390566231","-2.05455392575898","-0.00764524230275023","1.31896795950927","340.143281561545","412.602139413916"
"mFlipHCrs/uf150-03/","-2.55912256145102","-0.00020540634516758","-2.08509484033735","-0.00898420723659657","1.39609151158279","348.49231632422","444.059961653677"
"mFlipHCrs/uf150-02/","-3.74457547378526","-0.00120250776227983","8.88022203071801","10.6317592415092","4.88561162123651","2288.48621077372","-2.1267129226648"
"mFlipHCrs/uf150-01/","-3.62606775608097","-0.001211683069864","13.4783520221329","1.20353947336357","3.04556412579943","2020.40514963884","-0.132027822470531"
"mFlipHCrs/uf125-10/","3.59111998315739","0.00138005925790672","6.55400782869379","9.42355304217641","832.663312614036","-1654.32823962419","823.97635940588"
"mFlipHCrs/uf125-09/","0.989307792016048","15.3299546405794","-3.76693636687038","-0.00162336122796138","3.08797620074997","-0.603765885716269","1988.82248387727"
"mFlipHCrs/uf125-08/","8.93438073032582","10.6278494023623","-3.68232285800264","-0.00168460336680259","2.51729180178419","0.0386728012547061","1916.21182885926"
"mFlipHCrs/uf125-07/","-2.57165684302002","-0.000499808288411914","1.98821563779832","0.0116894037271317","314.641204074137","324.248935375727","-313.693186894753"
"mFlipHCrs/uf125-06/","-3.37895801272801","-0.00127785666127835","10.6018767405874","21.7566048016736","3.05172189666184","1292.72581091609","-0.708979417898584"
"mFlipHCrs/uf125-05/","10.6917964892904","0.265455855206384","3.33839008058066","50.4803903703357","-4.07916583439021","1.73335636153504","9.75104722112895"
"mFlipHCrs/uf125-04/","-2.78371912847132","-0.000355151785547523","-2.31627196911359","-0.00928241515600393","1.1348200302771","342.879483295601","449.208661790231"
"mFlipHCrs/uf125-03/","3.5100849821457","0.00155715030049489","20.199118581149","4.87389475643271","773.78805421766","-1531.0338461445","759.476155916789"
"mFlipHCrs/uf125-02/","9.85688234363186","5.25303713010061","-3.15130121596605","-0.00120707232893791","-3.67632227404233","6.26234240178809","1073.70479819346"
"mFlipHCrs/uf125-01/","-2.58495060227926","-0.000240716958430061","-2.07582113469786","-0.00950163410140827","1.18326882409459","283.101624979984","375.785823997981"
"mFlipHCrs/uf100-10/","3.8014097295411","10.9339160247467","-3.25951531603419","-0.00286259304917497","-0.592114925698416","2.62603549882274","1049.52418259012"
"mFlipHCrs/uf100-09/","-3.75527186948066","-0.00152662368551867","8.84039492528136","18.8150279794913","3.53432664630261","1565.77419322235","-1.50763475951094"
"mFlipHCrs/uf100-08/","9.10107163876027","19.0419254861543","-3.72901484018858","-0.00199617600501149","3.50551191829421","-1.38264907585126","1546.83106848945"
"mFlipHCrs/uf100-07/","-2.55414879701804","-0.00250851174448166","-1.29014628607048","2.25889961803803","4.50229846694154","502.771794110613","-2.29490102702365"
"mFlipHCrs/uf100-06/","-2.75655194069562","-0.00244342228781744","621.105719515463","-123.982587248776","1.54667212399108","555.732318029933","16.8533056045928"
"mFlipHCrs/uf100-05/","1.85443094878516","0.0115004896801411","-2.49720778256088","-0.000495159422363139","210.858374743926","-209.797933963811","226.982783922184"
"mFlipHCrs/uf100-04/","6.13352074563137","5.90840042296808","-3.3755650320974","-0.00187870878845923","3.73713194126766","-1.70407470904733","1019.49467931162"
"mFlipHCrs/uf100-03/","-2.17546926328102","-0.0120442763532787","-2.51440979497147","-0.000397756158072188","1.01108237195545","311.20020651565","207.341729855551"
"mFlipHCrs/uf100-02/","9.74583391248914","7.13458484088777","3.37621291703134","0.00190023165335579","533.505393292816","521.625840760617","-1053.24771146608"
"mFlipHCrs/uf100-01/","2.06009217702129","0.00816781456225202","-2.4972793771433","-0.000259542917217151","247.967811216304","-247.018440563447","183.554738028892"
"mFlipHCrs/uf075-10/","-2.62700967048235","-0.000809791002618706","-2.48138041749766","-0.014636090962077","0.655266026704825","151.056264556209","311.203689294848"
"mFlipHCrs/uf075-09/","11.9995226325036","13.3955351564839","-3.62737525637356","-0.00323888015269928","1.66231394149609","-0.141527681985901","1073.22617236826"
"mFlipHCrs/uf075-08/","-3.24639749285602","-0.00322228500232913","3.4568753759957","33.3775405613071","20.9863796586137","737.964704890312","-19.394488337678"
"mFlipHCrs/uf075-07/","-3.4583213467534","-0.00260944092510758","13.4945619855441","1.50823664009783","-1.25528657541092","882.542806538645","2.92028691292269"
"mFlipHCrs/uf075-06/","3.40353261557031","0.00276227519101814","12.1451717318247","4.47463267751507","382.897410198684","-759.575063839103","378.213711620106"
"mFlipHCrs/uf075-05/","-1.53837388959534","-16.8419027028277","-3.13717333423676","-0.00395992387152583","1.75728023214107","14.7276760428546","705.551632356371"
"mFlipHCrs/uf075-04/","3.5756983987443","0.00310465154367272","7.83320905002023","9.10195577399344","518.036088407179","-1033.09633555676","516.83181861046"
"mFlipHCrs/uf075-03/","-4.57067387441777","2.5748535490172","-3.29643923975692","-0.00291395810095328","5.14148279930577","-3.37500158134709","788.536262228294"
"mFlipHCrs/uf075-02/","-2.53133042293983","-0.000885621399627511","-2.05292677497488","-0.0175450325841571","0.819537545678121","166.68660377647","214.722535345802"
"mFlipHCrs/uf075-01/","-3.36506643841132","-0.00364687023275822","14.6960925116262","20.308788798588","6.82841660817991","858.66763955867","-5.02834499395148"
"mFlipHCrs/uf050-10/","-1.38635195706613","-0.00168434959603979","-0.546220309722767","0.0587567015332256","23.1724359837534","50.1892419551637","-22.4972922661781"
"mFlipHCrs/uf050-09/","-2.59229574888273","-0.00209024451287385","-2.25307598725097","-0.0375479404625281","0.78740606319007","138.39528172072","159.181106842298"
"mFlipHCrs/uf050-08/","-2.90568436557212","-0.0012127460448207","1.3046572301963","0.0256541381431589","65.4117354991121","163.462862006839","-64.6100079320665"
"mFlipHCrs/uf050-07/","-1.75887256419702","-0.028215343857033","2.74681116506179","0.00148337855759357","139.597859761683","112.378729009837","-138.88853525539"
"mFlipHCrs/uf050-06/","-2.79218857147298","-0.00162132275581706","-1.958763963276","-0.0366023676904531","0.736903561298134","170.769419628117","114.057273384374"
"mFlipHCrs/uf050-05/","1.30199433121113","0.0451420327159466","-1.74206945443868","-0.00313092950255005","69.8542098665298","-69.2207444641733","61.177029765041"
"mFlipHCrs/uf050-04/","3.65065751720118","0.00493057969553167","8.29082924510354","9.37569080694534","367.483556950915","-730.910540102047","364.724423619181"
"mFlipHCrs/uf050-03/","-1.594684075529","-0.00310798681139666","-0.957186339959692","0.0765914161388723","18.1294057653843","67.5615562479914","-17.3571873640358"
"mFlipHCrs/uf050-02/","-2.74366970449345","-0.00147167407972261","2.37660172186832","0.0266955705552086","167.984095392039","129.648928978634","-167.347184959432"
"mFlipHCrs/uf050-01/","17.7317420949415","21.6688249605736","-3.76528852551873","-0.00625873603668572","5.26514085564421","-3.96621705089205","818.735340358055"
"mFlipHCrs/uf020-10/","7.34798567460656","8.35602597909689","3.43818355175342","0.0453123215530379","151.645613106906","148.233178526655","-299.083257839899"
"mFlipHCrs/uf020-09/","-2.25356323274551","-0.086160234738994","-2.2027932519842","-0.00911020580335861","0.539554366153025","59.9489610281887","30.4666663239335"
"mFlipHCrs/uf020-08/","-2.22285404902024","-0.014757413389872","-2.0537671494279","-0.239831268245218","0.607206804636444","48.3813213838113","53.3700888946379"
"mFlipHCrs/uf020-07/","1.3957656911011","0.0827758934589785","-24.544729708252","0.258223413810321","47.5943155040844","-45.5820458507846","-1.38226110119865"
"mFlipHCrs/uf020-06/","-2.67402896343058","-0.00693757415971621","-2.17671364264382","-0.104063230780074","0.546671588198477","46.0897772379057","73.1748691567952"
"mFlipHCrs/uf020-05/","-2.34696459315814","-0.0188533514161069","-3.3935475014162","0.793263142966165","4.90652731395291","71.9597237394901","-4.23042326650775"
"mFlipHCrs/uf020-04/","-1.84377358640472","0.403722771986049","-1.86139649486123","-0.0118495167257975","5.72137206860407","-5.11778042498041","38.0006644113368"
"mFlipHCrs/uf020-03/","-3.12913324283937","0.740562586962701","-2.75545645082846","-0.0106074948180869","7.22169759868138","-6.65941814368672","67.2522250887006"
"mFlipHCrs/uf020-02/","0.0249107653596863","-0.0239066970065791","0.452722396900358","0.180356411964262","21.8991164764328","5.2908070493087","-21.3098963706698"
"mFlipHCrs/uf020-01/","-2.64633409475449","-0.354771227573258","-3.20350913044197","-0.00944108553517546","0.600279989015191","146.038911793262","92.0344316484534"
"mFlipHCrs/uf020-01/","2.24745219278607","0.350212339778515","-3.07050074231702","-0.00927343215385079","100.436838618459","-99.8414799290638","80.5877051658244"
"mFlipHC/uf250-10/","3.12582673305516","0.00369971469677008","9.53567270041411","14.8354539175166","1279.20999892703","-2555.71605704571","1282.26054654113"
"mFlipHC/uf250-09/","8.25146497344355","7.01407002245618","-3.54693969076653","-0.00332405165646975","3.26183876013822","2.66483596381661","3551.44643464032"
"mFlipHC/uf250-08/","3.30842026107024","0.00339114403866682","5.03291809549942","12.7235236451763","1477.34561736858","-2948.96751429754","1476.39694559484"
"mFlipHC/uf250-07/","8.86028943220583","6.05263652325001","-3.4235552618746","-0.0037523287422102","3.74629275087386","2.52670499860904","3378.21402252576"
"mFlipHC/uf250-06/","141.311621985407","-0.0294772081184821","21.4908845381217","42.1157285269496","1.53077531638695","32.4251464555951","0.904319459762223"
"mFlipHC/uf250-05/","-3.23184125256041","-0.00354169143361185","-14.1400750267056","-12.9400425979373","7.28080691808949","2685.44714887504","7.58030917284552"
"mFlipHC/uf250-04/","-1.06300909859107","-0.0114357787810891","-3.31709691101082","-0.000894209061104784","1.64072374191743","329.682199559086","1162.60731424442"
"mFlipHC/uf250-03/","-2.63114240176393","-0.000637388330085182","1.88608401853435","0.00917993505632586","706.446126584798","481.625573738418","-703.610171122265"
"mFlipHC/uf250-02/","2.34389416698671","0.000629801260533927","-1.44804012331976","-0.00965801589769727","404.173422224126","-401.602939142293","496.465536590261"
"mFlipHC/uf250-01/","-3.43050533416819","-0.00349918994001236","14.20188216525","16.0892959505328","-3.37599851260787","3449.32279312715","7.11480220158609"
"mFlipHC/uf225-10/","-2.30656063143929","-0.00097969521517381","-1.73016710782052","-0.0131871346307369","2.42631023229064","404.232625225067","517.577319810938"
"mFlipHC/uf225-09/","-2.21456021999541","-0.0103581013867994","-2.55429727907215","-0.000812295971472895","3.70528265904608","787.557266476557","434.342243756472"
"mFlipHC/uf225-08/","4.27641166564332","10.2506321807256","3.6950578246718","6.81677631188888","4.55809262294186","7.04795732757117","6.27827852957857"
"mFlipHC/uf225-07/","20.6401044868837","168.373644318846","-21.5128018782959","-387.255915123079","-38.2637832324044","52.8934565735838","82.3948469234532"
"mFlipHC/uf225-06/","8.51218953534705","8.23457656066812","3.17035544448106","0.00381780455165","1187.71382823091","1167.93035218001","-2349.42205520937"
"mFlipHC/uf225-05/","-3.16338064624031","-0.00121112147577854","0.958953110953876","0.0160065841409795","279.529822744351","1000.63700774645","-277.621180404612"
"mFlipHC/uf225-04/","1.12563767393261","29.3600322523108","10.2557875621057","0.226106778877203","24.332622939999","-10.0897316181801","2.38863137623377"
"mFlipHC/uf225-03/","-3.34909364320565","-0.00382125989099721","3.72304437677482","11.6197153015522","-0.368704941537438","2721.92209790055","5.25910545365007"
"mFlipHC/uf225-02/","4.26593769853269","6.54185940428232","4.32884689453879","9.42787398878077","5.5645606789961","1.94672479614103","5.54263224622312"
"mFlipHC/uf225-01/","9.89960135664722","2.77285028984683","6.80171013842287","15.3629452763677","6.1147594695485","3.22675950695146","6.09809832862585"
"mFlipHC/uf200-10/","-3.04842182845585","-42.0533621485174","-3.61496407362704","-0.00413791851140525","4.93338306620935","4.80062367321015","3242.9425043381"
"mFlipHC/uf200-09/","-3.64714809412755","-0.0044289209033939","4.63060838838733","67.9084690951321","8.14037375611877","3345.1907537414","-3.67485666134944"
"mFlipHC/uf200-08/","6.31081768770293","10.1048748078185","2.37197534952137","0.00406868927516345","477.883231316312","476.636023953626","-950.021636264095"
"mFlipHC/uf200-07/","-3.76373498455714","-0.0042375533240603","20.0748026734629","26.7338928282732","6.67177681306396","3659.34680921588","-2.19630394862623"
"mFlipHC/uf200-06/","-3.73014861629481","-0.00399907333683962","27.2944217016875","67.9999098448293","5.64039141342419","3460.44949407037","-1.22703446268669"
"mFlipHC/uf200-05/","-3.36652951113795","-0.00424148602905832","-1.02698617497998","-30.4903447572316","5.6723643433076","2429.03780090223","8.94876642229106"
"mFlipHC/uf200-04/","4.8627229924527","19.3394377507721","4.62877226988062","8.43966234394565","10.0190247076855","1.72640418353904","3.74712757345101"
"mFlipHC/uf200-03/","-1.78578894319247","-0.0144973723083507","-2.12703104891565","-0.00129759152425326","1.6898390037872","525.087456645039","316.241126667926"
"mFlipHC/uf200-02/","-4.02014629214915","-0.00426097579107114","15.6164149804339","42.4860145441603","4.02217475583555","4583.63961927489","1.81200354808862"
"mFlipHC/uf200-01/","-4.08278012607425","-0.000878189867939232","0.791753188799189","-0.0213151183330163","2.68183346044556","1886.43365288791","97.7319468102957"
"mFlipHC/uf175-10/","2.69321465610823","12.3927851063739","-3.79321035141255","-0.00507073757494626","2.29395328609046","1.5009200289068","3410.0674051537"
"mFlipHC/uf175-09/","-3.32547937979403","-0.00505563768825035","18.9081276090389","24.969118492596","8.71739145501451","2058.17972306349","-4.86404744303784"
"mFlipHC/uf175-08/","-3.38427113173667","-0.00612210334886257","5.20477886839652","18.1090950312703","2.4692808446603","2421.44618501038","0.520728716279293"
"mFlipHC/uf175-07/","-3.55925032924066","-0.00549337347783189","3.92122411514542","12.0938042174961","2.45853335866973","2688.6525411568","0.361961099719573"
"mFlipHC/uf175-06/","-1.19710596273063","-0.015223475018854","-1.80461191870984","-0.00116572727396298","1.81691126571841","278.070688580503","180.150016907441"
"mFlipHC/uf175-05/","1.02318539331783","20.6582871802922","3.26228773370049","0.00501107266986161","996.983023017353","992.271008833647","-1985.45128238449"
"mFlipHC/uf175-04/","19.0555516863616","21.2430078179018","2.69763281024237","0.0045781392495488","573.778394730796","565.01449097281","-1134.97915602938"
"mFlipHC/uf175-03/","-3.49912167179697","-0.00464368404478406","7.89652267744743","28.3885076295016","3.29690945879985","2483.28493594944","-0.0155672216584289"
"mFlipHC/uf175-02/","-3.21554324914355","-0.00510730107338473","-24.1411271804266","79.7601643869245","46.0187981503965","1880.9325358893","-41.7932414157013"
"mFlipHC/uf175-01/","-3.01716881323539","-0.00507186864235359","-7.80703706239818","-19.4790825623264","4.19967086157362","1537.53328460713","13.8942730429998"
"mFlipHC/uf150-10/","-0.723330907006466","-40.173104143679","-3.35698204067186","-0.00525834181889913","2.65311554759261","18.3903816202713","1782.60603987564"
"mFlipHC/uf150-09/","17.4452896303961","38.8532281489041","-3.45788466363244","-0.00581223420319164","-44.8009987970353","47.6678146340474","2095.89297664781"
"mFlipHC/uf150-08/","3.89439696500617","9.81633390970342","-3.47948930591675","-0.00647910713421732","1.95996288512355","0.436339089115539","2188.97340177819"
"mFlipHC/uf150-07/","-3.59972956884312","-0.00575975632906479","9.69010288509257","12.103200291689","7.34861944105221","2385.42096666972","-3.53669726724208"
"mFlipHC/uf150-06/","93.4172251012445","209.35795413845","-3.30242916895101","-0.00541761688506358","18.4327481587073","-15.2063050697723","1797.49004682759"
"mFlipHC/uf150-05/","-4.2193864566746","-8.56502505105169","-4.5813554690897","-30.5951688406932","12.1994853366928","16.5054072619694","15.4796127568782"
"mFlipHC/uf150-04/","-2.79595456153667","-0.00102966888989262","1.45406727894803","0.0148380330721217","290.926095529209","345.147494742067","-289.184562234848"
"mFlipHC/uf150-03/","3.10575384007792","0.00557236180346647","6.47562905122642","11.2542607257378","759.123780400915","-1476.37026691298","720.625950435866"
"mFlipHC/uf150-02/","4.70745512262867","15.7871183273135","-3.40208087487535","-0.00674324619903015","2.51154173057252","0.835150254144939","2067.95979239881"
"mFlipHC/uf150-01/","4.41399936041076","18.8119567715239","-3.46455604384094","-0.00602559039885946","-14.0674634918564","17.0895399053926","2069.8242192992"
"mFlipHC/uf125-10/","-5.76649999249773","-13.3809583406113","-3.51774827834302","-0.00693066744733667","3.15172704154175","14.5430118852701","1772.38904590769"
"mFlipHC/uf125-09/","3.56348654935188","0.00718791252889938","8.54132693614587","7.14018774574836","945.76913209742","-1885.63422361423","942.193620632762"
"mFlipHC/uf125-08/","1.51130276717725","0.0254799215659847","-2.28180566775807","-0.00212555268039878","241.677613945451","-240.387093032667","231.723809457128"
"mFlipHC/uf125-07/","9.69411243098935","6.2139753629698","3.5264023528069","0.0083845059033991","999.494300093008","994.087017741394","-1991.41874756309"
"mFlipHC/uf125-06/","3.35373016878163","0.00679015531658581","14.8943500313084","8.46362071875377","770.646150206913","-1546.69613003236","778.650218792252"
"mFlipHC/uf125-05/","3.44808445452932","0.00754492801529257","8.53109696756554","7.83598148772697","886.43868276537","-1766.86721633501","882.750456028497"
"mFlipHC/uf125-04/","-1.81166681997461","-0.00867106386717751","4.33345564618906","4.58135481780384","6.11484461923029","380.408782342095","-3.4571792117004"
"mFlipHC/uf125-03/","3.55744582090921","0.00849119885063572","16.4268906606595","5.21678687761899","1061.91331257599","-2068.54523479344","1009.12881022851"
"mFlipHC/uf125-02/","-0.579893751855781","-19.1088478941157","3.59526427665938","0.00630818217884668","1885.59655601897","17.7017534858418","-1882.0858004765"
"mFlipHC/uf125-01/","3.59629456199557","0.00700652774290733","84.5122222928639","115.542870005271","999.640051705667","-1992.11772046785","995.307313112601"
"mFlipHC/uf100-10/","1.77946735444705","0.0264922800093387","-2.36434724994348","-0.0026483571775251","250.197293300461","-248.89592528562","176.20180167738"
"mFlipHC/uf100-09/","13.1257719348174","26.5776157393808","-3.59014364299867","-0.00975573808229878","2.68465154415641","0.928899888119799","1638.30388077211"
"mFlipHC/uf100-08/","-3.44600771447028","-0.00877435126040462","37.5111175964679","57.2558839999169","7.3888102970142","1298.64513335566","-4.50153371092737"
"mFlipHC/uf100-07/","3.14521511493197","9.55499676808144","5.77228295685923","10.9279601680531","2.7569852979745","1.01128526141542","2.94094855601451"
"mFlipHC/uf100-06/","4.0769869537326","11.0851651079313","-3.5445188935871","-0.0117415200641514","-1.07503707160874","2.7150566848448","1703.91469493493"
"mFlipHC/uf100-05/","9.27135516415344","6.96436064330658","3.41457076472247","0.00827661146125555","630.907500958773","626.04088456916","-1254.63866295599"
"mFlipHC/uf100-04/","-3.36410151216001","-0.00924129097394524","-1.14609269386955","-34.9685266359106","2.43062098421998","1240.49929527313","11.4469156619358"
"mFlipHC/uf100-03/","17.6817648645408","20.3631565384007","-3.46031039871994","-0.00981568696680625","0.508671488057532","1.63258067351573","1385.97385456569"
"mFlipHC/uf100-02/","18.229304200988","21.4916600459872","-3.48587430630624","-0.00999942839156111","2.75689409715624","-0.517881889823707","1399.15041568195"
"mFlipHC/uf100-01/","-0.405483234145594","-0.0405318603431534","-3.81924361689067","-0.00229511820737062","1.42044859326487","81.8730936226129","888.860091484476"
"mFlipHC/uf075-10/","-1.48901441711536","-0.00701965150081203","-1.19561990904028","-0.0438407246451421","0.802176850451851","80.7818242060155","94.7095638875023"
"mFlipHC/uf075-09/","-3.36747479331872","-0.0126354466264497","7.19402401028357","14.7431654412205","2.32830208414152","952.104464128809","-0.911012644836129"
"mFlipHC/uf075-08/","-3.58804443827315","-0.00360738850617927","0.703835505691129","0.0403624830917155","83.5341211908132","443.959210178739","-82.2153711388176"
"mFlipHC/uf075-07/","3.00269119223324","0.0120370666017569","5.69304640289634","9.78039950919129","335.271015545793","-666.643533003599","333.187321101843"
"mFlipHC/uf075-06/","1.59355387757512","0.037954843880305","-1.35540016129948","-0.00411029548844765","171.691626328781","-170.462605349251","53.3890678965506"
"mFlipHC/uf075-05/","7.08919133879771","10.1930481326574","3.31325626402479","0.012378648948346","441.902077810482","439.776783309121","-879.809838087178"
"mFlipHC/uf075-04/","2.10774128216405","0.00373614334269515","-1.62467582377622","-0.047321476833439","133.634581686372","-131.933386491892","159.656343591921"
"mFlipHC/uf075-03/","2.91870958798623","0.0131330241594437","8.11293509039722","9.85230190403728","314.88485598193","-625.711025141736","313.311317720076"
"mFlipHC/uf075-02/","-1.95083542137528","-0.00528005637714067","1.29385875835509","0.0472913413773817","118.964372907781","117.401055576319","-117.979402862673"
"mFlipHC/uf075-01/","-2.24401672687799","-0.00521488616361773","-1.98788823563946","-0.0388059127478654","1.13472890072281","157.113901264314","191.409392112535"
"mFlipHC/uf050-10/","37.3301084726368","36.0234402666666","-3.74211372102361","-0.0202957225692218","21.9220097999369","-20.492338614335","943.667516582505"
"mFlipHC/uf050-09/","-1.97637079407162","-0.00928155513453391","-1.80662396654753","-0.0616133582481711","0.950926551290894","74.3261160326346","107.428384314381"
"mFlipHC/uf050-08/","-1.95431336262674","-0.00862831347694377","-0.416603301173933","0.100865448607848","28.419023590295","75.405809478949","-27.3746972583014"
"mFlipHC/uf050-07/","-1.70877755670141","-0.0615901601355018","-1.89974013007293","-0.00815752413077715","0.846298497587864","111.240512198802","83.7736104553671"
"mFlipHC/uf050-06/","11.3923643606709","5.33623891609722","3.24544195603292","0.0209819504942237","297.874627425574","295.951402003503","-592.389153828747"
"mFlipHC/uf050-05/","3.43283992320987","0.0241368054862832","11.6594463099861","13.4111132175111","325.720515755143","-644.019756847105","319.250069280885"
"mFlipHC/uf050-04/","-1.5591855317281","0.123183701507613","-3.29882368864862","-0.00854379649256229","14.1002033332349","-13.0742986210469","301.241234173734"
"mFlipHC/uf050-03/","-0.518573518602704","-0.108568777933781","-1.68648798151938","-0.0182644403861175","0.942822722055687","35.9164727079169","99.9518460751812"
"mFlipHC/uf050-02/","-3.23005570800546","-0.00613774186921146","1.05487503598511","0.0571983654403631","63.6346183923008","197.133190206332","-62.8527770523554"
"mFlipHC/uf050-01/","46.0357021554003","20.5542322836042","169.471666805371","-11.2156911141694","36.9308474389986","-34.0049865915129","19.3044286362469"
"mFlipHC/uf020-10/","0.254116649090837","0.235756312859341","5.9308148507682","-0.194612044193873","17.8999224025947","-17.135643635124","2.7928401517209"
"mFlipHC/uf020-09/","3.26147191215041","0.0699482373347292","7.24786271032507","8.59275463475728","134.203654651881","-254.875418914201","121.430174984541"
"mFlipHC/uf020-08/","3.61742602783778","9.61384514609239","-2.67577229002751","-0.0841058384056101","3.1632936307691","-2.36566703276352","164.322386947886"
"mFlipHC/uf020-07/","3.30774850761554","0.115893621031246","6.59127061374906","8.56107775005704","158.119305543095","-311.729241762423","154.436122810781"
"mFlipHC/uf020-06/","1.36608453190554","0.0255618321829911","2.80996929660281","-0.521544499142859","19.7391972722633","-19.1126887160436","5.82629288578863"
"mFlipHC/uf020-05/","-56.694140370004","16.4785733080606","-1.761009035913","-0.0420978522729894","3.46631303775905","-2.72219396650602","48.5555201220747"
"mFlipHC/uf020-04/","-2.9071984556811","-0.0854410402422152","6.37990178388407","10.3423555377368","-3.13845912230667","183.073101154474","4.04767239514958"
"mFlipHC/uf020-03/","23.3998435231332","32.377092588447","3.16095494378827","0.0776414627479424","112.689310432622","87.3094317755673","-199.166519469132"
"mFlipHC/uf020-02/","10.552052767604","-0.136261634559394","0.879788822222699","0.123492175901976","32.3043585880808","0.774471155691148","-31.7609966210245"
"mFlipHC/uf020-01/","-0.609893486143226","0.317443831119696","-2.51743428649283","-0.0305542681176769","11.4251374876993","-10.8197606980165","53.8658444078471"
"mFlipHC/uf020-01/","-2.75652093262338","-0.0306749206846973","-0.680999415481923","0.325555053221295","11.0365395690462","68.3315012271952","-10.4300176939355"
"2FlipHCrs/uf250-10/","3.59632026251153","0.000296086373428944","10.0441939960085","11.4415173013465","1574.56250782883","-3138.51590104577","1568.63376075695"
"2FlipHCrs/uf250-09/","-3.15481206387328","-0.000268021202830971","5.77756162438139","7.31275248597041","4.31885529921784","2019.61093852278","0.30065090036107"
"2FlipHCrs/uf250-08/","6.44926255550948","20.3860296208512","-3.6124209025471","-0.000298697525281964","3.04121898216325","1.19437077783538","3266.66403085802"
"2FlipHCrs/uf250-07/","9.55895900267923","7.26283174890883","3.25194507224752","0.000280808197725847","1128.08130063722","1112.372835613","-2235.09360102106"
"2FlipHCrs/uf250-06/","-6.23014149875336","-11.1264015847601","-4.13653902796274","-7.30019292078709","12.733136627875","18.9658033064144","16.2312345237261"
"2FlipHCrs/uf250-05/","6.64868770140289","23.0805306316211","-3.49886749728015","-0.000258773433324426","2.85392309437718","2.17044254650994","2863.68653701601"
"2FlipHCrs/uf250-04/","-3.16576709379057","-0.000338041327202992","46.3367724072266","128.226355472273","-118.516116393049","2107.70641595455","122.651545909175"
"2FlipHCrs/uf250-03/","3.43201970436305","0.000358758108172597","13.0066680051921","19.2792951419122","1457.02348413649","-2818.29802593354","1366.53063912036"
"2FlipHCrs/uf250-02/","72.3730830388506","-30.3723048673692","-3.3644078106706","-0.000277670942879183","5.28175302799269","45.7503642659411","2442.06535684872"
"2FlipHCrs/uf250-01/","-3.66742814374252","-0.000314103922506389","5.37082756755576","19.1273413271541","2.62356608494071","3344.71546296499","1.52535458843791"
"2FlipHCrs/uf225-10/","-2.2100110838346","-0.00189997545462121","2.32026763253543","4.02716566881034e-05","345.798853846434","693.883260983552","-343.615655276325"
"2FlipHCrs/uf225-09/","-3.08020336785383","-0.000382742296441647","116.11271727854","-67.1632008106895","5.14458391310738","1723.67511253551","40.3163253667625"
"2FlipHCrs/uf225-08/","5.80597131415215","1.53805128506695","10.3053200152536","0.499835501156027","-9.542542863096","2.35562303307768","20.860069875277"
"2FlipHCrs/uf225-07/","-3.39642992320473","-0.000310780683537569","3.46605159101686","10.3973303848699","3.41514818800844","2394.64369016677","0.450707531136389"
"2FlipHCrs/uf225-06/","-1.93558518007308","-0.00214859255791891","-2.38771087470023","-2.86511209228978e-05","2.43899424686194","543.798015800593","372.476751063219"
"2FlipHCrs/uf225-05/","-0.890852457488653","-6.26736703007853e-05","0.781302078511565","0.00288353557317898","210.441412715375","114.194230088809","-208.45831096642"
"2FlipHCrs/uf225-04/","0.333456726263047","3.87204436776487e-05","1.51179521937179","0.00208275947679285","459.601821067706","-73.2838597817257","-383.887696720382"
"2FlipHCrs/uf225-03/","398.352285214636","-0.124153860800728","6.69153322515855","0.00806489780170673","6.74893428450568","55.5542068948813","-0.712874503578694"
"2FlipHCrs/uf225-02/","3.22612774823103","0.000358390514123012","6.34617939283784","9.70867674153116","1007.42129050558","-2004.45605935336","1000.78511503735"
"2FlipHCrs/uf225-01/","-3.9049887906278","-0.000378586731218669","58.5786985981438","93.0950181338314","11.3763188262717","3883.87788201658","-7.53337502146933"
"2FlipHCrs/uf200-10/","8.57179162098043","11.5797447522247","-3.40741658146285","-0.000410721736382656","5.33602456103922","-1.37108467159038","2129.3100361719"
"2FlipHCrs/uf200-09/","7.9840547317829","5.51211565086629","-4.22778291972486","-9.76416900001889","5.89844094923662","5.58877438279505","21.99040257289"
"2FlipHCrs/uf200-08/","10.1184906977059","11.9647524934203","-3.52494193995338","-0.000474927983782467","-2.34204287486845","6.80536890636175","2459.97056770097"
"2FlipHCrs/uf200-07/","0.370112208335568","-28.9162240751608","-0.969917669912474","-173.81337708095","10.8522512367831","3.67099825249441","2.65574619128617"
"2FlipHCrs/uf200-06/","-3.67990113913901","-0.000442519502430229","16.3087208632669","30.1029001642902","3.95945913055664","2850.57713714235","0.544619398487765"
"2FlipHCrs/uf200-05/","-2.89527384924992","-5.12475829594413e-05","2.22836866740608","0.00286907161988552","603.611347658478","582.580007711495","-601.258606708745"
"2FlipHCrs/uf200-04/","790.897606538342","-180.124751938527","4.04354724474146","24.9640505031559","14.5114416805451","96.2529950017425","-4.03093973471929"
"2FlipHCrs/uf200-03/","-3.62181783714828","-0.00035123612549822","4.36032466232577","12.6827279535356","2.7244701212689","2566.42973766113","0.543113561835176"
"2FlipHCrs/uf200-02/","6.47708064905034","22.116833949972","-3.49991613587038","-0.000454332310386877","2.91165316501433","1.24809440826593","2458.87485879292"
"2FlipHCrs/uf200-01/","1.28151863788592","0.00381929967336795","-1.96761715393452","-6.51184781022208e-05","273.141687892793","-270.6253601147","260.191968122708"
"2FlipHCrs/uf175-10/","12.9047495217936","26.2057482787471","-3.39651276194163","-0.000414440839240401","3.49001419035273","-0.254423075918209","1827.02604424276"
"2FlipHCrs/uf175-09/","13.0563685232531","23.3864552964738","-3.38169512047016","-0.000498671941543081","3.01617816658445","0.887002275482665","1771.24594177542"
"2FlipHCrs/uf175-08/","15.6402992711304","2.54893287622769","7.4856885266053","3.01160096955563","9.26141496130703","-0.82596983003026","0.992016099244647"
"2FlipHCrs/uf175-07/","-3.40514297702649","-0.000576694374761463","12.0827382097381","38.2820135700406","4.5856523124667","1887.06612905297","-1.38385660945823"
"2FlipHCrs/uf175-06/","-2.45875763887997","-0.00238880021244228","-2.80033591919644","-4.27904479062905e-05","1.62883432101512","684.536793831587","396.157354201647"
"2FlipHCrs/uf175-05/","5.38837255236418","15.6385168759055","-3.55586543459596","-0.000532685394670586","2.36026738774326","1.56030922658219","2200.90083967408"
"2FlipHCrs/uf175-04/","-2.03546521439116","-0.00315013264123252","2.1489946698673","5.0054701681255e-05","246.411573005298","436.900654442441","-244.826049646139"
"2FlipHCrs/uf175-03/","-3.68550297503846","-0.00049414795146425","13.3200225399103","30.5852669320264","8.79033252702948","2458.48019096435","-5.49707740501243"
"2FlipHCrs/uf175-02/","-3.67669342054756","-0.000425451350852191","-4.68788766312905","0.5932135038749","6.62844544295436","2398.05435098919","-3.55252012526326"
"2FlipHCrs/uf175-01/","-2.03477175273274","-0.00327382310679675","-2.36695851855577","-6.55566736001297e-05","2.02522009272615","446.501038397595","296.813203601207"
"2FlipHCrs/uf150-10/","0.021574170030334","0.000118139112131738","-1.5516955653517","-0.00436562635984006","44.9168615762105","-43.4137358671466","276.470609002603"
"2FlipHCrs/uf150-09/","-2.28681805357484","0.950803064344404","-3.47220858047044","-0.000632541035414734","6.10653734803878","-3.21289958688579","1773.75352003334"
"2FlipHCrs/uf150-08/","2.00250938163522","9.88364707263061e-05","-1.58283517790149","-0.00383667301758657","184.386418072492","-183.186188234292","260.104480160931"
"2FlipHCrs/uf150-07/","4.77662235087858","13.4831501837101","3.16929150325486","0.000665931826087458","650.926921241455","649.453930850942","-1297.30357899842"
"2FlipHCrs/uf150-06/","-2.39066759903812","-7.97187315893861e-05","1.67056695159052","0.0048112733336515","278.346139850138","284.8337242896","-276.843945232466"
"2FlipHCrs/uf150-05/","-2.00325244551571","-7.29162410068838e-05","1.24697210269568","0.00432540222709741","208.803041505785","177.168604982336","-207.317520128052"
"2FlipHCrs/uf150-04/","3.10513053846556","0.00064751573154463","12.4528030443416","10.0869104529454","605.160796310339","-1201.28672515406","599.03393715561"
"2FlipHCrs/uf150-03/","-3.37840215502173","-0.000581134943675314","9.62455564703403","298.934475714046","-8.31324129079167","1592.60854564361","11.3195358583323"
"2FlipHCrs/uf150-02/","0.91087831772068","0.00355149036258378","-2.41953355783403","-6.18472218833759e-05","161.64321678793","-160.287106276865","240.564246227362"
"2FlipHCrs/uf150-01/","-2.62539051551144","-9.83751178240634e-05","0.580386446603197","0.00521515392642035","120.905198618037","337.649096122164","-119.466235669445"
"2FlipHCrs/uf125-10/","4.22311674897889","10.8027887213084","-3.3458902622038","-0.000783207663222259","-4.19335148904279","6.6393671801395","1264.85612577119"
"2FlipHCrs/uf125-09/","3.48985409429879","8.85564430066498","-3.35743518105352","-0.00081457475795363","2.79008698377969","-0.38459516427855","1259.80994768164"
"2FlipHCrs/uf125-08/","-3.79748222929755","-0.000843689360208335","31.6004943451391","35.6968695060096","4.65503864642336","2010.83286060986","-2.18668856209218"
"2FlipHCrs/uf125-07/","1.45554297225942","15.4015156257628","-3.74755482988459","-0.00102403536460723","-5.31228180568756","7.62919712707763","1960.01591521151"
"2FlipHCrs/uf125-06/","11.3383357599222","26.8324347784908","-3.70618119271226","-0.000835744799021413","6.09913133849925","-3.5329133640638","1832.48234127824"
"2FlipHCrs/uf125-05/","5.97603243066634","6.91413057670573","4.68680936095341","6.35566588456007","4.06696167502415","1.26625423724347","1.93520285338486"
"2FlipHCrs/uf125-04/","1.21912430273298","15.3013531857605","-3.46084123794663","-0.000925766446646829","-2.22759004977238","4.58857901434557","1393.69403025252"
"2FlipHCrs/uf125-03/","-3.73663376264778","-0.000885078698203053","33.9819775654298","39.4518284366154","2.73420363892188","1815.44671416826","-0.44219529418732"
"2FlipHCrs/uf125-02/","-3.76705435281711","-0.000587871994031692","9.78100325455927","27.2871940862954","4.63245339060924","1846.49576792254","-2.11991526458134"
"2FlipHCrs/uf125-01/","7.69142930655891","0.159823842796157","-3.65802807841616","-0.00066856572647219","4.58432147291401","-2.15869163140006","1619.59644271422"
"2FlipHCrs/uf100-10/","28.5848814557091","97.8339038614117","-3.50185286916848","-0.00120980743970034","-2.18023950017577","4.24682866685563","1199.75824726865"
"2FlipHCrs/uf100-09/","-3.4424898134664","-0.000117082208664514","-1.24723618998427","-0.00741859027372485","1.14468889346736","484.122904820916","130.220798731576"
"2FlipHCrs/uf100-08/","-2.7052563313476","-0.000178728588030273","-2.4156043349429","-0.00660496502726855","1.17450601835186","249.075290677108","364.232599568978"
"2FlipHCrs/uf100-07/","-2.22598623153726","-0.00705552234626517","-2.50211977781815","-0.000210608449031029","1.06058391191394","309.736150911962","202.528334383428"
"2FlipHCrs/uf100-06/","9.99951108666451","0.191380592309775","9.8969524351473","0.179980081403268","4.91009214669989","-0.202125674819551","1.12026742467925"
"2FlipHCrs/uf100-05/","3.93343311470201","0.000883316494017591","6.83644751713298","8.19423744575011","840.036115697315","-1682.2936078547","844.278772206957"
"2FlipHCrs/uf100-04/","9.53537147310112","6.25549562847652","2.94600758538581","0.00130614464834985","363.830057805191","355.551898946021","-717.179904959957"
"2FlipHCrs/uf100-03/","-3.02887040901919","-0.000155025348607588","-2.60482090325093","-0.00638185080975139","1.05124521893656","307.482157876843","430.428551542182"
"2FlipHCrs/uf100-02/","-3.74913667435057","-0.00123280325712178","21.9820089425495","26.6780408031293","0.804208576009495","1518.12803464469","1.28179376545099"
"2FlipHCrs/uf100-01/","2.12855433492624","0.00637462726972598","-2.75038330161044","-0.000119512308034693","289.522451525142","-288.47918766935","245.74688475633"
"2FlipHCrs/uf075-10/","3.38121946008687","0.00218831657468159","1.85521481641241","15.6106250110139","440.903116976997","-819.183238515943","379.796657905828"
"2FlipHCrs/uf075-09/","-3.8683257998502","-0.0025225065812945","1.92542902601801","13.9009661205309","-2.94386454809975","1466.67157319742","4.6551418638728"
"2FlipHCrs/uf075-08/","3.75323124869371","0.00221477489296963","7.88604720805211","8.22899266149467","609.567206096304","-1203.34063990469","595.430693427243"
"2FlipHCrs/uf075-07/","-2.49530565150601","-0.000250197793646541","-2.15481091943873","-0.010496171814359","0.928175731938207","150.685687092353","221.010496955062"
"2FlipHCrs/uf075-06/","8.23346790303582","15.9088500942268","-3.52585965217852","-0.00173856005079667","2.26425451740218","-0.63204353000452","886.016997152288"
"2FlipHCrs/uf075-05/","75.792727177285","36.7889035948128","444.640164169746","-95.2018099568644","-25.4310042346244","29.9252292767917","33.3151701027152"
"2FlipHCrs/uf075-04/","-3.57225814787741","-0.00181710865204262","1.83053507306633","12.650591267723","0.974842215366904","966.791877100526","0.830669512540647"
"2FlipHCrs/uf075-03/","-2.12476971640469","-0.000354559434717347","-1.74684350995971","-0.0168256963683743","1.14869541278119","130.821455383325","153.864651066119"
"2FlipHCrs/uf075-02/","6.67660880593002","8.73412409153861","3.53232252760578","0.00312071168594905","500.04197479775","492.537179505274","-990.777389257564"
"2FlipHCrs/uf075-01/","-2.30091436418104","-0.0147870268027171","-2.58455732675494","-0.000455313700170561","1.0044702939966","241.251023429456","198.849147943383"
"2FlipHCrs/uf050-10/","1.99645163280262","2.6018221077781","-3.43354604320907","-0.0032235930813469","4.58963759534698","-3.37253563440037","579.879298860728"
"2FlipHCrs/uf050-09/","2.55613348514378","0.00122309096455116","2.07106134369518","0.0370647723813042","283.813978070307","-128.553179227025","-154.412382714448"
"2FlipHCrs/uf050-08/","2.90168248669953","0.00379258744288752","6.9060997311442","8.15446977182804","172.502709481363","-339.478284781786","168.317597716461"
"2FlipHCrs/uf050-07/","1.9779928443799","0.0197453868452163","-2.69164131586795","-0.000949982704123686","110.151619371176","-109.389655100182","136.077945933387"
"2FlipHCrs/uf050-06/","-2.57251769739338","-0.000811936660297419","2.19342538490615","0.0164944145264696","146.332447755154","115.563727157776","-145.588529509458"
"2FlipHCrs/uf050-05/","35.8131977589788","44.4384795782228","-3.62363941211748","-0.00677287040668536","15.6708849668972","-14.3407552572858","738.792982752566"
"2FlipHCrs/uf050-04/","2.16497108229184","0.0171234349063865","-2.63702149406929","-0.000617982241345077","155.569441076343","-154.846122401188","120.803104085342"
"2FlipHCrs/uf050-03/","-2.25621555226062","-0.0372892274693115","-2.57574789924965","-0.00169625290440798","0.801565740091258","135.887197466019","155.30269097439"
"2FlipHCrs/uf050-02/","3.5106672195407","0.00382102462401567","9.04038465285382","8.12599468235193","307.421986871571","-610.604276191119","304.457725018692"
"2FlipHCrs/uf050-01/","-1.68983426824742","-0.00130384758155949","-1.45364623845563","-0.0371314792968036","0.883281444220774","64.4391591709541","75.2361094973076"
"2FlipHCrs/uf020-10/","-15.9244861533367","1.86243725952761","-1.66053549887654","-0.0140400706577772","5.13386791452581","-4.51910173606101","25.1264836391736"
"2FlipHCrs/uf020-09/","-2.49469292337795","-0.00847156095101494","2.18314314573662","0.108972282417528","63.2222725455762","52.3564413480484","-62.6095058565837"
"2FlipHCrs/uf020-08/","0.884454339649907","0.0668659409566389","-2.55300337859633","-0.00400204846298538","28.1152302159488","-27.5782962891396","26.8598464391968"
"2FlipHCrs/uf020-07/","-10.6847145690887","5.22886885794501","-3.41198730979356","-0.0281623719676495","4.60379963300824","-3.87695691799565","199.967847826205"
"2FlipHCrs/uf020-06/","-2.32497921471887","-0.00616209968117215","2.17138496738338","0.107457393397928","57.1460466120567","42.2848668209763","-56.5910271477157"
"2FlipHCrs/uf020-05/","6.72525327016609","8.45845519147418","3.54593143954071","0.0205197738260851","151.625941694345","146.217562211206","-297.050281165177"
"2FlipHCrs/uf020-04/","1.99482268807249","0.0983571419658236","-2.46390466879496","-0.00432536704764774","60.2307595058066","-59.6447296021986","42.5430989599724"
"2FlipHCrs/uf020-03/","-2.0323238171532","-0.0121910392696421","4.9809222802128","-1.13750082009548","0.660088821280899","44.5746687131609","4.14435284461854"
"2FlipHCrs/uf020-02/","55.6650362140074","-5.5895264825733","-1.24875394667652","-0.0262502110674822","0.617518970310415","3.30319305140277","25.6693558997671"
"2FlipHCrs/uf020-01/","0.33871686888224","-0.274532620729981","-1.30322049002912","-0.00754964803869532","0.555468682630944","12.975152845153","15.6598628840032"
"2FlipHCrs/uf020-01/","-0.316169964984215","0.273978182181893","-1.74435552372108","-0.00724708062950897","13.6370070871298","-13.0847111774276","22.6664181935264"
"2FlipHC/uf250-10/","9.73309701919607","32.1934872350979","1.41562933396989","6.13116343918173","9.41310655199166","9.39882057387907","0.904487105935204"
"2FlipHC/uf250-09/","84.2322156597482","-11.8453079067797","-3.03171683973939","-0.00216965861138364","5.70330086328639","28.1790388102137","2128.48430917834"
"2FlipHC/uf250-08/","1.30526420417996","0.00780553914402231","-1.85404185185286","-0.000560238613217634","375.468587649116","-372.794720777145","269.732655844326"
"2FlipHC/uf250-07/","-3.495339610599","-0.00246911150783027","1.45974531085813","16.0737784370129","11.0880445492704","3427.07900339295","-5.00872314983729"
"2FlipHC/uf250-06/","-3.57666009557972","-0.00241356217265041","8.3632385298856","4.95153627351823","5.36027739559212","3648.22902300488","-0.187032091625733"
"2FlipHC/uf250-05/","-3.25798488423378","-0.00234954240275813","8.44791411418296","32.9725886789355","3.58305687135953","2641.65820927191","2.53627266860798"
"2FlipHC/uf250-04/","19.5654404688959","42.3308440113038","-3.59644690038377","-0.00280220435976593","4.3130494477889","-0.603746199443311","3887.19347205401"
"2FlipHC/uf250-03/","8.05759562735895","4.58578700854644","10.6747003014126","29.249067936133","5.22845970314623","3.69226239101258","9.81547526681528"
"2FlipHC/uf250-02/","3.42136739527408","0.00224669563859883","-1.34441277262864","-37.3031531647675","3232.67632647454","-3227.09304140573","38.6122836265268"
"2FlipHC/uf250-01/","-3.40110567600294","-0.00276395045229932","33.4272508242934","50.5295164888892","-2.12924552025871","3219.8173776745","6.36452819499304"
"2FlipHC/uf225-10/","3.37186463522608","0.00328262183297119","57.8974333778422","61.034333337986","1413.28239124396","-2784.63832117785","1376.31736822343"
"2FlipHC/uf225-09/","5.30376746790592","7.7801045836989","7.37757653379615","50.6501910638234","8.80802194648588","7.4662076203512","2.28521289152931"
"2FlipHC/uf225-08/","-1.82177290925979","-0.00917356481911133","-2.19174537074261","-0.000707768116501404","3.66723914666971","549.416134955569","352.62402565413"
"2FlipHC/uf225-07/","1.4476812811247","0.00679586383032597","-3.94369138131264","-0.000442870179294156","401.479926174872","-399.160970281778","1560.73384043677"
"2FlipHC/uf225-06/","-3.31136032596089","-0.00281221088922467","40.1139929462426","85.7961546920422","3.298086144354","2543.09189409475","3.86170692734565"
"2FlipHC/uf225-05/","3.85233718959615","18.0789498366716","-3.66326584265028","-0.00296188925895884","2.5586393626462","1.28349889299334","3721.81221414158"
"2FlipHC/uf225-04/","-1.72653266604165","-0.00795799651563161","-2.6499244793497","-0.000511100767767019","2.92887945354637","508.323611819403","465.913610768365"
"2FlipHC/uf225-03/","18.9145574797651","35.4677910125965","-3.78182774827272","-0.00286654438191477","4.17390126762817","1.49386104577297","4072.77864165045"
"2FlipHC/uf225-02/","-2.15484750715853","-0.00058837702935794","-1.74568167560486","-0.00875534086382403","1.85921376151591","297.772821334584","553.398340512862"
"2FlipHC/uf225-01/","2.41408218818956","0.000416739424586467","-2.20889117154341","-0.00734044320290303","331.876082014294","-330.079514240478","831.556896153974"
"2FlipHC/uf200-10/","4.40391005023231","4.01499965285126","5.14458649697715","10.4374007114467","10.7732122339615","-0.765418069246915","5.60542993183808"
"2FlipHC/uf200-09/","24.0729884225461","50.0850774895521","-3.31469292106402","-0.003080900352139","6.74964395016163","-1.75834705249883","2336.63855942994"
"2FlipHC/uf200-08/","-1.91918814543268","-0.00940017213873271","1.95925652242847","0.000732630207609245","243.282073895442","533.075146528638","-240.311868388321"
"2FlipHC/uf200-07/","96.6557890362392","96.7797297558691","-2.97678520889666","-0.00315879907943653","565.163559453391","-560.084517297287","1660.21698781168"
"2FlipHC/uf200-06/","-3.47008993957685","-0.00330580514592675","0.501491672470374","86.2396534287124","12.9810091186995","2769.5070766755","-8.24030617512794"
"2FlipHC/uf200-05/","-3.48031951858914","-0.00323847892254723","1.63019876855051","92.3549501085718","12.1443635105632","2632.78989867838","-6.81305907990675"
"2FlipHC/uf200-04/","10.2603118728255","3.32837520471212","5.52670320198692","8.64725158311832","1.72852976832012","11.759208797922","2.33061712854597"
"2FlipHC/uf200-03/","5.40002188223446","6.37471228202248","3.84256285464984","9.93472466882986","5.73695478016598","1.51072653830581","4.31483023085032"
"2FlipHC/uf200-02/","-1.23447453329841","-98.8144684517033","-3.41178856328306","-0.00335832649677784","5.54313091647644","-12.7329856692434","2565.50326806329"
"2FlipHC/uf200-01/","-2.23481953593782","-0.000763026096410527","1.5913916484547","0.010713761349178","400.429809566581","317.872498319259","-396.991430646718"
"2FlipHC/uf175-10/","3.57254284680128","11.2522335803974","-3.34723092319621","-0.00352010930691218","2.12640392471643","1.73883295535278","2069.97496071096"
"2FlipHC/uf175-09/","-3.56847267053354","-11.340780354026","-6.21069028556665","-12.2981907024248","14.9624639028679","21.0819782919366","14.9854533943093"
"2FlipHC/uf175-08/","4.55553640053383","10.8161483913289","-3.86237683098555","-0.00404302343531301","-6.3942816950016","9.44783914484161","3575.56150820135"
"2FlipHC/uf175-07/","2.08316414177285","0.00100449278180038","-2.08016416877079","-0.0111363374424785","253.915776536483","-252.108046075703","567.119015167133"
"2FlipHC/uf175-06/","-2.50984812897318","-0.00354083983071036","261.245030740792","474.787211524365","12.7994527766136","922.514534055974","-8.92503738512518"
"2FlipHC/uf175-05/","-2.33979428208844","-0.000914943530362955","-2.0467258503625","-0.0117872325902181","2.22180331850736","332.409041914552","493.002076829397"
"2FlipHC/uf175-04/","-5.9268581138787","-5.72553287064155","22.4009291834281","41.9177912596765","7.49035998344496","-1.2725685514052","4.87786930316498"
"2FlipHC/uf175-03/","1.62324004445119","0.01102845447994","-2.33313597438117","-0.000775985987836647","366.596640021031","-364.543402943247","283.98730838284"
"2FlipHC/uf175-02/","280.849831419527","286.544959064715","-3.27944989905381","-0.00363889360827011","31.9708483146492","-28.0774082493859","1963.60554253226"
"2FlipHC/uf175-01/","3.17396611446696","0.00421645353089778","5.39838299373566","11.3556435386354","933.761804081719","-1855.52931983786","926.370824058034"
"2FlipHC/uf150-10/","-3.62997039473809","-0.00357358859981675","5.67134021963998","22.9399429956131","2.60434435853766","2296.39503386962","0.396582177641184"
"2FlipHC/uf150-09/","17.7433326268829","14.2752480051079","5.34004665815034","8.0400133871689","-0.786636785692471","7.45732333137952","3.2896916647234"
"2FlipHC/uf150-08/","-3.36013514845688","-0.0041375146048808","61.2167212680365","139.438637597844","14.4227730693329","1846.11224944806","-11.9368434307021"
"2FlipHC/uf150-07/","-3.03631040912359","-0.00544799475541989","19.9034810259466","26.987743705267","8.87750828662801","1425.79110916991","-4.45504910314185"
"2FlipHC/uf150-06/","2.29161389760192","5.11165083676529","5.56113378290381","14.1071913001996","4.45911257275087","0.8472976196762","5.10299942330319"
"2FlipHC/uf150-05/","17.6179056732327","44.8877813354425","-3.49914131683259","-0.00449097114225736","4.42021134263659","-0.230197118980295","2108.14522878046"
"2FlipHC/uf150-04/","4.92004701702532","8.60764489453952","-3.53168966685987","-0.00456222372004014","3.77641538824723","0.135034804406914","2186.70255086726"
"2FlipHC/uf150-03/","-2.08100255964216","-0.0138421651935732","-2.3383903529601","-0.00086888447863052","1.90142416596381","447.43580210811","269.017172254556"
"2FlipHC/uf150-02/","287.823824555938","346.445113134946","-3.79660077726855","-0.00496397735288374","33.8327085437943","-30.5606922908561","2973.03532372612"
"2FlipHC/uf150-01/","-2.3096687713851","-0.00096982387690796","-2.04442579940406","-0.0128679479158714","1.93010198006955","253.547820800902","451.32571963612"
"2FlipHC/uf125-10/","-3.09914279502375","-0.00572279748449385","4.4177012276334","9.43305309348197","1.75522661875336","1191.28354141518","1.22606674713029"
"2FlipHC/uf125-09/","3.40806815321586","0.00504341534508379","11.9591393051202","4.12271689713624","811.898983401267","-1615.9900135539","806.678281042273"
"2FlipHC/uf125-08/","-3.86996147914945","-0.00587158873938695","6.3106648546552","14.0705749385809","-14.9685338475379","2689.43888935282","17.5427901974807"
"2FlipHC/uf125-07/","-3.53466356300359","-0.00538573305999726","3.27713175172048","13.4227540392102","4.3139430667095","1859.23261722303","-2.16861275361901"
"2FlipHC/uf125-06/","-9.06179074475297","0.227269749291843","-2.97521811293129","-0.00263468845777296","24.8035882369242","-22.3344963409143","654.053599516916"
"2FlipHC/uf125-05/","-3.85714562885066","-0.0051652508854216","61.7953868080637","51.3155629309794","8.893307215106","2403.74694622138","-6.41796337214954"
"2FlipHC/uf125-04/","-2.32633206781408","-0.00131942593052688","-1.88030630587741","-0.0167780069301835","1.4511490378549","201.265325240741","339.72144986557"
"2FlipHC/uf125-03/","3.64702089496331","0.00584660700714424","48.8418295735482","10.1853041074609","1104.11625057858","-2191.09305307919","1089.44430575917"
"2FlipHC/uf125-02/","6.90278708613916","8.2195463233709","-3.64024678414852","-0.00483009194282888","-0.261612555220645","4.08782690163511","1991.38627976846"
"2FlipHC/uf125-01/","-3.09809422197792","6.80984363195676","-3.45957527299023","-0.00486693881724186","5.35883831636988","-2.49844555200815","1648.00271623784"
"2FlipHC/uf100-10/","-2.33142531092554","-0.00215749355391671","1.42501168654046","0.0261971632524181","164.110726712993","206.735165574134","-162.563930532739"
"2FlipHC/uf100-09/","-1.97022153599935","-0.022344248402418","-2.29448383054388","-0.001695754811902","2.46484594630495","281.846930609172","176.935408325793"
"2FlipHC/uf100-08/","-2.37323763450645","-0.00185248647489906","-1.73017976117056","-0.0216170968389784","1.72807821599111","190.232265615839","228.979919673311"
"2FlipHC/uf100-07/","-3.49216681021574","-0.00688118749046152","11.4888081317495","23.5455436844757","2.49968027354074","1393.5129203845","-0.261090078550611"
"2FlipHC/uf100-06/","-3.43841911782264","-0.00965763791860929","-5.43953762566469","-16.085199594906","1.68667879339405","1394.97040978151","23.8343756317399"
"2FlipHC/uf100-05/","3.38227227740001","0.00621433743127609","8.40168720310876","7.18639245875477","607.631346108116","-1203.38827294308","598.278529318652"
"2FlipHC/uf100-04/","-3.43982182052667","-0.00755514443363815","7.94743018556724","23.0842390265297","1.57107439413358","1393.58655518263","0.909402987286238"
"2FlipHC/uf100-03/","-1.78442553451675","-0.00163346427733992","-1.44585014067766","-0.0193301083781905","1.33188404961926","100.371050231694","180.977378414596"
"2FlipHC/uf100-02/","1.64746108153464","0.0183742792631801","-2.48637187372187","-0.0015683784745936","225.545573735947","-224.140967960303","181.066275469266"
"2FlipHC/uf100-01/","-3.12211221843753","-0.0013615067539149","-0.178701459968422","0.0265354446999637","61.8331299218671","383.18688464212","-60.1767906950442"
"2FlipHC/uf075-10/","16.231386816016","2.8882007888205","-3.60346337089069","-0.01174049178112","-0.361704439315103","1.86278518973185","1264.16701642041"
"2FlipHC/uf075-09/","-2.98515901588833","-0.00990906993605904","3.70240021674507","-7.78248969148986","1.56088566959505","666.577003659199","12.0875108986808"
"2FlipHC/uf075-08/","2.51089855029745","6.6513526006844","6.02086499333797","5.13313035564351","2.91624602703479","1.093556842789","2.28341448785782"
"2FlipHC/uf075-07/","17.2488587854477","15.8178644389614","-3.42694549835928","-0.00967236800744808","7.96938497600804","-5.64041838556252","997.631492134418"
"2FlipHC/uf075-06/","0.855357111225985","13.2402409250288","9.0636184160205","15.6427526158142","5.05064393085843","-0.643700234019879","1.77203645644127"
"2FlipHC/uf075-05/","-2.62635646768097","-0.0016983337852302","1.96822983079298","0.0256440246570357","208.040224148913","148.312890013992","-206.911131442504"
"2FlipHC/uf075-04/","-3.35673485250086","-0.00236628941268709","0.104380289095054","0.0310089868013213","46.7478817816102","359.303222873293","-44.9404370015193"
"2FlipHC/uf075-03/","-2.66794745144151","-0.00157168638318369","2.05315146672795","0.0233531828300734","223.014498171704","161.911719241042","-221.660006758389"
"2FlipHC/uf075-02/","6.91807294046913","15.66177720356","-3.76601658435977","-0.00997212635187496","3.34102094857064","-1.8651803643235","1426.97945207606"
"2FlipHC/uf075-01/","-2.22399426955541","-0.00265109816224481","1.78926424440301","0.0322716888379089","173.756231896207","139.684689931702","-172.452162611298"
"2FlipHC/uf050-10/","-3.65697963042868","-0.0135040174752908","5.43818668909546","10.8667273086127","2.54777499886251","823.78573819788","-1.07845258830207"
"2FlipHC/uf050-09/","9.89137662102264","7.67563646063228","3.64340676922445","0.0151663117710707","386.298531054784","361.204205816819","-746.191604268456"
"2FlipHC/uf050-08/","-2.22790016107149","-0.00500440419172203","2.00082242391987","0.0375933601451582","126.179484375386","83.5611867716815","-124.80611433621"
"2FlipHC/uf050-07/","-3.55008496144692","-0.015683530210984","17.9321189220599","23.3081471804376","1.86192529953229","796.071268201777","-0.547792289828971"
"2FlipHC/uf050-06/","-2.23827475384525","-0.00534653095421635","-1.77533713539854","-0.0348201761401909","1.15001859543634","65.6217629550208","124.207969256775"
"2FlipHC/uf050-05/","-0.507306920070603","-14.5994347499402","-2.15881998826693","-10.9711750492362","3.62301114827522","1.31056070635284","-0.478248381809172"
"2FlipHC/uf050-04/","-1.98752574633343","-0.00597914866617276","-1.72567718741287","-0.0539721060319646","1.18388589412516","85.0144600664078","97.3840025712123"
"2FlipHC/uf050-03/","-2.15849633417909","-0.0398902413520997","-0.898349771068512","-0.00431239097515811","0.720304958636143","178.327261576389","23.1783425885193"
"2FlipHC/uf050-02/","164.841181617674","-38.5096758906818","13.3240941479459","-14.9352204109417","3.63584973520147","19.2330978110047","11.6459405600198"
"2FlipHC/uf050-01/","3.98013951090146","16.4310658632498","3.41458221590102","0.0194281130663981","363.316144859258","326.162223457624","-687.972346032215"
"2FlipHC/uf020-10/","2.79413205164711","-1.25776496771047","0.182220829010408","0.0528002374745839","16.7570392017657","5.31910490582787","-16.0524932306997"
"2FlipHC/uf020-09/","4.19475148612261","4.47435360342398","-3.1954465147943","-0.064018376227599","0.593651991179508","0.434302459328372","231.939630087007"
"2FlipHC/uf020-08/","5.51068147657066","-3.26601930974867","-2.15737603879374","-0.0339722207162649","0.780665619687683","3.83528981016938","60.8127413185637"
"2FlipHC/uf020-07/","-0.520991973213945","-0.0460374345734794","-46.1905982072742","10.8794278576893","2.96260123220109","14.7329838161241","-2.3975189528644"
"2FlipHC/uf020-06/","-25.3670517120552","8.36507535076472","-2.56158594261677","-0.0395883515137144","3.02526580767087","-1.97330322220784","102.235807821301"
"2FlipHC/uf020-05/","-1.84319250320269","-0.0246140454314869","1.97730369954482","-0.481670218281121","0.786238738822349","42.1260208733234","6.73771136920522"
"2FlipHC/uf020-04/","-0.716473768446968","-0.267919600325237","-0.982248595228555","-0.0327950023348522","0.859060386388393","18.7361140274029","19.7309031198397"
"2FlipHC/uf020-03/","-0.960687855220816","-0.010432415549974","1.2457237821562","0.0892847827922509","36.8244807890101","6.19579363822259","-36.2244296590148"
"2FlipHC/uf020-02/","-0.734592928231117","-0.037162232292039","4.25185069962001","-0.978568541774138","0.614994145708664","16.2288827019681","4.88988082629547"
"2FlipHC/uf020-01/","10.089214525003","-0.142775972687477","-1.95545252554392","-0.143786043131744","0.640236142807465","1.59821113450581","73.9059535248227"
"2FlipHC/uf020-01/","-2.31172505063611","-0.0520346505403706","-8.56984396341216","3.24871666388111","4.41155003175166","76.425318840174","-3.69362475027396"
"1FlipHCrs/uf250-10/","-3.65356307302432","-0.000655710729840319","205.889384233766","205.321669948574","-58.7552383845865","3825.81612330722","63.0467330252956"
"1FlipHCrs/uf250-09/","-2.23571197390073","-0.00208672857679038","-2.54906449783703","-8.77246625956399e-05","1.95859749004923","812.543238874984","494.710450492793"
"1FlipHCrs/uf250-08/","-2.85254946544446","-0.000621099482822329","4.11691889832486","8.06182553501837","3.27225419198793","1745.86917182083","0.587907394017382"
"1FlipHCrs/uf250-07/","5.43036475328304","9.04179645740767","-3.4689250467329","-0.000509926768438979","2.9684336245146","1.35641892444794","3035.0242130653"
"1FlipHCrs/uf250-06/","5.16342938887976","15.235433394265","-3.29270897518196","-0.000535358982319198","2.62368437519843","1.18605495275058","2549.90752712635"
"1FlipHCrs/uf250-05/","42.2753446471431","36.8501616231589","12.2155325784034","-32.423845460949","14.0549897929181","0.408222560968746","0.90793057428766"
"1FlipHCrs/uf250-04/","-3.7129635470474","-21.5501646080217","-3.70904634540891","-0.000696050120214001","3.76817572630931","-8.43182357419161","3949.90318178009"
"1FlipHCrs/uf250-03/","8.14256605269643","0.598085388192122","3.40446863949895","4.93678203057262","1.73634292421372","10.7155866558246","2.39603605287533"
"1FlipHCrs/uf250-02/","9.54562233068845","3.21302317151186","3.81413029589375","14.2647675851169","7.24316875464842","6.30848344355772","2.00765650808943"
"1FlipHCrs/uf250-01/","-1.9761861586143","-0.00238641686587069","-2.26092322852946","-0.000130067958448181","1.50014086500966","643.794015173408","394.536495909887"
"1FlipHCrs/uf225-10/","2.79014533408404","0.00017247389981953","-0.474862871789882","-0.00390894768357452","644.174505218029","-642.236167670343","178.636451196268"
"1FlipHCrs/uf225-09/","0.177097096283513","19.3587966814954","-3.4827881164098","-0.000754579448947774","-7.97632802292481","12.3833224219499","2870.81375716487"
"1FlipHCrs/uf225-08/","-3.52976719041597","-0.000617555654674242","0.366815267942344","14.6693912892549","-5.62784193741256","2930.90390604694","9.93866570468442"
"1FlipHCrs/uf225-07/","3.02047675408685","0.000630764669893885","6.40740643046876","18.2968885178984","903.481125370583","-1802.60358186532","902.784268663384"
"1FlipHCrs/uf225-06/","-2.83190470924761","-9.32207921912641e-05","2.23104063116944","0.00219414774139519","725.357989016683","564.454820231051","-723.432661560579"
"1FlipHCrs/uf225-05/","12.2703135887544","2.4432533062055","-3.70156296781571","-0.000785603611859274","2.97115089553243","0.630713238163078","3641.85065996187"
"1FlipHCrs/uf225-04/","11.0737828853424","6.63859449459615","-3.2474695912985","-0.000683527320271496","2.60187252694088","1.35397408410771","2345.44329410022"
"1FlipHCrs/uf225-03/","10.0790278428785","1.61038148405285","5.46886305534049","13.0637927141125","6.90590312331741","1.8027835790866","5.30976903936245"
"1FlipHCrs/uf225-02/","-3.52821065366405","-0.0007438136516068","19.4828725932025","41.7930006399464","5.28028480741736","2992.42765340094","-1.7438978210268"
"1FlipHCrs/uf225-01/","-3.91295907789318","-0.000753964485439023","5.23777236331758","13.7718285405782","2.13903148298285","4407.47566820382","1.4109113575936"
"1FlipHCrs/uf200-10/","-3.55000057365546","-0.000750247603512943","4.70363012470021","0.219406964769507","7.21283754894017","2703.87869372574","-3.89061194260181"
"1FlipHCrs/uf200-09/","3.55759747976145","0.000711454114311585","35.5200296152388","78.5233651788111","1415.11981612159","-2705.83218732517","1294.00623638137"
"1FlipHCrs/uf200-08/","-2.70891437840015","-0.00078117810872329","980.364064460422","-159.461184653168","3.60285834067253","1134.25084368756","28.8340042449583"
"1FlipHCrs/uf200-07/","-2.41583353084701","-0.000167013491163098","1.19501344712154","0.0035945221071592","263.789773409948","410.921688778208","-262.076515907042"
"1FlipHCrs/uf200-06/","19.8263409496326","42.5496086436708","-3.41561270096238","-0.000792634117304502","3.67764048726089","0.339874813173421","2364.60773212031"
"1FlipHCrs/uf200-05/","-3.79108408412818","-0.000845377327241108","16.141625398334","27.879778000951","3.65672192731348","3512.98758372481","0.431350663680722"
"1FlipHCrs/uf200-04/","3.28770107126241","0.000730667683225316","6.99137549731295","18.8228768791595","1056.25934698371","-2108.60446742674","1055.56261622504"
"1FlipHCrs/uf200-03/","4.0524879533106","10.949575506107","-3.82418200388743","-0.000974375935554241","2.75748977424559","0.612063974368722","3681.09053425003"
"1FlipHCrs/uf200-02/","-3.66108553686409","-0.000722493366706427","5.60550520054298","19.9735901386106","2.6299131324502","2999.63297041558","0.789765219178468"
"1FlipHCrs/uf200-01/","-4.59476536608208","-11.2621327314701","3.7323147658412","0.000719117369591742","3180.66264458776","-5.9838348668815","-3176.63193066441"
"1FlipHCrs/uf175-10/","9.92429842534009","0.422815509916353","3.91621877917694","8.16116481619376","5.4832606756241","1.16443477528265","3.79941810206805"
"1FlipHCrs/uf175-09/","5.26572053761288","10.4268090504687","-3.46563313156176","-0.000933384789222497","-1.66008474865775","5.06543860573784","2162.44942335021"
"1FlipHCrs/uf175-08/","0.501648539590649","77.3613798187353","-3.72357705632839","-0.000883133285290866","2.65858676265065","-0.0410300024785344","2780.88745464368"
"1FlipHCrs/uf175-07/","4.29755334032862","17.2473431136479","3.40695852699514","0.000889225157510018","994.19272277749","991.650003531767","-1983.28841350333"
"1FlipHCrs/uf175-06/","-2.38144178218292","-0.000179346782516247","-1.98068611605558","-0.00353258311826608","1.36030798917662","300.563755876373","468.906936271666"
"1FlipHCrs/uf175-05/","-3.43029382904912","-0.000917960874183869","1.1175731236156","20.1696426853463","2.21115878323747","2128.80135798205","1.39238963933637"
"1FlipHCrs/uf175-04/","-3.52327525575898","-0.000773719636167108","12.9766879693322","23.5424678456563","2.40831482440656","2304.10776385948","0.621978810975501"
"1FlipHCrs/uf175-03/","68.9335656416227","71.6272086054744","-3.83537537843077","-0.000957855827498714","62.7278996457492","-59.6826808740266","3156.77815433054"
"1FlipHCrs/uf175-02/","-2.53487180897739","-0.000219639114686408","-0.831956058838468","0.00751609417684878","67.2728138278269","441.64334747732","-65.7844787014128"
"1FlipHCrs/uf175-01/","-3.36063878208916","-0.000880193098372669","12.8352431004131","22.0430742444856","3.67026693880868","1856.82366486706","-0.318951597702951"
"1FlipHCrs/uf150-10/","11.2526766678714","0.918227982106799","11.3439875178353","6.51939150754179","5.87717384655261","0.947011312891245","2.37943757544977"
"1FlipHCrs/uf150-09/","-3.37744901753016","-0.00117810521515841","23.1557007626374","55.0884288231044","15.8570537572465","1734.80290386391","-13.3075821014487"
"1FlipHCrs/uf150-08/","3.44078759193668","0.00111535638432639","11.1264642029677","12.1376570048946","875.810436895459","-1745.06063098998","871.465020871588"
"1FlipHCrs/uf150-07/","-3.28160742193835","-0.000979837178116484","4.17698913140631","11.8261879263059","1.63728521310141","1563.73129362722","0.931483570761807"
"1FlipHCrs/uf150-06/","-3.22129921123995","-0.000233650085266846","1.5484351912055","0.00503584773323211","259.04800483026","634.133645804947","-257.836885090716"
"1FlipHCrs/uf150-05/","-6.855712004958","-10.2148216779474","3.58441311735007","15.4870700821708","5.12432955608493","-2.58103295377951","3.86153649130227"
"1FlipHCrs/uf150-04/","10.6295953323745","20.6091092329588","-3.44770992558409","-0.00106987279242352","3.82827257292359","-1.27539708071857","1825.19996401448"
"1FlipHCrs/uf150-03/","16.0045706913401","32.5540761964907","-3.71368235010297","-0.00109998927498991","5.57250444554357","-2.93067655738554","2304.03372786854"
"1FlipHCrs/uf150-02/","2.98970802690475","15.1073448381688","-2.67640123822608","-0.00106470975338959","6.13468604581763","-3.59744537664337","850.935885972026"
"1FlipHCrs/uf150-01/","1.78004854566256","0.00476104641061712","-2.41486466770143","-0.000248049159382894","347.462558390668","-346.385731384283","281.880589805624"
"1FlipHCrs/uf125-10/","1.66484237298601","0.00729334120194172","-2.26339332460957","-0.000401008637020677","234.886876568702","-233.695001874552","248.656931784527"
"1FlipHCrs/uf125-09/","1.55790063830939","28.2663790649619","-3.20280745106746","-0.00149354287532464","4.23735196013867","-1.97617401765555","1249.04178249084"
"1FlipHCrs/uf125-08/","-0.200266758243464","-0.0067562472191953","3.41835545670064","0.00035094970592778","670.616234660889","79.0309728190066","-669.545537953494"
"1FlipHCrs/uf125-07/","-3.53721025992954","-0.00173793018205388","11.6187911976294","11.265645862181","6.72176379455662","1733.83971172362","-4.64671778973601"
"1FlipHCrs/uf125-06/","-2.57853592729729","-0.000329463178513025","2.03854926247228","0.00521194324061508","348.167610955318","280.543144729249","-347.098427785456"
"1FlipHCrs/uf125-05/","14.9519205165344","16.0850192405445","-3.78387156322091","-0.00149436755602332","4.50395287411623","-2.31732600077512","2143.71643289306"
"1FlipHCrs/uf125-04/","1.28648341672174","51.4605722880385","-3.6398093318287","-0.00134918875630185","-0.162170575893144","2.20011731515596","1757.22715655886"
"1FlipHCrs/uf125-03/","-2.52644059413983","0.841269068385199","-3.36846686915341","-0.00149337570010791","5.13159037200111","-3.11036441737137","1476.70316246892"
"1FlipHCrs/uf125-02/","15.4969048431546","23.2655317178784","-3.63752805407777","-0.00145168930461509","1.96682238590347","0.521310381575588","1928.00000832002"
"1FlipHCrs/uf125-01/","-1.26500405062073","-0.00513554631622169","-3.2392619066249","-0.000253952811785375","1.00440626582398","179.175272373057","471.604105902115"
"1FlipHCrs/uf100-10/","3.64909498748399","0.00190179312974244","17.7080084747565","17.9385861508553","746.980758183436","-1484.54254900489","739.422228426491"
"1FlipHCrs/uf100-09/","-3.90740170613601","-0.00186290698413415","3.38043556180688","11.7483596887635","1.8346612044826","2009.33411428275","0.312638204402177"
"1FlipHCrs/uf100-08/","-3.72100086406284","-0.00184485432701542","9.90920274269849","21.8633653947754","3.08466374189992","1630.84781332667","-1.07292795410575"
"1FlipHCrs/uf100-07/","10.9853859858397","13.8289427382809","3.66059767209425","0.00221458623384879","782.079643373143","766.422351707103","-1546.7199254606"
"1FlipHCrs/uf100-06/","-3.10967136606774","-0.00117349915661381","0.690267669095487","0.0158924738735727","74.7730845040114","527.365970711132","-73.9218272317053"
"1FlipHCrs/uf100-05/","-3.02483881585466","-0.000532892785260889","1.56611458973151","0.00924530192228987","168.171635206154","377.78510709342","-167.239347938807"
"1FlipHCrs/uf100-04/","-3.25549663501301","-0.00161179144276065","136.414667969129","162.747786235649","28.8350799233306","1008.22521206058","-27.1032468931169"
"1FlipHCrs/uf100-03/","-1.50771830025961","-0.00763204630108753","-2.6612999587746","-0.000497843660304239","0.985532123411713","154.891578339664","265.673739088203"
"1FlipHCrs/uf100-02/","-2.10457433997588","-0.00052007456034141","0.903585945898071","0.00764806295953045","101.817688047049","144.234778057673","-100.865831202479"
"1FlipHCrs/uf100-01/","0.807840688365271","13.2398897141295","-3.70413921331773","-0.00164666503271602","1.9505108567449","-0.0798016366015756","1504.98121467798"
"1FlipHCrs/uf075-10/","2.97553039890434","5.59283932392983","7.17311714451973","6.45264194614719","2.97378614796816","1.41869900215125","0.601681451354284"
"1FlipHCrs/uf075-09/","-3.41183592695024","-0.00100974326042842","0.789409550240332","0.0108809486007321","73.7126395364149","392.370199329102","-73.0094635282099"
"1FlipHCrs/uf075-08/","-3.86786800479059","-0.00312171999635826","31.0962207431486","54.1898241849683","6.93220029075287","1415.47940622637","-5.34096774835004"
"1FlipHCrs/uf075-07/","-4.50168780533163","-27.2395647386609","-2.63645666148113","-14.2310473190498","5.44209190550841","10.0650046959345","1.81951247701458"
"1FlipHCrs/uf075-06/","15.7123429961097","20.0351970225135","-3.58484848622276","-0.00286918350754445","7.53757001248671","-5.98985992566174","1060.73118053167"
"1FlipHCrs/uf075-05/","2.06060789432621","0.014866895679608","-2.52808652927234","-0.000805754104880591","203.199044382609","-202.292490532788","175.443446075346"
"1FlipHCrs/uf075-04/","1.92462361887049","0.00282009458584335","2.61272531038599","-2.36286514722527e-08","96.4375567637316","-217.551409836882","131.838041499441"
"1FlipHCrs/uf075-03/","10.6503486607012","5.84720934892851","3.23852983027655","0.00213618350710405","367.284365478553","361.916215040965","-727.589570621285"
"1FlipHCrs/uf075-02/","-3.79281215873344","-0.00226492691141749","-12.4634572661517","0.484627041387193","11.724377545603","1070.87847092256","-10.5698125881122"
"1FlipHCrs/uf075-01/","-0.656247190137509","0.0227773857177377","-3.19487613867143","-0.00134081691815235","25.8974830187933","-24.7904091510229","468.186241378217"
"1FlipHCrs/uf050-10/","3.650961061876","0.00595407640448432","2.03273050159078","13.5403598187974","409.510001520153","-818.502356149666","410.138726803935"
"1FlipHCrs/uf050-09/","61.5326692308591","67.466377899911","-3.75567909755428","-0.00649543162034657","12.6780492419452","-11.4245448076069","901.592094628619"
"1FlipHCrs/uf050-08/","-2.29266989845404","-0.00120356672528821","1.86815143425075","0.0233456411431715","116.32833084897","92.0267698782601","-115.607265843641"
"1FlipHCrs/uf050-07/","-1.8931825284262","-0.0397124986020764","-2.80375829068339","-0.00264667399342947","0.848115713675411","90.0397583056702","236.099295945765"
"1FlipHCrs/uf050-06/","8.45006221612917","7.35626389726499","3.24859239308129","0.00561444546420922","269.022131400991","257.420532950396","-525.306920684565"
"1FlipHCrs/uf050-05/","1.04060217735412","0.0350575250211576","0.90510562088976","-0.00483864169363693","54.8849746424486","-54.1340173789299","12.6378311235388"
"1FlipHCrs/uf050-04/","-2.67206586771201","-0.00167912308238806","2.172675681168","0.0270574700465132","157.291945500721","160.635336844661","-156.554977942075"
"1FlipHCrs/uf050-03/","1.82209418627658","0.0263401890967574","-2.67507172969012","-0.00246654101589123","104.402227846666","-103.781752856821","163.085718085425"
"1FlipHCrs/uf050-02/","1.3960076380058","0.0192922373817131","-3.03740948223139","-0.00158978248309648","83.8515444777144","-83.2287525593311","158.33258460835"
"1FlipHCrs/uf050-01/","-2.28216791087874","-0.0331877245854281","-2.24577426807474","-0.00183926794783386","0.722224187597124","162.092885349307","103.999666631966"
"1FlipHCrs/uf020-10/","0.521904219174146","-0.0272013402829647","5.98058591828545","-0.582414842735424","0.636109635397717","6.60475680554388","4.34264625054219"
"1FlipHCrs/uf020-09/","-3.04201413642545","0.69121972952517","-3.97418756288257","-0.0136947920126991","5.92333744602531","-5.31416347825554","310.281737568428"
"1FlipHCrs/uf020-08/","1.54562765519844","0.00765876302966412","-1.50002995860765","0.380338439735526","30.4029180960602","-21.0762469016272","-8.77957887924195"
"1FlipHCrs/uf020-07/","-2.5579849512619","-0.0239990101974923","-22.9780739171458","10.8117731032944","3.43536419791904","102.162521823146","-2.83119931824555"
"1FlipHCrs/uf020-06/","-1.03280417653305","-0.0165414400555526","-0.723598996849915","0.30584237354612","9.21560638498118","22.1055752901004","-8.57764333312619"
"1FlipHCrs/uf020-05/","-2.27053272066959","-0.130081074597454","-2.43852859036524","-0.00867923003433942","0.584194724135932","69.4666296496146","51.4057935238647"
"1FlipHCrs/uf020-04/","-2.68085508848868","-0.0242238265434323","-12.010030252697","3.78347782787085","3.32880920626678","103.685784083482","-2.56163932541055"
"1FlipHCrs/uf020-03/","-2.5774228531613","-0.0136818504910729","-1.21271166774065","-0.190775162289512","0.650430125500701","70.1876505431039","26.1134481788887"
"1FlipHCrs/uf020-02/","-2.10137313088967","-0.0146844603523464","-2.15399616973378","-0.101044220925786","0.54314227738138","36.0707789659583","59.0008122927628"
"1FlipHCrs/uf020-01/","-1.1988783977827","-0.0387910581733475","-1.97345544051305","0.0119804764760661","1.85049133057948","31.1621521937699","-1.32617501130518"
"1FlipHCrs/uf020-01/","-3.11445358066489","-0.0257136320716003","3.75882069273977","13.4553828527873","13.0005664123568","188.53010313624","-12.2778997899554"
"1FlipHC/uf250-10/","-3.81477409510774","-0.00293201184332434","32.0416596177831","70.600970997236","1.28046616194346","5169.46465874852","3.7239625913311"
"1FlipHC/uf250-09/","78.6986971089046","148.27496932936","3.39318702587746","0.00290443499438479","1743.47148437349","1730.81492977134","-3468.85690031835"
"1FlipHC/uf250-08/","-3.71197127771986","-0.0028427781784916","3.68750340920512","8.885324258604","4.67354293576175","4711.27733883806","-0.694265868999561"
"1FlipHC/uf250-07/","1.35198408657738","0.00447415531823353","413.061940792153","-0.182492309540187","522.047883315221","-517.557710511958","11.3784354325253"
"1FlipHC/uf250-06/","-3.51104702159981","-0.0028154506759694","32.4676690869019","107.78570752293","6.53914389581706","3765.19003552592","-1.84725639310179"
"1FlipHC/uf250-05/","-2.00821089280809","-38.964410631048","-3.42677779231971","-0.00269053210625604","5.69400613931438","2.52206384277971","3444.76417257202"
"1FlipHC/uf250-04/","1.6054084099884","0.00100742524964073","-1.5688739919227","-0.0072029414737457","227.737972484361","-226.08933155478","534.587710161157"
"1FlipHC/uf250-03/","-3.36670344681221","-0.00282457555205242","75.8314828880295","88.0209330448033","20.5038453091758","3170.90596425935","-14.9321126741584"
"1FlipHC/uf250-02/","-2.31365917439906","-0.000658689847416148","-1.87306942483863","-0.00559100132836265","2.37764760961505","350.976930771304","708.726027131724"
"1FlipHC/uf250-01/","-3.33403432115288","-0.00211811191154594","4.14167478607975","-0.0446774927458148","2.37327969161668","2451.50122727554","26.7917393265777"
"1FlipHC/uf225-10/","-3.63535552029973","-0.00334198483920013","29.3369709474218","78.4381183235658","4.32941530091271","3957.73508448281","0.10524945544238"
"1FlipHC/uf225-09/","-3.43173723194528","-0.0029753091090693","-19.5729252783476","-49.9560389798018","5.96804484853862","3074.26270281638","-0.909306671708311"
"1FlipHC/uf225-08/","3.52601133550862","0.00352994849285931","10.0357420587145","37.2777850511204","1760.30041373334","-3514.22458009577","1759.37505868748"
"1FlipHC/uf225-07/","2.28587316931028","84.9541361421785","3.34834031870381","0.0032132071461756","1550.80576640455","1370.38556094813","-2916.27150055694"
"1FlipHC/uf225-06/","-3.36714879045292","-0.00328140555190756","3.96700379035748","10.7768928623883","3.17210345780494","3013.68603347026","2.92999046516108"
"1FlipHC/uf225-05/","6.71690833531438","5.93849609109887","10.2279744836783","1.79764891433304","6.90414237393846","5.32995530521023","2.82452418841491"
"1FlipHC/uf225-04/","26.409111511461","59.4058763117874","-3.38521602779956","-0.00343815064004254","4.56404563745823","0.699061038147724","3052.87705731122"
"1FlipHC/uf225-03/","-2.30539824336232","-0.000737355333348895","1.60715205316873","0.00674957971419827","499.362657082308","305.943362569219","-496.693797000718"
"1FlipHC/uf225-02/","-3.54463462661283","-0.00300578749339214","47.7042095170428","55.5302289158939","8.72848124799028","3537.26950442657","-5.64780757923759"
"1FlipHC/uf225-01/","3.48867640799253","0.00310146061084878","13.1665355995344","213.596329222369","1627.33982528429","-3268.53299559823","1645.35114774756"
"1FlipHC/uf200-10/","1.26728262099623","14.8340190660576","3.29057565415284","0.00380543287378325","1297.37002775819","1287.19918743726","-2579.89935331049"
"1FlipHC/uf200-09/","-3.33564133884312","-0.00391241089358303","2.84693299324548","26.0662780682072","9.14442896267136","2572.91618413967","-4.15678849588894"
"1FlipHC/uf200-08/","1.91327979026376","0.00095443717518056","1.87334220321706","0.00909306584850435","761.227083178136","-223.758703659826","-535.139714134466"
"1FlipHC/uf200-07/","0.86891454991022","21.1311470200914","8.49496440834554","0.281782895107997","7.89311516128787","1.33982468873822","6.19974121423052"
"1FlipHC/uf200-06/","5.87926407192849","7.69528395669603","3.13707689178462","6.52294127816659","6.79219845368962","3.4717640556152","6.55929724161884"
"1FlipHC/uf200-05/","1.6885185430062","0.00110571082818864","-1.91061112962808","-0.00709720003281211","185.441809357818","-182.628056393842","519.127126102766"
"1FlipHC/uf200-04/","2.00054641410464","81.476014694656","-3.53066333713974","-0.00367416578359734","20.1958551478443","-15.0789410208229","2955.69845184714"
"1FlipHC/uf200-03/","-1.94539201002226","-0.000972362355110022","-1.79159904257286","-0.00796608806539919","1.58157130552919","204.48359025999","534.932504161296"
"1FlipHC/uf200-02/","1.73757351386125","9.87284047238515","4.99783641354525","6.72600793523164","8.60617952438192","4.89508477510684","5.61783754299526"
"1FlipHC/uf200-01/","9.37778097893703","11.9670081822019","3.14799155438434","0.00390429851163265","1135.550384259","1134.34220139313","-2265.43178006892"
"1FlipHC/uf175-10/","1.73969853256525","0.00147835611886927","-1.88358825874942","-0.0105338027562875","219.37252654301","-217.075426580156","407.296530882228"
"1FlipHC/uf175-09/","1.42496696215169","0.00157744881921435","-1.54283599826339","-0.00958416132178958","142.192436824635","-139.753027924208","349.587280961236"
"1FlipHC/uf175-08/","10.9272563459368","5.75263299710582","2.54372798280546","0.00448086433488973","554.659788262249","549.940351731839","-1101.91577838752"
"1FlipHC/uf175-07/","-3.75008989416681","-0.00450543376888111","15.601202260206","31.3240053899107","2.24826984428727","3572.52237294975","0.483251125595556"
"1FlipHC/uf175-06/","1.65148119830724","10.9405637571842","5.09240529095253","5.41224648259049","6.49785444962986","2.95472043981272","3.49597479542122"
"1FlipHC/uf175-05/","-3.22604334037956","-0.00407083872935389","-1.05291799687324","-23.8605987430861","3.74813902093173","2068.87846213654","1.78966563281459"
"1FlipHC/uf175-04/","-3.35142572197957","-0.00134729251231649","-0.0434918765762046","-0.0138873377815414","2.05439980155982","965.757904890204","111.508407619431"
"1FlipHC/uf175-03/","6.24569383435254","8.70842439286427","-3.56030999738804","-0.00423021426726841","2.13140036368191","1.09120389289251","2850.49979340848"
"1FlipHC/uf175-02/","5.55149475514478","16.4756722139741","9.18765701677669","11.4960743999047","8.13340817418622","6.85135652124187","-0.237614342055908"
"1FlipHC/uf175-01/","8.79683788920573","3.29773779509252","-0.217404613707874","14.446196082769","8.71407950570225","10.684777681088","-2.06884491209942"
"1FlipHC/uf150-10/","3.23945411460079","0.00506014526118018","5.0186295666921","15.1415383555455","867.037301221389","-1731.17903668918","867.204099640489"
"1FlipHC/uf150-09/","2.47775432636069","10.4536396766046","-2.94035512170698","-0.00485759357142329","1.2842850465546","1.42716720663533","1349.52453432851"
"1FlipHC/uf150-08/","0.933374166631339","22.1314836948238","-3.45443656961755","-0.00502138926243698","0.785179355621759","1.37313806399764","2302.37499531909"
"1FlipHC/uf150-07/","0.639834274690749","-0.00176365790644718","-1.52487726149129","-0.00992963191080155","1.95915532165486","25.7859098096617","314.334248807522"
"1FlipHC/uf150-06/","10.014019553101","4.95907661317125","-3.6153193729713","-0.00456054060207019","1.3199092903065","1.52461253291397","2559.31760440976"
"1FlipHC/uf150-05/","-2.15032513930889","-0.00157894595149755","1.60343998383152","0.0130052918667049","318.965339750984","219.37883080262","-316.886581339432"
"1FlipHC/uf150-04/","-3.50027304645609","-0.00469996711211202","16.6126507111335","32.7086276975155","3.68298720117965","2265.59457902745","-0.524068422309075"
"1FlipHC/uf150-03/","-24.2195337572168","-31.2429986709667","-3.46512566076083","-0.00487636923015804","3.07288816579494","2.99430406523873","2272.20871019965"
"1FlipHC/uf150-02/","-2.37651964095952","-0.000983758743872498","-2.0344613497025","-0.00958382117448864","1.52573023519091","212.801504284518","488.558738267093"
"1FlipHC/uf150-01/","3.16135786079592","9.66759732730458","-3.50017689171765","-0.00508337418110556","3.06375866470582","-0.249826502129725","2304.44983071165"
"1FlipHC/uf125-10/","-3.39364554410699","-0.00607619680596284","5.43774295427809","17.2766216815524","1.37643625355067","1771.37779013322","1.44282140091507"
"1FlipHC/uf125-09/","-3.11099620468679","-0.00633761444604564","9.27686524091422","10.1262639491152","-2.55880376599706","1437.40869955975","5.00947978177119"
"1FlipHC/uf125-08/","0.814414870816925","0.00280959588339298","0.0342636020919773","-0.0204289260206878","82.9717359175615","-81.2264110946709","75.2694990455084"
"1FlipHC/uf125-07/","-0.476089587907713","-25.10717509463","-3.60055360399057","-0.00602572305356455","1.72811039692537","2.42743341376401","2078.39909300699"
"1FlipHC/uf125-06/","-3.323508339867","-0.00555388522782274","62.1861903725039","131.721403822048","9.76008921600426","1497.34252507821","-6.5512739462872"
"1FlipHC/uf125-05/","0.855145661958615","0.0125322241697278","2.64654840302986","0.00146659510058237","397.063644781216","-144.867783435718","-250.945250216087"
"1FlipHC/uf125-04/","3.38875689154281","16.5210580408741","3.26618728867125","0.00621459851400083","769.047951786688","728.841262631245","-1495.18977823561"
"1FlipHC/uf125-03/","-2.87063811173","-0.00622006471612203","111.712657505118","-12.4108428150955","2.02996218251626","1036.3890529874","10.7528451421199"
"1FlipHC/uf125-02/","3.0910568776083","0.00634730228963297","46.6924271944392","85.2420177455446","650.626473565702","-1277.77574431346","630.861246198353"
"1FlipHC/uf125-01/","9.19306178282712","18.0229233157501","3.37946449175037","0.00564691708641528","867.971781340083","844.371014459813","-1709.5081944162"
"1FlipHC/uf100-10/","-3.47243120210546","-0.00762864942002839","8.06052474864527","33.2915469041208","-13.0143245230504","1477.6413030464","15.1650014797095"
"1FlipHC/uf100-09/","32.3551771870766","35.3777399445653","-3.53937522383746","-0.00850701852320862","12.6108914196059","-9.83184110573032","1644.81276905874"
"1FlipHC/uf100-08/","16.5857635990862","40.15650719756","-3.06575254674159","-0.00854186161748968","3.40884734442191","-0.554455797525363","1004.30216565789"
"1FlipHC/uf100-07/","3.2947531377428","0.00703282720602214","7.5572000656503","164.947913308631","613.769458040355","-1238.76203335073","627.094098005821"
"1FlipHC/uf100-06/","2.11746254308134","16.7993172642831","-3.19350655864267","-0.0096766717883859","12.2244723461481","-10.7451203856639","1244.49941259116"
"1FlipHC/uf100-05/","11.53075569673","2.26487142829887","7.19362959271333","5.42706712751015","3.85554304647964","2.68069290250112","2.57434943301024"
"1FlipHC/uf100-04/","2.76367467092468","20.1227607553099","3.48032517749881","0.0071997376677817","743.428506495036","726.852274278822","-1468.30033636198"
"1FlipHC/uf100-03/","-2.35384284251884","-0.00163304259546856","1.48699868877031","0.0149782247205213","211.290850407907","142.735381681713","-209.988316887627"
"1FlipHC/uf100-02/","-0.744691046714808","-0.00343027998107605","-0.851312880927888","-0.0227420302693402","1.59576957077365","56.7529684692908","111.636177897617"
"1FlipHC/uf100-01/","-0.475087732397433","0.0258539651149718","-3.45342440556846","-0.00222815655263463","57.8604078849987","-56.4366116169457","548.611939438119"
"1FlipHC/uf075-10/","3.40100450088441","0.0104824812247267","7.51450361011837","8.4564122277922","537.817894528601","-1073.04265536232","536.415094987222"
"1FlipHC/uf075-09/","-3.51358544987696","-0.0120396251036941","135.690149187","158.622636093412","19.130896940253","1243.57254573687","-17.7987622011626"
"1FlipHC/uf075-08/","-1.16451803146706","-0.030623938224059","-1.6638082124883","-0.00573842084460813","1.57892798116344","114.116495302275","90.2293534008985"
"1FlipHC/uf075-07/","-3.64907016798508","-0.00948698589764699","5.75401942965012","9.63246766246693","0.309158936496552","1249.09784099588","1.93115000867103"
"1FlipHC/uf075-06/","-3.24196754282056","-0.010046015061525","8.29081477331831","7.01855458995254","-2.81857329648226","826.654161951478","4.76938653804595"
"1FlipHC/uf075-05/","2.02445270167315","0.00193594103708287","-1.98063308650911","-0.0225601989833348","60.3882183698805","-59.1158915930616","264.56347637032"
"1FlipHC/uf075-04/","-3.17758960262896","-0.00566730855745482","-0.96033867595082","0.0624044594631801","23.3096382817438","466.024748843032","-21.408517407793"
"1FlipHC/uf075-03/","-1.26516052387053","-0.0240643674763895","-1.47669045243321","-0.00229522527698237","1.92731996264992","130.804636930454","46.4497972807588"
"1FlipHC/uf075-02/","-1.80612908076855","-0.0037370240380466","-1.08258118080139","-0.024172452657666","0.919257303841422","69.8810551473572","108.029530862719"
"1FlipHC/uf075-01/","-3.3436631703317","-0.0101923192716625","28.0421902727233","43.0942992298152","5.25700494827684","988.023514322899","-3.26415593401024"
"1FlipHC/uf050-10/","-1.41914397842505","-0.0181663901571472","0.130797939637609","0.182657066209263","13.4160458839755","103.423625121772","-12.1269351371141"
"1FlipHC/uf050-09/","-2.72783029893656","-0.0126110961351864","0.383826574309781","0.0863155375617724","22.024532223898","274.391452039873","-20.9000042341481"
"1FlipHC/uf050-08/","3.22906624618959","0.0218658536787968","8.62732987403131","6.89018073602437","308.984767740436","-612.349358507166","305.04472886214"
"1FlipHC/uf050-07/","1.30963370790233","13.0248328065895","-0.96438049599397","-10.9765081552851","5.5434789940647","-0.578254310867048","6.17377624682262"
"1FlipHC/uf050-06/","-3.13512689806989","-0.0157370941601833","7.31039903238959","13.9412649577131","1.63756072689108","573.764539979139","-0.158215417168725"
"1FlipHC/uf050-05/","32.0608980222759","43.4846248300481","2.70751131066345","0.0224289135015306","197.121767901993","170.502414629074","-366.675137870619"
"1FlipHC/uf050-04/","-0.00127826213950943","0.0651982488237337","-2.67041891916244","-0.00862322867838814","27.3066833820638","-26.0539787472889","199.493210532091"
"1FlipHC/uf050-03/","-1.65534719697438","-0.0547984992028235","-1.6135562486085","-0.0114228563690329","0.854363011424148","86.6344222042174","75.3962857402241"
"1FlipHC/uf050-02/","1.50455071662113","0.0061875648465087","-1.56875833134875","-0.0337246865367208","31.8506210951834","-30.743294462051","116.697157470951"
"1FlipHC/uf050-01/","-1.69865111271272","-0.00543294443170653","-1.69412329418973","-0.0306083207589077","0.892323306234456","33.8586691086038","115.710652906296"
"1FlipHC/uf020-10/","2.96875612531694","0.0887986602910902","9.23648923637848","10.9740121610528","108.446524469883","-210.376402112455","102.823110352889"
"1FlipHC/uf020-09/","0.673073617720959","-0.154218272425834","53.9265529738196","-0.871666697980704","0.945734227651513","14.1035024863201","1.24623131618375"
"1FlipHC/uf020-08/","-0.183146160463002","-0.253680174572303","1.13018340315381","0.0357795075471271","20.8658761933888","13.3737754022272","-20.1590117819212"
"1FlipHC/uf020-07/","-2.36231472985873","-0.0370827600482464","-88.4637869702808","9.27330631814865","3.49273400079054","64.1447914273344","-2.67089880919115"
"1FlipHC/uf020-06/","1.05739095334565","-0.058890299807326","25.8540924905986","-3.5257944962543","1.03958667411137","7.48965771523605","3.15006090625609"
"1FlipHC/uf020-05/","11.4937438370512","1.43346942310368","2.32768137766414","0.0527735616642259","53.8763970223694","56.7546361664069","-109.790129456473"
"1FlipHC/uf020-04/","1.7322371614593","0.0937619887796794","5.87984353755535","7.04531154633562","37.7166751243983","-70.624083838745","34.22365053497"
"1FlipHC/uf020-03/","-6.16238922997185","1.69863999838802","1.59852663637972","-0.089132781473099","4.67902008684571","-3.62515838098442","7.72202115153715"
"1FlipHC/uf020-02/","2.43806197088082","0.0592130592344964","6.08376667822489","9.1330680697094","57.2307339314354","-111.151577991605","54.6391415912475"
"1FlipHC/uf020-01/","0.274041758359257","-0.104011825814775","-2.02409195178076","-0.00921367289916682","0.561227459801629","10.6182582517159","7.49426917303451"
"1FlipHC/uf020-01/","7.67412144131611","6.74237049738445","1.80746499702714","0.0647322332846751","25.7875402378742","24.0653004441283","-49.0902818833644"
