"instance.alogorithm.name",""
"CMAES/f1/DIM10","4.54204684672513"
"CMAES/f1/DIM2","1.70444111705937"
"CMAES/f1/DIM20","5.53540758536312"
"CMAES/f1/DIM3","2.62435621005581"
"CMAES/f1/DIM40","28.0669631201623"
"CMAES/f1/DIM5","2.08091947291283"
"CMAES/f10/DIM10","2737269.45009364"
"CMAES/f10/DIM2","2791986.85596885"
"CMAES/f10/DIM20","2808434.9876937"
"CMAES/f10/DIM3","1301688.43027824"
"CMAES/f10/DIM40","6180478.26004721"
"CMAES/f10/DIM5","1649988.40336951"
"CMAES/f11/DIM10","1102484.09519128"
"CMAES/f11/DIM2","1430115.40248928"
"CMAES/f11/DIM20","2621146.05579922"
"CMAES/f11/DIM3","2096595.03846692"
"CMAES/f11/DIM40","3494908.47437147"
"CMAES/f11/DIM5","2516502.90250348"
"CMAES/f12/DIM10","48374289.3267575"
"CMAES/f12/DIM2","3844732.23583488"
"CMAES/f12/DIM20","124392277.717188"
"CMAES/f12/DIM3","21147932.2959824"
"CMAES/f12/DIM40","325196628.919706"
"CMAES/f12/DIM5","23723290.7761481"
"CMAES/f13/DIM10","53.1743215149792"
"CMAES/f13/DIM2","64.1765420992335"
"CMAES/f13/DIM20","67.9347619550337"
"CMAES/f13/DIM3","99.555539963241"
"CMAES/f13/DIM40","32.8095435593691"
"CMAES/f13/DIM5","63.6391934563776"
"CMAES/f14/DIM10","5.48257022726527"
"CMAES/f14/DIM2","1.5026278388109"
"CMAES/f14/DIM20","9.82875301144244"
"CMAES/f14/DIM3","5.64982930653135"
"CMAES/f14/DIM40","2.06391244687452"
"CMAES/f14/DIM5","2.96813620939898"
"CMAES/f15/DIM10","124.39843143075"
"CMAES/f15/DIM2","117.223247737262"
"CMAES/f15/DIM20","102.337695743084"
"CMAES/f15/DIM3","72.8852615025921"
"CMAES/f15/DIM40","138.723954161182"
"CMAES/f15/DIM5","20.0809262295683"
"CMAES/f16/DIM10","4.37691089323241"
"CMAES/f16/DIM2","10.4013368670489"
"CMAES/f16/DIM20","4.17325806627416"
"CMAES/f16/DIM3","6.29564314974193"
"CMAES/f16/DIM40","3.58211178503131"
"CMAES/f16/DIM5","8.25806128711977"
"CMAES/f17/DIM10","2.06819143007005"
"CMAES/f17/DIM2","6.96077931820608"
"CMAES/f17/DIM20","2.10823881476433"
"CMAES/f17/DIM3","2.99683566070083"
"CMAES/f17/DIM40","4.18533075999585"
"CMAES/f17/DIM5","2.68305757229"
"CMAES/f18/DIM10","9.29434799334319"
"CMAES/f18/DIM2","63.444817906302"
"CMAES/f18/DIM20","4.14297597460434"
"CMAES/f18/DIM3","21.556145296832"
"CMAES/f18/DIM40","3.82500293041099"
"CMAES/f18/DIM5","9.30378975842363"
"CMAES/f19/DIM10","1.27929535289843"
"CMAES/f19/DIM2","3.73491359477623"
"CMAES/f19/DIM20","1.20080738366448"
"CMAES/f19/DIM3","5.06081755124332"
"CMAES/f19/DIM40","0.43053461015845"
"CMAES/f19/DIM5","2.65659680154408"
"CMAES/f2/DIM10","900578.302435149"
"CMAES/f2/DIM2","1975411.79300355"
"CMAES/f2/DIM20","2737852.69619116"
"CMAES/f2/DIM3","674493.565483952"
"CMAES/f2/DIM40","5597800.4780562"
"CMAES/f2/DIM5","1556527.81950442"
"CMAES/f20/DIM10","12971.2578512455"
"CMAES/f20/DIM2","5294.35280070225"
"CMAES/f20/DIM20","11227.1476839494"
"CMAES/f20/DIM3","5489.37825009062"
"CMAES/f20/DIM40","19139.825331801"
"CMAES/f20/DIM5","6890.31102953108"
"CMAES/f21/DIM10","19.501396280479"
"CMAES/f21/DIM2","1.82929147736394"
"CMAES/f21/DIM20","11.1570153241194"
"CMAES/f21/DIM3","1.17791483134959"
"CMAES/f21/DIM40","11.853865018236"
"CMAES/f21/DIM5","6.43802423547952"
"CMAES/f22/DIM10","4.936929423277"
"CMAES/f22/DIM2","7.20559656112541"
"CMAES/f22/DIM20","3.97191726548883"
"CMAES/f22/DIM3","5.60672472041098"
"CMAES/f22/DIM40","3.20479653677358"
"CMAES/f22/DIM5","5.21800097878618"
"CMAES/f23/DIM10","1.05218490198783"
"CMAES/f23/DIM2","3.5861565587584"
"CMAES/f23/DIM20","0.946986809874324"
"CMAES/f23/DIM3","3.00748017663207"
"CMAES/f23/DIM40","0.505481975776481"
"CMAES/f23/DIM5","1.94773213576513"
"CMAES/f24/DIM10","10.7292062609456"
"CMAES/f24/DIM2","3.56505446121917"
"CMAES/f24/DIM20","6.96648392573507"
"CMAES/f24/DIM3","4.69816090264612"
"CMAES/f24/DIM40","9.52680464708117"
"CMAES/f24/DIM5","9.47394427421113"
"CMAES/f3/DIM10","69.9151908918473"
"CMAES/f3/DIM2","88.8712785573994"
"CMAES/f3/DIM20","144.442085476023"
"CMAES/f3/DIM3","34.239952617051"
"CMAES/f3/DIM40","172.29312521718"
"CMAES/f3/DIM5","24.2780803361425"
"CMAES/f4/DIM10","202.932215445188"
"CMAES/f4/DIM2","20.6230479114343"
"CMAES/f4/DIM20","262.817551618834"
"CMAES/f4/DIM3","240.469459953836"
"CMAES/f4/DIM40","385.277150840618"
"CMAES/f4/DIM5","260.378933245891"
"CMAES/f5/DIM10","57.7999970274969"
"CMAES/f5/DIM2","-5265.73284021807"
"CMAES/f5/DIM20","95.2508796453813"
"CMAES/f5/DIM3","24.8550323150247"
"CMAES/f5/DIM40","173.856394484633"
"CMAES/f5/DIM5","32.4031526387372"
"CMAES/f6/DIM10","27265.9347842418"
"CMAES/f6/DIM2","17065.7309153547"
"CMAES/f6/DIM20","113363.975258128"
"CMAES/f6/DIM3","27154.6895924561"
"CMAES/f6/DIM40","159402.301268059"
"CMAES/f6/DIM5","31133.7166193177"
"CMAES/f7/DIM10","46.1389299215754"
"CMAES/f7/DIM2","109.217985970095"
"CMAES/f7/DIM20","129.108964392595"
"CMAES/f7/DIM3","76.7659718580204"
"CMAES/f7/DIM40","114.729539492524"
"CMAES/f7/DIM5","96.0004412787927"
"CMAES/f8/DIM10","19628.9633807423"
"CMAES/f8/DIM2","2339.75305291745"
"CMAES/f8/DIM20","17254.4404756295"
"CMAES/f8/DIM3","5958.70659974452"
"CMAES/f8/DIM40","63491.0444605298"
"CMAES/f8/DIM5","5892.12590583278"
"CMAES/f9/DIM10","5490.6292632459"
"CMAES/f9/DIM2","1291.52760364984"
"CMAES/f9/DIM20","9918.26921153431"
"CMAES/f9/DIM3","2500.94553444238"
"CMAES/f9/DIM40","28685.5819236731"
"CMAES/f9/DIM5","2446.63781829759"
"holtschulte2013/ga100/f1/DIM10","1.58285245726637"
"holtschulte2013/ga100/f1/DIM2","1.92048335813461"
"holtschulte2013/ga100/f1/DIM20","17.3264647635786"
"holtschulte2013/ga100/f1/DIM3","1.39834833356777"
"holtschulte2013/ga100/f1/DIM40","35.2196117903376"
"holtschulte2013/ga100/f1/DIM5","0.751651609651573"
"holtschulte2013/ga100/f10/DIM10","1952502.05939681"
"holtschulte2013/ga100/f10/DIM2","1387665.16008837"
"holtschulte2013/ga100/f10/DIM20","2138474.36054607"
"holtschulte2013/ga100/f10/DIM3","997324.919217376"
"holtschulte2013/ga100/f10/DIM40","5867616.18792896"
"holtschulte2013/ga100/f10/DIM5","1615349.44466504"
"holtschulte2013/ga100/f11/DIM10","1168464.60615818"
"holtschulte2013/ga100/f11/DIM2","1838735.53167717"
"holtschulte2013/ga100/f11/DIM20","1012579.16355252"
"holtschulte2013/ga100/f11/DIM3","942933.863627387"
"holtschulte2013/ga100/f11/DIM40","1135417.93477976"
"holtschulte2013/ga100/f11/DIM5","927828.755227077"
"holtschulte2013/ga100/f12/DIM10","98180313.7924625"
"holtschulte2013/ga100/f12/DIM2","119841488.057418"
"holtschulte2013/ga100/f12/DIM20","48920559.1942874"
"holtschulte2013/ga100/f12/DIM3","31826689.1523728"
"holtschulte2013/ga100/f12/DIM40","274529092.768562"
"holtschulte2013/ga100/f12/DIM5","11829268.9399121"
"holtschulte2013/ga100/f13/DIM10","85.4172754498893"
"holtschulte2013/ga100/f13/DIM2","43.4480610467648"
"holtschulte2013/ga100/f13/DIM20","58.6445747350573"
"holtschulte2013/ga100/f13/DIM3","67.8550298447157"
"holtschulte2013/ga100/f13/DIM40","313.170890564958"
"holtschulte2013/ga100/f13/DIM5","144.486703039471"
"holtschulte2013/ga100/f14/DIM10","4.37621655207021"
"holtschulte2013/ga100/f14/DIM2","10.5795524877548"
"holtschulte2013/ga100/f14/DIM20","13.0833528063322"
"holtschulte2013/ga100/f14/DIM3","8.82021515459"
"holtschulte2013/ga100/f14/DIM40","20.33933376539"
"holtschulte2013/ga100/f14/DIM5","7.67403659708978"
"holtschulte2013/ga100/f15/DIM10","60.5803057734701"
"holtschulte2013/ga100/f15/DIM2","23.1035936242976"
"holtschulte2013/ga100/f15/DIM20","110.363308212883"
"holtschulte2013/ga100/f15/DIM3","63.8407175520985"
"holtschulte2013/ga100/f15/DIM40","271.993629394611"
"holtschulte2013/ga100/f15/DIM5","51.0581272654574"
"holtschulte2013/ga100/f16/DIM10","1.34729090056114"
"holtschulte2013/ga100/f16/DIM2","6.53475100185755"
"holtschulte2013/ga100/f16/DIM20","5.87802173844594"
"holtschulte2013/ga100/f16/DIM3","11.6565449291659"
"holtschulte2013/ga100/f16/DIM40","1.07407799912676"
"holtschulte2013/ga100/f16/DIM5","9.60059090843205"
"holtschulte2013/ga100/f17/DIM10","2.1958602358098"
"holtschulte2013/ga100/f17/DIM2","4.60828359397996"
"holtschulte2013/ga100/f17/DIM20","11.0345908673727"
"holtschulte2013/ga100/f17/DIM3","1.08869469323092"
"holtschulte2013/ga100/f17/DIM40","1.48853442940092"
"holtschulte2013/ga100/f17/DIM5","2.84999321329962"
"holtschulte2013/ga100/f18/DIM10","17.0931220950808"
"holtschulte2013/ga100/f18/DIM2","72.4336603360784"
"holtschulte2013/ga100/f18/DIM20","15.3740232141742"
"holtschulte2013/ga100/f18/DIM3","26.0858633243423"
"holtschulte2013/ga100/f18/DIM40","18.1548554091082"
"holtschulte2013/ga100/f18/DIM5","10.5590255701645"
"holtschulte2013/ga100/f19/DIM10","2.36202997502632"
"holtschulte2013/ga100/f19/DIM2","3.25791155556338"
"holtschulte2013/ga100/f19/DIM20","1.85891040552657"
"holtschulte2013/ga100/f19/DIM3","3.24226010553077"
"holtschulte2013/ga100/f19/DIM40","1.27586942659801"
"holtschulte2013/ga100/f19/DIM5","2.72051646266422"
"holtschulte2013/ga100/f2/DIM10","783049.195684345"
"holtschulte2013/ga100/f2/DIM2","1738786.30852058"
"holtschulte2013/ga100/f2/DIM20","1566613.61955936"
"holtschulte2013/ga100/f2/DIM3","1137587.83804896"
"holtschulte2013/ga100/f2/DIM40","2589504.69608082"
"holtschulte2013/ga100/f2/DIM5","247376.495468453"
"holtschulte2013/ga100/f20/DIM10","10303.7066804377"
"holtschulte2013/ga100/f20/DIM2","1960.05142720381"
"holtschulte2013/ga100/f20/DIM20","12876.3088886536"
"holtschulte2013/ga100/f20/DIM3","4066.93881715081"
"holtschulte2013/ga100/f20/DIM40","27583.1435635936"
"holtschulte2013/ga100/f20/DIM5","3671.33863167534"
"holtschulte2013/ga100/f21/DIM10","5.79207047796466"
"holtschulte2013/ga100/f21/DIM2","0.790033597865124"
"holtschulte2013/ga100/f21/DIM20","8.47247311991785"
"holtschulte2013/ga100/f21/DIM3","3.09386154446244"
"holtschulte2013/ga100/f21/DIM40","10.1169767417196"
"holtschulte2013/ga100/f21/DIM5","4.4878772540743"
"holtschulte2013/ga100/f22/DIM10","1.89145259673337"
"holtschulte2013/ga100/f22/DIM2","2.18778589702763"
"holtschulte2013/ga100/f22/DIM20","3.6547872739927"
"holtschulte2013/ga100/f22/DIM3","4.00682339872788"
"holtschulte2013/ga100/f22/DIM40","3.30262459687133"
"holtschulte2013/ga100/f22/DIM5","7.23119518419724"
"holtschulte2013/ga100/f23/DIM10","0.63279595781866"
"holtschulte2013/ga100/f23/DIM2","3.06027416811694"
"holtschulte2013/ga100/f23/DIM20","0.639668153765778"
"holtschulte2013/ga100/f23/DIM3","1.24968432326008"
"holtschulte2013/ga100/f23/DIM40","0.328230859443785"
"holtschulte2013/ga100/f23/DIM5","1.04926314708534"
"holtschulte2013/ga100/f24/DIM10","7.71517846664123"
"holtschulte2013/ga100/f24/DIM2","3.69186878142629"
"holtschulte2013/ga100/f24/DIM20","32.1895460625852"
"holtschulte2013/ga100/f24/DIM3","3.27927339674761"
"holtschulte2013/ga100/f24/DIM40","115.708109261087"
"holtschulte2013/ga100/f24/DIM5","7.02789045794482"
"holtschulte2013/ga100/f3/DIM10","113.445296638162"
"holtschulte2013/ga100/f3/DIM2","27.5246467582992"
"holtschulte2013/ga100/f3/DIM20","216.633992772234"
"holtschulte2013/ga100/f3/DIM3","36.9799382364791"
"holtschulte2013/ga100/f3/DIM40","500.247124992576"
"holtschulte2013/ga100/f3/DIM5","48.9123199110107"
"holtschulte2013/ga100/f4/DIM10","195.846125777141"
"holtschulte2013/ga100/f4/DIM2","13.0644810038371"
"holtschulte2013/ga100/f4/DIM20","181.769270668626"
"holtschulte2013/ga100/f4/DIM3","113.097678611119"
"holtschulte2013/ga100/f4/DIM40","935.662607300392"
"holtschulte2013/ga100/f4/DIM5","148.291149725174"
"holtschulte2013/ga100/f5/DIM10","43.0323462847884"
"holtschulte2013/ga100/f5/DIM2","14.2652324626773"
"holtschulte2013/ga100/f5/DIM20","72.3375294672201"
"holtschulte2013/ga100/f5/DIM3","17.1989000421647"
"holtschulte2013/ga100/f5/DIM40","59.9500997167032"
"holtschulte2013/ga100/f5/DIM5","25.4667098959427"
"holtschulte2013/ga100/f6/DIM10","45069.9071379019"
"holtschulte2013/ga100/f6/DIM2","6617.27544489197"
"holtschulte2013/ga100/f6/DIM20","87133.6895737493"
"holtschulte2013/ga100/f6/DIM3","10839.4787446588"
"holtschulte2013/ga100/f6/DIM40","141428.00596597"
"holtschulte2013/ga100/f6/DIM5","17526.2519098917"
"holtschulte2013/ga100/f7/DIM10","61.5703051176603"
"holtschulte2013/ga100/f7/DIM2","35.4680595462955"
"holtschulte2013/ga100/f7/DIM20","237.556647757965"
"holtschulte2013/ga100/f7/DIM3","35.1014531026367"
"holtschulte2013/ga100/f7/DIM40","472.939332140385"
"holtschulte2013/ga100/f7/DIM5","53.889712751896"
"holtschulte2013/ga100/f8/DIM10","15722.0202900064"
"holtschulte2013/ga100/f8/DIM2","1238.44951677781"
"holtschulte2013/ga100/f8/DIM20","62411.3734007508"
"holtschulte2013/ga100/f8/DIM3","6286.96498341005"
"holtschulte2013/ga100/f8/DIM40","68879.6676199189"
"holtschulte2013/ga100/f8/DIM5","11118.3633239196"
"holtschulte2013/ga100/f9/DIM10","8397.57638510878"
"holtschulte2013/ga100/f9/DIM2","885.157748301283"
"holtschulte2013/ga100/f9/DIM20","29123.7109310879"
"holtschulte2013/ga100/f9/DIM3","3325.1509931035"
"holtschulte2013/ga100/f9/DIM40","94016.0155128871"
"holtschulte2013/ga100/f9/DIM5","7148.78324819"
"holtschulte2013/hill/f1/DIM10","2.11415904951774"
"holtschulte2013/hill/f1/DIM2","2.49388870814837"
"holtschulte2013/hill/f1/DIM20","14.8674445524375"
"holtschulte2013/hill/f1/DIM3","3.40238085892829"
"holtschulte2013/hill/f1/DIM40","15.9568981678912"
"holtschulte2013/hill/f1/DIM5","2.43232332760435"
"holtschulte2013/hill/f10/DIM10","2297758.70509048"
"holtschulte2013/hill/f10/DIM2","744054.031271745"
"holtschulte2013/hill/f10/DIM20","3624162.04411493"
"holtschulte2013/hill/f10/DIM3","1912927.82385719"
"holtschulte2013/hill/f10/DIM40","8247485.14356941"
"holtschulte2013/hill/f10/DIM5","2150073.65852056"
"holtschulte2013/hill/f11/DIM10","1234199.45428335"
"holtschulte2013/hill/f11/DIM2","2554947.55483224"
"holtschulte2013/hill/f11/DIM20","1621252.80694568"
"holtschulte2013/hill/f11/DIM3","2512200.3994011"
"holtschulte2013/hill/f11/DIM40","2499589.76419917"
"holtschulte2013/hill/f11/DIM5","908228.269198802"
"holtschulte2013/hill/f12/DIM10","54455057.8233705"
"holtschulte2013/hill/f12/DIM2","149638812.045369"
"holtschulte2013/hill/f12/DIM20","351319812.942761"
"holtschulte2013/hill/f12/DIM3","62788024.7486854"
"holtschulte2013/hill/f12/DIM40","568742978.799921"
"holtschulte2013/hill/f12/DIM5","39500226.2347632"
"holtschulte2013/hill/f13/DIM10","209.059453483573"
"holtschulte2013/hill/f13/DIM2","114.256795416712"
"holtschulte2013/hill/f13/DIM20","85.0865992860287"
"holtschulte2013/hill/f13/DIM3","89.1939119733844"
"holtschulte2013/hill/f13/DIM40","201.274489077653"
"holtschulte2013/hill/f13/DIM5","155.17995172579"
"holtschulte2013/hill/f14/DIM10","2.55706436857759"
"holtschulte2013/hill/f14/DIM2","6.40787214261722"
"holtschulte2013/hill/f14/DIM20","4.83342279969275"
"holtschulte2013/hill/f14/DIM3","11.6247723868693"
"holtschulte2013/hill/f14/DIM40","11.8878711006735"
"holtschulte2013/hill/f14/DIM5","6.4671910552568"
"holtschulte2013/hill/f15/DIM10","250.129352771539"
"holtschulte2013/hill/f15/DIM2","25.3280000470373"
"holtschulte2013/hill/f15/DIM20","204.001994238194"
"holtschulte2013/hill/f15/DIM3","407.759963324777"
"holtschulte2013/hill/f15/DIM40","211.710466288841"
"holtschulte2013/hill/f15/DIM5","20.5809483196099"
"holtschulte2013/hill/f16/DIM10","3.51784859076181"
"holtschulte2013/hill/f16/DIM2","6.45543759283145"
"holtschulte2013/hill/f16/DIM20","3.15924755428852"
"holtschulte2013/hill/f16/DIM3","8.67076117499193"
"holtschulte2013/hill/f16/DIM40","1.460318682109"
"holtschulte2013/hill/f16/DIM5","4.99225522864024"
"holtschulte2013/hill/f17/DIM10","6.25740827619531"
"holtschulte2013/hill/f17/DIM2","5.80266756499915"
"holtschulte2013/hill/f17/DIM20","4.75876207251942"
"holtschulte2013/hill/f17/DIM3","2.04309089973647"
"holtschulte2013/hill/f17/DIM40","14.7264053983094"
"holtschulte2013/hill/f17/DIM5","3.97627998663393"
"holtschulte2013/hill/f18/DIM10","35.8130141609249"
"holtschulte2013/hill/f18/DIM2","31.0632483732099"
"holtschulte2013/hill/f18/DIM20","37.1286108247296"
"holtschulte2013/hill/f18/DIM3","28.8809186378929"
"holtschulte2013/hill/f18/DIM40","25.6174518324676"
"holtschulte2013/hill/f18/DIM5","27.9578150329804"
"holtschulte2013/hill/f19/DIM10","3.22695525045583"
"holtschulte2013/hill/f19/DIM2","4.47595574768504"
"holtschulte2013/hill/f19/DIM20","4.76200538111638"
"holtschulte2013/hill/f19/DIM3","5.91108826102452"
"holtschulte2013/hill/f19/DIM40","2.06438937862327"
"holtschulte2013/hill/f19/DIM5","6.98622164906448"
"holtschulte2013/hill/f2/DIM10","1555849.68380872"
"holtschulte2013/hill/f2/DIM2","3376210.55001339"
"holtschulte2013/hill/f2/DIM20","1895962.37990897"
"holtschulte2013/hill/f2/DIM3","1611816.26294862"
"holtschulte2013/hill/f2/DIM40","3461244.74210424"
"holtschulte2013/hill/f2/DIM5","1579531.24472312"
"holtschulte2013/hill/f20/DIM10","16115.896675911"
"holtschulte2013/hill/f20/DIM2","2933.64836023334"
"holtschulte2013/hill/f20/DIM20","24810.5968560283"
"holtschulte2013/hill/f20/DIM3","1687.33634852623"
"holtschulte2013/hill/f20/DIM40","31917.0816258005"
"holtschulte2013/hill/f20/DIM5","8522.19058064182"
"holtschulte2013/hill/f21/DIM10","4.45727982606115"
"holtschulte2013/hill/f21/DIM2","0.791129994246125"
"holtschulte2013/hill/f21/DIM20","7.39155121757561"
"holtschulte2013/hill/f21/DIM3","1.24305602616462"
"holtschulte2013/hill/f21/DIM40","5.708319158514"
"holtschulte2013/hill/f21/DIM5","3.12473184831762"
"holtschulte2013/hill/f22/DIM10","6.53661721688604"
"holtschulte2013/hill/f22/DIM2","3.78194335538446"
"holtschulte2013/hill/f22/DIM20","4.86217332243308"
"holtschulte2013/hill/f22/DIM3","3.10537875516248"
"holtschulte2013/hill/f22/DIM40","5.36456042416264"
"holtschulte2013/hill/f22/DIM5","7.29929913146401"
"holtschulte2013/hill/f23/DIM10","0.51643511873211"
"holtschulte2013/hill/f23/DIM2","2.34241387114646"
"holtschulte2013/hill/f23/DIM20","0.434348126175228"
"holtschulte2013/hill/f23/DIM3","1.78553928752849"
"holtschulte2013/hill/f23/DIM40","0.414618836912679"
"holtschulte2013/hill/f23/DIM5","1.43807603671936"
"holtschulte2013/hill/f24/DIM10","13.1833814378507"
"holtschulte2013/hill/f24/DIM2","7.65979104402673"
"holtschulte2013/hill/f24/DIM20","16.5369739959235"
"holtschulte2013/hill/f24/DIM3","6.49526438787647"
"holtschulte2013/hill/f24/DIM40","34.5361397987917"
"holtschulte2013/hill/f24/DIM5","7.92930304299402"
"holtschulte2013/hill/f3/DIM10","87.7562969419014"
"holtschulte2013/hill/f3/DIM2","16.4152849310446"
"holtschulte2013/hill/f3/DIM20","257.451442362994"
"holtschulte2013/hill/f3/DIM3","40.2444087187368"
"holtschulte2013/hill/f3/DIM40","418.515603965351"
"holtschulte2013/hill/f3/DIM5","60.4444523483873"
"holtschulte2013/hill/f4/DIM10","219.048514575176"
"holtschulte2013/hill/f4/DIM2","12.1339195982185"
"holtschulte2013/hill/f4/DIM20","509.439747672359"
"holtschulte2013/hill/f4/DIM3","191.619487386039"
"holtschulte2013/hill/f4/DIM40","418.421609345851"
"holtschulte2013/hill/f4/DIM5","142.567291218697"
"holtschulte2013/hill/f5/DIM10","-630.368468494964"
"holtschulte2013/hill/f5/DIM2","-1332.0718666271"
"holtschulte2013/hill/f5/DIM20","91.0017751629437"
"holtschulte2013/hill/f5/DIM3","21.1391544564085"
"holtschulte2013/hill/f5/DIM40","174.849167489569"
"holtschulte2013/hill/f5/DIM5","35.2321430936082"
"holtschulte2013/hill/f6/DIM10","49680.5739025289"
"holtschulte2013/hill/f6/DIM2","6481.38956377605"
"holtschulte2013/hill/f6/DIM20","120395.309969489"
"holtschulte2013/hill/f6/DIM3","18343.2129273574"
"holtschulte2013/hill/f6/DIM40","213284.498486418"
"holtschulte2013/hill/f6/DIM5","33911.0091995088"
"holtschulte2013/hill/f7/DIM10","90.5344638627589"
"holtschulte2013/hill/f7/DIM2","100.167291209431"
"holtschulte2013/hill/f7/DIM20","239.56517565381"
"holtschulte2013/hill/f7/DIM3","55.7531119240788"
"holtschulte2013/hill/f7/DIM40","788.062275819317"
"holtschulte2013/hill/f7/DIM5","184.197009831122"
"holtschulte2013/hill/f8/DIM10","27543.3014755319"
"holtschulte2013/hill/f8/DIM2","3789.40295114674"
"holtschulte2013/hill/f8/DIM20","56248.5802263525"
"holtschulte2013/hill/f8/DIM3","10448.7037639345"
"holtschulte2013/hill/f8/DIM40","157393.534900082"
"holtschulte2013/hill/f8/DIM5","14359.6972253169"
"holtschulte2013/hill/f9/DIM10","11932.0571271473"
"holtschulte2013/hill/f9/DIM2","1451.03221769235"
"holtschulte2013/hill/f9/DIM20","18849.2796891787"
"holtschulte2013/hill/f9/DIM3","2290.33125404213"
"holtschulte2013/hill/f9/DIM40","72290.5718020899"
"holtschulte2013/hill/f9/DIM5","7053.04074296083"
"hutter2013/CMAES/f1/DIM10","1.3329305159128"
"hutter2013/CMAES/f1/DIM2","1.68405083664925"
"hutter2013/CMAES/f1/DIM20","9.83135602486045"
"hutter2013/CMAES/f1/DIM3","2.82196107079058"
"hutter2013/CMAES/f1/DIM40","17.9532779302088"
"hutter2013/CMAES/f1/DIM5","2.07526133172479"
"hutter2013/CMAES/f10/DIM10","2737269.45007551"
"hutter2013/CMAES/f10/DIM2","2801097.91512269"
"hutter2013/CMAES/f10/DIM20","2808434.99141478"
"hutter2013/CMAES/f10/DIM3","1309044.28736431"
"hutter2013/CMAES/f10/DIM40","6180478.26004235"
"hutter2013/CMAES/f10/DIM5","1640959.60189835"
"hutter2013/CMAES/f11/DIM10","1087014.09008775"
"hutter2013/CMAES/f11/DIM2","1434945.21589761"
"hutter2013/CMAES/f11/DIM20","2616514.02819027"
"hutter2013/CMAES/f11/DIM3","2097080.63176492"
"hutter2013/CMAES/f11/DIM40","3488003.21091043"
"hutter2013/CMAES/f11/DIM5","2512548.94784216"
"hutter2013/CMAES/f12/DIM10","42707939.5202006"
"hutter2013/CMAES/f12/DIM2","3844748.76372279"
"hutter2013/CMAES/f12/DIM20","124392278.129398"
"hutter2013/CMAES/f12/DIM3","21058037.8513946"
"hutter2013/CMAES/f12/DIM40","325196629.894194"
"hutter2013/CMAES/f12/DIM5","23723279.6244444"
"hutter2013/CMAES/f13/DIM10","83.1518371957058"
"hutter2013/CMAES/f13/DIM2","65.215327606995"
"hutter2013/CMAES/f13/DIM20","39.3723665576512"
"hutter2013/CMAES/f13/DIM3","110.950023523552"
"hutter2013/CMAES/f13/DIM40","94.4203515389514"
"hutter2013/CMAES/f13/DIM5","74.7423100352282"
"hutter2013/CMAES/f14/DIM10","5.11455763740974"
"hutter2013/CMAES/f14/DIM2","1.50502724600712"
"hutter2013/CMAES/f14/DIM20","3.45588691686434"
"hutter2013/CMAES/f14/DIM3","5.66407677051562"
"hutter2013/CMAES/f14/DIM40","5.5000786453298"
"hutter2013/CMAES/f14/DIM5","3.03228793157724"
"hutter2013/CMAES/f15/DIM10","139.869462139819"
"hutter2013/CMAES/f15/DIM2","117.197310002048"
"hutter2013/CMAES/f15/DIM20","131.480922380315"
"hutter2013/CMAES/f15/DIM3","72.8883219633346"
"hutter2013/CMAES/f15/DIM40","323.405844266064"
"hutter2013/CMAES/f15/DIM5","20.0747803908991"
"hutter2013/CMAES/f16/DIM10","4.41609448165586"
"hutter2013/CMAES/f16/DIM2","10.4442305390723"
"hutter2013/CMAES/f16/DIM20","2.11399111497548"
"hutter2013/CMAES/f16/DIM3","6.31302839978104"
"hutter2013/CMAES/f16/DIM40","3.85807885272262"
"hutter2013/CMAES/f16/DIM5","8.24468370026377"
"hutter2013/CMAES/f17/DIM10","2.04156273950474"
"hutter2013/CMAES/f17/DIM2","6.9526034739777"
"hutter2013/CMAES/f17/DIM20","1.932648143392"
"hutter2013/CMAES/f17/DIM3","2.9869372483099"
"hutter2013/CMAES/f17/DIM40","4.5437953508205"
"hutter2013/CMAES/f17/DIM5","2.53099014761642"
"hutter2013/CMAES/f18/DIM10","10.1833761114256"
"hutter2013/CMAES/f18/DIM2","63.1605488844369"
"hutter2013/CMAES/f18/DIM20","4.30964535376598"
"hutter2013/CMAES/f18/DIM3","20.006849210115"
"hutter2013/CMAES/f18/DIM40","5.51414779177551"
"hutter2013/CMAES/f18/DIM5","9.51757966365002"
"hutter2013/CMAES/f19/DIM10","1.27734179841417"
"hutter2013/CMAES/f19/DIM2","3.50352036798208"
"hutter2013/CMAES/f19/DIM20","1.37838997313228"
"hutter2013/CMAES/f19/DIM3","5.02424436916689"
"hutter2013/CMAES/f19/DIM40","0.466825460401333"
"hutter2013/CMAES/f19/DIM5","2.64953261894144"
"hutter2013/CMAES/f2/DIM10","900578.302435149"
"hutter2013/CMAES/f2/DIM2","1975410.92925638"
"hutter2013/CMAES/f2/DIM20","2737852.69619116"
"hutter2013/CMAES/f2/DIM3","674627.96201224"
"hutter2013/CMAES/f2/DIM40","5597800.4780562"
"hutter2013/CMAES/f2/DIM5","1581961.92321073"
"hutter2013/CMAES/f20/DIM10","12708.0281665916"
"hutter2013/CMAES/f20/DIM2","5294.24153697053"
"hutter2013/CMAES/f20/DIM20","7639.42313327571"
"hutter2013/CMAES/f20/DIM3","5489.27179980818"
"hutter2013/CMAES/f20/DIM40","13308.0666209788"
"hutter2013/CMAES/f20/DIM5","7012.47729018741"
"hutter2013/CMAES/f21/DIM10","7.88343513206516"
"hutter2013/CMAES/f21/DIM2","1.84566628919002"
"hutter2013/CMAES/f21/DIM20","5.01985491039453"
"hutter2013/CMAES/f21/DIM3","1.31081039232152"
"hutter2013/CMAES/f21/DIM40","20.7431782710529"
"hutter2013/CMAES/f21/DIM5","6.73918211573868"
"hutter2013/CMAES/f22/DIM10","4.86412645346419"
"hutter2013/CMAES/f22/DIM2","7.29115493025715"
"hutter2013/CMAES/f22/DIM20","3.96014370472105"
"hutter2013/CMAES/f22/DIM3","5.9362096240855"
"hutter2013/CMAES/f22/DIM40","3.33066430067986"
"hutter2013/CMAES/f22/DIM5","5.21556357570318"
"hutter2013/CMAES/f23/DIM10","1.05678343357272"
"hutter2013/CMAES/f23/DIM2","4.16415552792418"
"hutter2013/CMAES/f23/DIM20","0.77970720384091"
"hutter2013/CMAES/f23/DIM3","2.83729957613168"
"hutter2013/CMAES/f23/DIM40","0.467986045230803"
"hutter2013/CMAES/f23/DIM5","1.93818790652858"
"hutter2013/CMAES/f24/DIM10","49.0860327435821"
"hutter2013/CMAES/f24/DIM2","3.57855922918914"
"hutter2013/CMAES/f24/DIM20","10.1614697567445"
"hutter2013/CMAES/f24/DIM3","4.49768404156606"
"hutter2013/CMAES/f24/DIM40","18.3578191542482"
"hutter2013/CMAES/f24/DIM5","9.83942421245068"
"hutter2013/CMAES/f3/DIM10","58.8409613448778"
"hutter2013/CMAES/f3/DIM2","88.9555567425671"
"hutter2013/CMAES/f3/DIM20","137.281644440174"
"hutter2013/CMAES/f3/DIM3","34.1308740218583"
"hutter2013/CMAES/f3/DIM40","121.416689962043"
"hutter2013/CMAES/f3/DIM5","23.653502677222"
"hutter2013/CMAES/f4/DIM10","275.593832817156"
"hutter2013/CMAES/f4/DIM2","20.6901670765646"
"hutter2013/CMAES/f4/DIM20","326.450915358171"
"hutter2013/CMAES/f4/DIM3","239.947504035075"
"hutter2013/CMAES/f4/DIM40","618.625938132498"
"hutter2013/CMAES/f4/DIM5","262.514728542199"
"hutter2013/CMAES/f5/DIM10","-633581.103887372"
"hutter2013/CMAES/f5/DIM2","-560.761327607265"
"hutter2013/CMAES/f5/DIM20","105.248207232274"
"hutter2013/CMAES/f5/DIM3","24.6642386147659"
"hutter2013/CMAES/f5/DIM40","174.370547967846"
"hutter2013/CMAES/f5/DIM5","208.240456614824"
"hutter2013/CMAES/f6/DIM10","27201.3917907732"
"hutter2013/CMAES/f6/DIM2","17065.4623682481"
"hutter2013/CMAES/f6/DIM20","75923.15776391"
"hutter2013/CMAES/f6/DIM3","27255.6136055117"
"hutter2013/CMAES/f6/DIM40","177009.019934086"
"hutter2013/CMAES/f6/DIM5","31267.4454045192"
"hutter2013/CMAES/f7/DIM10","42.542224080881"
"hutter2013/CMAES/f7/DIM2","110.424072349225"
"hutter2013/CMAES/f7/DIM20","104.711879777535"
"hutter2013/CMAES/f7/DIM3","77.7152987628431"
"hutter2013/CMAES/f7/DIM40","199.054906881966"
"hutter2013/CMAES/f7/DIM5","119.052399562322"
"hutter2013/CMAES/f8/DIM10","26251.1200676413"
"hutter2013/CMAES/f8/DIM2","2344.50720284958"
"hutter2013/CMAES/f8/DIM20","26894.1239042066"
"hutter2013/CMAES/f8/DIM3","6946.1768241166"
"hutter2013/CMAES/f8/DIM40","46155.9898982787"
"hutter2013/CMAES/f8/DIM5","5877.34145228679"
"hutter2013/CMAES/f9/DIM10","4875.09527794135"
"hutter2013/CMAES/f9/DIM2","1291.98089395445"
"hutter2013/CMAES/f9/DIM20","5655.17903257411"
"hutter2013/CMAES/f9/DIM3","2507.03067590518"
"hutter2013/CMAES/f9/DIM40","22007.6334177599"
"hutter2013/CMAES/f9/DIM5","2630.17119075291"
"liao2013/IPOP/f1/DIM10","4.27045922076712"
"liao2013/IPOP/f1/DIM2","1.00892532830764"
"liao2013/IPOP/f1/DIM20","9.25969603198103"
"liao2013/IPOP/f1/DIM3","1.01593454708036"
"liao2013/IPOP/f1/DIM40","15.1429381135484"
"liao2013/IPOP/f1/DIM5","0.942171003600009"
"liao2013/IPOP/f10/DIM10","461252.422228709"
"liao2013/IPOP/f10/DIM2","123624.802819863"
"liao2013/IPOP/f10/DIM20","483530.769864825"
"liao2013/IPOP/f10/DIM3","166405.466717345"
"liao2013/IPOP/f10/DIM40","1033421.15866118"
"liao2013/IPOP/f10/DIM5","246752.718768482"
"liao2013/IPOP/f11/DIM10","302578.248372211"
"liao2013/IPOP/f11/DIM2","429673.490727469"
"liao2013/IPOP/f11/DIM20","252071.628262924"
"liao2013/IPOP/f11/DIM3","247020.556179894"
"liao2013/IPOP/f11/DIM40","236511.130491096"
"liao2013/IPOP/f11/DIM5","343862.653619074"
"liao2013/IPOP/f12/DIM10","11653680.9543302"
"liao2013/IPOP/f12/DIM2","3225470.64336507"
"liao2013/IPOP/f12/DIM20","34983079.4182904"
"liao2013/IPOP/f12/DIM3","4136270.6656495"
"liao2013/IPOP/f12/DIM40","54503559.6933277"
"liao2013/IPOP/f12/DIM5","15368600.0263065"
"liao2013/IPOP/f13/DIM10","96.1659398550942"
"liao2013/IPOP/f13/DIM2","13.9176906789235"
"liao2013/IPOP/f13/DIM20","151.160668556673"
"liao2013/IPOP/f13/DIM3","43.1908057273516"
"liao2013/IPOP/f13/DIM40","229.840272439489"
"liao2013/IPOP/f13/DIM5","72.323961295506"
"liao2013/IPOP/f14/DIM10","1.47160357365269"
"liao2013/IPOP/f14/DIM2","0.649201712736192"
"liao2013/IPOP/f14/DIM20","5.42691790664173"
"liao2013/IPOP/f14/DIM3","2.23619737231142"
"liao2013/IPOP/f14/DIM40","7.23040911995944"
"liao2013/IPOP/f14/DIM5","1.48590546683332"
"liao2013/IPOP/f15/DIM10","35.1862468139743"
"liao2013/IPOP/f15/DIM2","7.60519670692846"
"liao2013/IPOP/f15/DIM20","80.7605488357548"
"liao2013/IPOP/f15/DIM3","18.3624882507398"
"liao2013/IPOP/f15/DIM40","232.348508906424"
"liao2013/IPOP/f15/DIM5","7.70376503084855"
"liao2013/IPOP/f16/DIM10","2.63102559558168"
"liao2013/IPOP/f16/DIM2","4.62838664828164"
"liao2013/IPOP/f16/DIM20","3.41505900273593"
"liao2013/IPOP/f16/DIM3","3.65570624708486"
"liao2013/IPOP/f16/DIM40","4.15234047904624"
"liao2013/IPOP/f16/DIM5","1.82909779227229"
"liao2013/IPOP/f17/DIM10","0.451935061146656"
"liao2013/IPOP/f17/DIM2","1.28386593154672"
"liao2013/IPOP/f17/DIM20","1.61775389315981"
"liao2013/IPOP/f17/DIM3","1.78542668152348"
"liao2013/IPOP/f17/DIM40","1.26634278093421"
"liao2013/IPOP/f17/DIM5","1.51342117705953"
"liao2013/IPOP/f18/DIM10","5.65826647110608"
"liao2013/IPOP/f18/DIM2","22.2610436943565"
"liao2013/IPOP/f18/DIM20","6.48726798679171"
"liao2013/IPOP/f18/DIM3","9.6483748966581"
"liao2013/IPOP/f18/DIM40","8.64638420098189"
"liao2013/IPOP/f18/DIM5","3.23459380269762"
"liao2013/IPOP/f19/DIM10","0.642438590469215"
"liao2013/IPOP/f19/DIM2","0.929181180330873"
"liao2013/IPOP/f19/DIM20","0.609884928641013"
"liao2013/IPOP/f19/DIM3","0.503126186800845"
"liao2013/IPOP/f19/DIM40","1.65309430072396"
"liao2013/IPOP/f19/DIM5","0.256264099147193"
"liao2013/IPOP/f2/DIM10","353434.43623247"
"liao2013/IPOP/f2/DIM2","389001.405481107"
"liao2013/IPOP/f2/DIM20","676375.580553093"
"liao2013/IPOP/f2/DIM3","620175.743940087"
"liao2013/IPOP/f2/DIM40","1285140.60215755"
"liao2013/IPOP/f2/DIM5","269631.835728417"
"liao2013/IPOP/f20/DIM10","2131.62885218187"
"liao2013/IPOP/f20/DIM2","881.460549708468"
"liao2013/IPOP/f20/DIM20","4232.14986375626"
"liao2013/IPOP/f20/DIM3","1239.77924045192"
"liao2013/IPOP/f20/DIM40","11114.1778848185"
"liao2013/IPOP/f20/DIM5","784.738034423723"
"liao2013/IPOP/f21/DIM10","5.86122658519008"
"liao2013/IPOP/f21/DIM2","1.94851109400202"
"liao2013/IPOP/f21/DIM20","7.56617907286046"
"liao2013/IPOP/f21/DIM3","1.72081846627507"
"liao2013/IPOP/f21/DIM40","1.65046643569349"
"liao2013/IPOP/f21/DIM5","2.24529486026935"
"liao2013/IPOP/f22/DIM10","5.2491534632069"
"liao2013/IPOP/f22/DIM2","2.7508167677292"
"liao2013/IPOP/f22/DIM20","3.37608962170802"
"liao2013/IPOP/f22/DIM3","1.70383337789704"
"liao2013/IPOP/f22/DIM40","4.42735266843754"
"liao2013/IPOP/f22/DIM5","3.44628183791098"
"liao2013/IPOP/f23/DIM10","0.284801632834386"
"liao2013/IPOP/f23/DIM2","0.594523714234783"
"liao2013/IPOP/f23/DIM20","1.06717996604597"
"liao2013/IPOP/f23/DIM3","0.579146457402392"
"liao2013/IPOP/f23/DIM40","0.609874519035652"
"liao2013/IPOP/f23/DIM5","0.223567622700121"
"liao2013/IPOP/f24/DIM10","4.46843481439859"
"liao2013/IPOP/f24/DIM2","2.3964617688039"
"liao2013/IPOP/f24/DIM20","45.7291899081477"
"liao2013/IPOP/f24/DIM3","1.91541191838062"
"liao2013/IPOP/f24/DIM40","81.9727312328849"
"liao2013/IPOP/f24/DIM5","2.41118238210164"
"liao2013/IPOP/f3/DIM10","120.364290475068"
"liao2013/IPOP/f3/DIM2","3.95722184675985"
"liao2013/IPOP/f3/DIM20","227.199816794997"
"liao2013/IPOP/f3/DIM3","14.5273624753118"
"liao2013/IPOP/f3/DIM40","322.023876075861"
"liao2013/IPOP/f3/DIM5","11.1084999461331"
"liao2013/IPOP/f4/DIM10","167.787163251662"
"liao2013/IPOP/f4/DIM2","4.29385066788378"
"liao2013/IPOP/f4/DIM20","791.718006638816"
"liao2013/IPOP/f4/DIM3","30.3366161320662"
"liao2013/IPOP/f4/DIM40","701.419032745848"
"liao2013/IPOP/f4/DIM5","7.61595870712781"
"liao2013/IPOP/f5/DIM10","8.41662724988724"
"liao2013/IPOP/f5/DIM2","-139404.840438115"
"liao2013/IPOP/f5/DIM20","1.78471085637383"
"liao2013/IPOP/f5/DIM3","-1057055676699.67"
"liao2013/IPOP/f5/DIM40","32.4901959542603"
"liao2013/IPOP/f5/DIM5","17.9175154292282"
"liao2013/IPOP/f6/DIM10","15852.6020185944"
"liao2013/IPOP/f6/DIM2","4583.8904146542"
"liao2013/IPOP/f6/DIM20","31458.4279668209"
"liao2013/IPOP/f6/DIM3","7241.24908367683"
"liao2013/IPOP/f6/DIM40","62909.5925383936"
"liao2013/IPOP/f6/DIM5","7103.97744409869"
"liao2013/IPOP/f7/DIM10","78.3858503196194"
"liao2013/IPOP/f7/DIM2","35.8511288191875"
"liao2013/IPOP/f7/DIM20","164.084263196027"
"liao2013/IPOP/f7/DIM3","44.4616570972737"
"liao2013/IPOP/f7/DIM40","130.579768965803"
"liao2013/IPOP/f7/DIM5","33.7504011781206"
"liao2013/IPOP/f8/DIM10","5610.85225976574"
"liao2013/IPOP/f8/DIM2","817.657906735516"
"liao2013/IPOP/f8/DIM20","13473.5868348232"
"liao2013/IPOP/f8/DIM3","730.008095644936"
"liao2013/IPOP/f8/DIM40","23062.9876964038"
"liao2013/IPOP/f8/DIM5","2343.43535707376"
"liao2013/IPOP/f9/DIM10","2069.19552431417"
"liao2013/IPOP/f9/DIM2","21.1957508704151"
"liao2013/IPOP/f9/DIM20","4497.34505157806"
"liao2013/IPOP/f9/DIM3","283.540750728458"
"liao2013/IPOP/f9/DIM40","13038.8445679667"
"liao2013/IPOP/f9/DIM5","450.218390014592"
"liao2013/IPOP-500/f1/DIM10","1.16908174195087"
"liao2013/IPOP-500/f1/DIM2","1.00728710896798"
"liao2013/IPOP-500/f1/DIM20","8.65191539566408"
"liao2013/IPOP-500/f1/DIM3","2.36427904791199"
"liao2013/IPOP-500/f1/DIM40","18.0503415063331"
"liao2013/IPOP-500/f1/DIM5","0.947521083607902"
"liao2013/IPOP-500/f10/DIM10","461252.367835157"
"liao2013/IPOP-500/f10/DIM2","123614.483692458"
"liao2013/IPOP-500/f10/DIM20","483530.580345923"
"liao2013/IPOP-500/f10/DIM3","166409.3388528"
"liao2013/IPOP-500/f10/DIM40","1033420.97759075"
"liao2013/IPOP-500/f10/DIM5","246752.855513595"
"liao2013/IPOP-500/f11/DIM10","302580.642258758"
"liao2013/IPOP-500/f11/DIM2","429203.601417752"
"liao2013/IPOP-500/f11/DIM20","252071.672940538"
"liao2013/IPOP-500/f11/DIM3","247606.651544766"
"liao2013/IPOP-500/f11/DIM40","236511.278690512"
"liao2013/IPOP-500/f11/DIM5","343862.599733169"
"liao2013/IPOP-500/f12/DIM10","11653683.7157536"
"liao2013/IPOP-500/f12/DIM2","3225469.7945582"
"liao2013/IPOP-500/f12/DIM20","34983079.4823882"
"liao2013/IPOP-500/f12/DIM3","4136266.80572071"
"liao2013/IPOP-500/f12/DIM40","54503559.7418593"
"liao2013/IPOP-500/f12/DIM5","15368596.4078308"
"liao2013/IPOP-500/f13/DIM10","99.3565066179234"
"liao2013/IPOP-500/f13/DIM2","29.6599806478229"
"liao2013/IPOP-500/f13/DIM20","151.453382254803"
"liao2013/IPOP-500/f13/DIM3","48.2425907479016"
"liao2013/IPOP-500/f13/DIM40","33.8977062428255"
"liao2013/IPOP-500/f13/DIM5","67.1900751837255"
"liao2013/IPOP-500/f14/DIM10","1.78637345357999"
"liao2013/IPOP-500/f14/DIM2","0.629857066455604"
"liao2013/IPOP-500/f14/DIM20","2.81638860469833"
"liao2013/IPOP-500/f14/DIM3","2.28044484179793"
"liao2013/IPOP-500/f14/DIM40","9.08362009285478"
"liao2013/IPOP-500/f14/DIM5","1.51262901065804"
"liao2013/IPOP-500/f15/DIM10","35.7062083027888"
"liao2013/IPOP-500/f15/DIM2","7.01915003810688"
"liao2013/IPOP-500/f15/DIM20","64.0873636909863"
"liao2013/IPOP-500/f15/DIM3","13.9184989787464"
"liao2013/IPOP-500/f15/DIM40","233.586815720084"
"liao2013/IPOP-500/f15/DIM5","8.70833085791517"
"liao2013/IPOP-500/f16/DIM10","2.04066422874446"
"liao2013/IPOP-500/f16/DIM2","4.69950782083828"
"liao2013/IPOP-500/f16/DIM20","3.91449463348131"
"liao2013/IPOP-500/f16/DIM3","4.55220098811139"
"liao2013/IPOP-500/f16/DIM40","1.55898492233361"
"liao2013/IPOP-500/f16/DIM5","4.087174330858"
"liao2013/IPOP-500/f17/DIM10","0.450550442037387"
"liao2013/IPOP-500/f17/DIM2","1.3098055113418"
"liao2013/IPOP-500/f17/DIM20","0.363406081718361"
"liao2013/IPOP-500/f17/DIM3","1.79459600243777"
"liao2013/IPOP-500/f17/DIM40","0.832560124920695"
"liao2013/IPOP-500/f17/DIM5","0.701563320767463"
"liao2013/IPOP-500/f18/DIM10","4.93840724199587"
"liao2013/IPOP-500/f18/DIM2","22.2336648346296"
"liao2013/IPOP-500/f18/DIM20","6.17718978036807"
"liao2013/IPOP-500/f18/DIM3","9.83711119228983"
"liao2013/IPOP-500/f18/DIM40","7.31233952845538"
"liao2013/IPOP-500/f18/DIM5","3.52918204313555"
"liao2013/IPOP-500/f19/DIM10","0.612204522139234"
"liao2013/IPOP-500/f19/DIM2","0.900461538365495"
"liao2013/IPOP-500/f19/DIM20","1.32926867951889"
"liao2013/IPOP-500/f19/DIM3","0.489228830759064"
"liao2013/IPOP-500/f19/DIM40","3.02281151582744"
"liao2013/IPOP-500/f19/DIM5","0.554979518295762"
"liao2013/IPOP-500/f2/DIM10","353434.779518215"
"liao2013/IPOP-500/f2/DIM2","389001.754356338"
"liao2013/IPOP-500/f2/DIM20","676375.61762028"
"liao2013/IPOP-500/f2/DIM3","620174.762671894"
"liao2013/IPOP-500/f2/DIM40","1285140.62964412"
"liao2013/IPOP-500/f2/DIM5","269631.771646861"
"liao2013/IPOP-500/f20/DIM10","2163.46350021533"
"liao2013/IPOP-500/f20/DIM2","858.643817191765"
"liao2013/IPOP-500/f20/DIM20","10666.8868805705"
"liao2013/IPOP-500/f20/DIM3","1455.61071173374"
"liao2013/IPOP-500/f20/DIM40","26522.3030786431"
"liao2013/IPOP-500/f20/DIM5","732.789462266611"
"liao2013/IPOP-500/f21/DIM10","5.66857881434321"
"liao2013/IPOP-500/f21/DIM2","1.77545366803513"
"liao2013/IPOP-500/f21/DIM20","7.170199073161"
"liao2013/IPOP-500/f21/DIM3","1.70634357235952"
"liao2013/IPOP-500/f21/DIM40","1.65847204347804"
"liao2013/IPOP-500/f21/DIM5","1.83414253605523"
"liao2013/IPOP-500/f22/DIM10","4.9689860080895"
"liao2013/IPOP-500/f22/DIM2","2.67507978550583"
"liao2013/IPOP-500/f22/DIM20","3.41403647465672"
"liao2013/IPOP-500/f22/DIM3","3.47798476270209"
"liao2013/IPOP-500/f22/DIM40","4.43380981348876"
"liao2013/IPOP-500/f22/DIM5","1.48635607122511"
"liao2013/IPOP-500/f23/DIM10","0.214004560813137"
"liao2013/IPOP-500/f23/DIM2","0.645275449310183"
"liao2013/IPOP-500/f23/DIM20","0.407088358181344"
"liao2013/IPOP-500/f23/DIM3","0.535316030148054"
"liao2013/IPOP-500/f23/DIM40","0.342798388393059"
"liao2013/IPOP-500/f23/DIM5","0.197504801934821"
"liao2013/IPOP-500/f24/DIM10","5.07087407408218"
"liao2013/IPOP-500/f24/DIM2","2.38293298089798"
"liao2013/IPOP-500/f24/DIM20","30.9135522567942"
"liao2013/IPOP-500/f24/DIM3","2.08430043693898"
"liao2013/IPOP-500/f24/DIM40","117.690096537607"
"liao2013/IPOP-500/f24/DIM5","2.27476760592289"
"liao2013/IPOP-500/f3/DIM10","32.2039100334595"
"liao2013/IPOP-500/f3/DIM2","4.29314690875285"
"liao2013/IPOP-500/f3/DIM20","202.805705726899"
"liao2013/IPOP-500/f3/DIM3","6.10345867706573"
"liao2013/IPOP-500/f3/DIM40","278.646167066923"
"liao2013/IPOP-500/f3/DIM5","17.1067723558315"
"liao2013/IPOP-500/f4/DIM10","164.385313162307"
"liao2013/IPOP-500/f4/DIM2","3.83542288776635"
"liao2013/IPOP-500/f4/DIM20","848.145015927206"
"liao2013/IPOP-500/f4/DIM3","8.24615763383219"
"liao2013/IPOP-500/f4/DIM40","659.481203842218"
"liao2013/IPOP-500/f4/DIM5","5.93768011852779"
"liao2013/IPOP-500/f5/DIM10","1.59980927699695"
"liao2013/IPOP-500/f5/DIM2","15.2199797574165"
"liao2013/IPOP-500/f5/DIM20","17.1638453489155"
"liao2013/IPOP-500/f5/DIM3","-1198406712133.26"
"liao2013/IPOP-500/f5/DIM40","22.2851085644124"
"liao2013/IPOP-500/f5/DIM5","17.8190200923698"
"liao2013/IPOP-500/f6/DIM10","15859.3416032962"
"liao2013/IPOP-500/f6/DIM2","4585.74170464332"
"liao2013/IPOP-500/f6/DIM20","31463.366231414"
"liao2013/IPOP-500/f6/DIM3","7237.01642834531"
"liao2013/IPOP-500/f6/DIM40","62910.0288163615"
"liao2013/IPOP-500/f6/DIM5","7123.88632454891"
"liao2013/IPOP-500/f7/DIM10","56.6021022050979"
"liao2013/IPOP-500/f7/DIM2","36.8195090153331"
"liao2013/IPOP-500/f7/DIM20","162.394974918948"
"liao2013/IPOP-500/f7/DIM3","37.6085711543285"
"liao2013/IPOP-500/f7/DIM40","223.383149034612"
"liao2013/IPOP-500/f7/DIM5","32.7474380084758"
"liao2013/IPOP-500/f8/DIM10","5632.98504117157"
"liao2013/IPOP-500/f8/DIM2","817.465906280383"
"liao2013/IPOP-500/f8/DIM20","13480.8374899146"
"liao2013/IPOP-500/f8/DIM3","880.592543686923"
"liao2013/IPOP-500/f8/DIM40","23066.3593000716"
"liao2013/IPOP-500/f8/DIM5","2616.7353598925"
"liao2013/IPOP-500/f9/DIM10","2069.31818340493"
"liao2013/IPOP-500/f9/DIM2","21.2397648687271"
"liao2013/IPOP-500/f9/DIM20","4416.47452724163"
"liao2013/IPOP-500/f9/DIM3","290.730551124465"
"liao2013/IPOP-500/f9/DIM40","13015.9091789922"
"liao2013/IPOP-500/f9/DIM5","450.599524173423"
"liao2013/IPOP-tany/f1/DIM10","0.901949112901451"
"liao2013/IPOP-tany/f1/DIM2","1.16963336128772"
"liao2013/IPOP-tany/f1/DIM20","7.29225656779728"
"liao2013/IPOP-tany/f1/DIM3","1.16614932485985"
"liao2013/IPOP-tany/f1/DIM40","20.0215013535197"
"liao2013/IPOP-tany/f1/DIM5","1.57856394880953"
"liao2013/IPOP-tany/f10/DIM10","459397.471056824"
"liao2013/IPOP-tany/f10/DIM2","145456.777283148"
"liao2013/IPOP-tany/f10/DIM20","463453.742975984"
"liao2013/IPOP-tany/f10/DIM3","170323.131135924"
"liao2013/IPOP-tany/f10/DIM40","983352.714260794"
"liao2013/IPOP-tany/f10/DIM5","269231.142555869"
"liao2013/IPOP-tany/f11/DIM10","291938.899797083"
"liao2013/IPOP-tany/f11/DIM2","571766.809070747"
"liao2013/IPOP-tany/f11/DIM20","261595.842477702"
"liao2013/IPOP-tany/f11/DIM3","291949.809433015"
"liao2013/IPOP-tany/f11/DIM40","245682.036025291"
"liao2013/IPOP-tany/f11/DIM5","375819.7583791"
"liao2013/IPOP-tany/f12/DIM10","11152570.9597208"
"liao2013/IPOP-tany/f12/DIM2","4067301.14231243"
"liao2013/IPOP-tany/f12/DIM20","34365281.936975"
"liao2013/IPOP-tany/f12/DIM3","4536300.20039472"
"liao2013/IPOP-tany/f12/DIM40","53076875.3844427"
"liao2013/IPOP-tany/f12/DIM5","14960149.035701"
"liao2013/IPOP-tany/f13/DIM10","100.57229389213"
"liao2013/IPOP-tany/f13/DIM2","15.57594181745"
"liao2013/IPOP-tany/f13/DIM20","42.5606172923682"
"liao2013/IPOP-tany/f13/DIM3","49.4817006291202"
"liao2013/IPOP-tany/f13/DIM40","238.176943339191"
"liao2013/IPOP-tany/f13/DIM5","19.1527023994774"
"liao2013/IPOP-tany/f14/DIM10","1.77332047285097"
"liao2013/IPOP-tany/f14/DIM2","0.722021334830036"
"liao2013/IPOP-tany/f14/DIM20","4.97644249700333"
"liao2013/IPOP-tany/f14/DIM3","2.42528418355024"
"liao2013/IPOP-tany/f14/DIM40","4.49730697743204"
"liao2013/IPOP-tany/f14/DIM5","1.51296738497207"
"liao2013/IPOP-tany/f15/DIM10","35.5542391843864"
"liao2013/IPOP-tany/f15/DIM2","15.1514706732089"
"liao2013/IPOP-tany/f15/DIM20","82.5029270890459"
"liao2013/IPOP-tany/f15/DIM3","14.3632372503675"
"liao2013/IPOP-tany/f15/DIM40","229.034465042607"
"liao2013/IPOP-tany/f15/DIM5","18.9157552449739"
"liao2013/IPOP-tany/f16/DIM10","3.24535969299813"
"liao2013/IPOP-tany/f16/DIM2","5.057878952507"
"liao2013/IPOP-tany/f16/DIM20","1.35247439628777"
"liao2013/IPOP-tany/f16/DIM3","4.20205131264217"
"liao2013/IPOP-tany/f16/DIM40","2.39602743578248"
"liao2013/IPOP-tany/f16/DIM5","2.05525760518626"
"liao2013/IPOP-tany/f17/DIM10","0.473941917301715"
"liao2013/IPOP-tany/f17/DIM2","1.4046977698458"
"liao2013/IPOP-tany/f17/DIM20","0.397133844144323"
"liao2013/IPOP-tany/f17/DIM3","1.73396039180288"
"liao2013/IPOP-tany/f17/DIM40","1.36668217403247"
"liao2013/IPOP-tany/f17/DIM5","0.760024098284914"
"liao2013/IPOP-tany/f18/DIM10","4.99370748383564"
"liao2013/IPOP-tany/f18/DIM2","25.1340814162222"
"liao2013/IPOP-tany/f18/DIM20","5.49061917863847"
"liao2013/IPOP-tany/f18/DIM3","12.9323883669558"
"liao2013/IPOP-tany/f18/DIM40","7.17367080921529"
"liao2013/IPOP-tany/f18/DIM5","4.26018615574934"
"liao2013/IPOP-tany/f19/DIM10","0.723800791402756"
"liao2013/IPOP-tany/f19/DIM2","0.630357523260268"
"liao2013/IPOP-tany/f19/DIM20","0.875155983139401"
"liao2013/IPOP-tany/f19/DIM3","0.461894910502559"
"liao2013/IPOP-tany/f19/DIM40","1.53191883303387"
"liao2013/IPOP-tany/f19/DIM5","0.246129225051063"
"liao2013/IPOP-tany/f2/DIM10","322062.457699311"
"liao2013/IPOP-tany/f2/DIM2","434616.492060481"
"liao2013/IPOP-tany/f2/DIM20","674111.571191975"
"liao2013/IPOP-tany/f2/DIM3","639828.373973188"
"liao2013/IPOP-tany/f2/DIM40","1280909.05537436"
"liao2013/IPOP-tany/f2/DIM5","282597.665513585"
"liao2013/IPOP-tany/f20/DIM10","2172.11209194618"
"liao2013/IPOP-tany/f20/DIM2","550.649670560567"
"liao2013/IPOP-tany/f20/DIM20","4372.67761686407"
"liao2013/IPOP-tany/f20/DIM3","1358.00283894266"
"liao2013/IPOP-tany/f20/DIM40","16617.0919500848"
"liao2013/IPOP-tany/f20/DIM5","851.915891757831"
"liao2013/IPOP-tany/f21/DIM10","3.23011798829459"
"liao2013/IPOP-tany/f21/DIM2","1.47163339836011"
"liao2013/IPOP-tany/f21/DIM20","2.511182448947"
"liao2013/IPOP-tany/f21/DIM3","1.53217273350423"
"liao2013/IPOP-tany/f21/DIM40","0.688634110049928"
"liao2013/IPOP-tany/f21/DIM5","3.79612293863336"
"liao2013/IPOP-tany/f22/DIM10","7.15245249940323"
"liao2013/IPOP-tany/f22/DIM2","2.68523778085548"
"liao2013/IPOP-tany/f22/DIM20","4.01045727668159"
"liao2013/IPOP-tany/f22/DIM3","1.69407915378613"
"liao2013/IPOP-tany/f22/DIM40","4.28578152214086"
"liao2013/IPOP-tany/f22/DIM5","5.6251553023054"
"liao2013/IPOP-tany/f23/DIM10","0.214937986246715"
"liao2013/IPOP-tany/f23/DIM2","0.740745103801607"
"liao2013/IPOP-tany/f23/DIM20","1.08647105937767"
"liao2013/IPOP-tany/f23/DIM3","0.652520972530734"
"liao2013/IPOP-tany/f23/DIM40","1.05757927239878"
"liao2013/IPOP-tany/f23/DIM5","0.232070089826267"
"liao2013/IPOP-tany/f24/DIM10","20.1986306059989"
"liao2013/IPOP-tany/f24/DIM2","1.55957397287098"
"liao2013/IPOP-tany/f24/DIM20","38.8667514121749"
"liao2013/IPOP-tany/f24/DIM3","9.71308187495864"
"liao2013/IPOP-tany/f24/DIM40","301.445833575042"
"liao2013/IPOP-tany/f24/DIM5","3.18712542084254"
"liao2013/IPOP-tany/f3/DIM10","38.8019331425663"
"liao2013/IPOP-tany/f3/DIM2","5.0514763822024"
"liao2013/IPOP-tany/f3/DIM20","223.90010901381"
"liao2013/IPOP-tany/f3/DIM3","6.24071898822409"
"liao2013/IPOP-tany/f3/DIM40","308.305956402988"
"liao2013/IPOP-tany/f3/DIM5","18.8013307344795"
"liao2013/IPOP-tany/f4/DIM10","149.760572892821"
"liao2013/IPOP-tany/f4/DIM2","5.35914685487396"
"liao2013/IPOP-tany/f4/DIM20","347.031906320118"
"liao2013/IPOP-tany/f4/DIM3","7.98439704116296"
"liao2013/IPOP-tany/f4/DIM40","260.861321429492"
"liao2013/IPOP-tany/f4/DIM5","6.6345685067377"
"liao2013/IPOP-tany/f5/DIM10","3.18862526895113"
"liao2013/IPOP-tany/f5/DIM2","-3887225.5933043"
"liao2013/IPOP-tany/f5/DIM20","20.3291484126266"
"liao2013/IPOP-tany/f5/DIM3","-1447390085467.28"
"liao2013/IPOP-tany/f5/DIM40","36.0012973661239"
"liao2013/IPOP-tany/f5/DIM5","8.74713663203688"
"liao2013/IPOP-tany/f6/DIM10","16885.8688419161"
"liao2013/IPOP-tany/f6/DIM2","4384.19561362924"
"liao2013/IPOP-tany/f6/DIM20","24865.3410581923"
"liao2013/IPOP-tany/f6/DIM3","7336.39462332353"
"liao2013/IPOP-tany/f6/DIM40","62914.5849800993"
"liao2013/IPOP-tany/f6/DIM5","6780.30967389941"
"liao2013/IPOP-tany/f7/DIM10","34.327092426447"
"liao2013/IPOP-tany/f7/DIM2","43.3041825373067"
"liao2013/IPOP-tany/f7/DIM20","156.237445730754"
"liao2013/IPOP-tany/f7/DIM3","40.7194568914504"
"liao2013/IPOP-tany/f7/DIM40","327.174754829038"
"liao2013/IPOP-tany/f7/DIM5","36.2023419705604"
"liao2013/IPOP-tany/f8/DIM10","5707.21514629516"
"liao2013/IPOP-tany/f8/DIM2","837.841601868766"
"liao2013/IPOP-tany/f8/DIM20","13421.4521492652"
"liao2013/IPOP-tany/f8/DIM3","969.257482147347"
"liao2013/IPOP-tany/f8/DIM40","22968.201773007"
"liao2013/IPOP-tany/f8/DIM5","2765.51863418503"
"liao2013/IPOP-tany/f9/DIM10","2115.64006196925"
"liao2013/IPOP-tany/f9/DIM2","20.5963269725953"
"liao2013/IPOP-tany/f9/DIM20","4491.61121243657"
"liao2013/IPOP-tany/f9/DIM3","281.857736485686"
"liao2013/IPOP-tany/f9/DIM40","13100.1052333988"
"liao2013/IPOP-tany/f9/DIM5","460.178166662687"
"liao2013/IPOP-texp/f1/DIM10","1.21175779844218"
"liao2013/IPOP-texp/f1/DIM2","1.55663604994799"
"liao2013/IPOP-texp/f1/DIM20","7.72114315976444"
"liao2013/IPOP-texp/f1/DIM3","2.01043926925761"
"liao2013/IPOP-texp/f1/DIM40","17.324646245247"
"liao2013/IPOP-texp/f1/DIM5","1.11080885127903"
"liao2013/IPOP-texp/f10/DIM10","520715.815971109"
"liao2013/IPOP-texp/f10/DIM2","167703.059333076"
"liao2013/IPOP-texp/f10/DIM20","513247.449399939"
"liao2013/IPOP-texp/f10/DIM3","181205.342591585"
"liao2013/IPOP-texp/f10/DIM40","1034437.53272579"
"liao2013/IPOP-texp/f10/DIM5","274464.186710181"
"liao2013/IPOP-texp/f11/DIM10","382541.919223902"
"liao2013/IPOP-texp/f11/DIM2","606572.294624833"
"liao2013/IPOP-texp/f11/DIM20","312309.599496115"
"liao2013/IPOP-texp/f11/DIM3","461300.275016551"
"liao2013/IPOP-texp/f11/DIM40","259052.955662255"
"liao2013/IPOP-texp/f11/DIM5","477473.175229931"
"liao2013/IPOP-texp/f12/DIM10","11956134.1012248"
"liao2013/IPOP-texp/f12/DIM2","5504822.02358071"
"liao2013/IPOP-texp/f12/DIM20","34891837.8324566"
"liao2013/IPOP-texp/f12/DIM3","5551103.84267414"
"liao2013/IPOP-texp/f12/DIM40","54492790.0104116"
"liao2013/IPOP-texp/f12/DIM5","15379333.1112391"
"liao2013/IPOP-texp/f13/DIM10","104.874738093348"
"liao2013/IPOP-texp/f13/DIM2","23.5543353789371"
"liao2013/IPOP-texp/f13/DIM20","137.70490847262"
"liao2013/IPOP-texp/f13/DIM3","42.5360883840047"
"liao2013/IPOP-texp/f13/DIM40","234.325960488494"
"liao2013/IPOP-texp/f13/DIM5","72.961915496233"
"liao2013/IPOP-texp/f14/DIM10","4.20723294006663"
"liao2013/IPOP-texp/f14/DIM2","1.11025158628482"
"liao2013/IPOP-texp/f14/DIM20","5.23990969813412"
"liao2013/IPOP-texp/f14/DIM3","2.42363433225202"
"liao2013/IPOP-texp/f14/DIM40","9.76428987326548"
"liao2013/IPOP-texp/f14/DIM5","1.51158368215203"
"liao2013/IPOP-texp/f15/DIM10","30.8746148572931"
"liao2013/IPOP-texp/f15/DIM2","11.3476181026136"
"liao2013/IPOP-texp/f15/DIM20","83.0813797830625"
"liao2013/IPOP-texp/f15/DIM3","27.3733877946128"
"liao2013/IPOP-texp/f15/DIM40","234.359088663717"
"liao2013/IPOP-texp/f15/DIM5","25.0881787177536"
"liao2013/IPOP-texp/f16/DIM10","2.22112524061458"
"liao2013/IPOP-texp/f16/DIM2","5.10810641790613"
"liao2013/IPOP-texp/f16/DIM20","3.00403744020226"
"liao2013/IPOP-texp/f16/DIM3","4.13800027998188"
"liao2013/IPOP-texp/f16/DIM40","0.532015485430888"
"liao2013/IPOP-texp/f16/DIM5","1.43917856800373"
"liao2013/IPOP-texp/f17/DIM10","0.693371714356622"
"liao2013/IPOP-texp/f17/DIM2","1.84226604635625"
"liao2013/IPOP-texp/f17/DIM20","0.506264556865266"
"liao2013/IPOP-texp/f17/DIM3","2.16663127250584"
"liao2013/IPOP-texp/f17/DIM40","1.55186723409847"
"liao2013/IPOP-texp/f17/DIM5","0.828978360778574"
"liao2013/IPOP-texp/f18/DIM10","2.90982221691072"
"liao2013/IPOP-texp/f18/DIM2","33.6017062356014"
"liao2013/IPOP-texp/f18/DIM20","4.16250652746032"
"liao2013/IPOP-texp/f18/DIM3","12.9390256418782"
"liao2013/IPOP-texp/f18/DIM40","8.65193727886438"
"liao2013/IPOP-texp/f18/DIM5","3.63803034809699"
"liao2013/IPOP-texp/f19/DIM10","0.187801787052104"
"liao2013/IPOP-texp/f19/DIM2","0.749393138424599"
"liao2013/IPOP-texp/f19/DIM20","1.05333930375349"
"liao2013/IPOP-texp/f19/DIM3","0.379373415888323"
"liao2013/IPOP-texp/f19/DIM40","1.36757133835387"
"liao2013/IPOP-texp/f19/DIM5","0.21678979829922"
"liao2013/IPOP-texp/f2/DIM10","347853.796313411"
"liao2013/IPOP-texp/f2/DIM2","466286.008720301"
"liao2013/IPOP-texp/f2/DIM20","708766.727723928"
"liao2013/IPOP-texp/f2/DIM3","826066.699927194"
"liao2013/IPOP-texp/f2/DIM40","1302714.88689785"
"liao2013/IPOP-texp/f2/DIM5","338217.373595867"
"liao2013/IPOP-texp/f20/DIM10","2257.20209402204"
"liao2013/IPOP-texp/f20/DIM2","719.700602298933"
"liao2013/IPOP-texp/f20/DIM20","11598.8792615985"
"liao2013/IPOP-texp/f20/DIM3","1306.55002557017"
"liao2013/IPOP-texp/f20/DIM40","29489.4546363369"
"liao2013/IPOP-texp/f20/DIM5","615.304345175655"
"liao2013/IPOP-texp/f21/DIM10","4.05604101323286"
"liao2013/IPOP-texp/f21/DIM2","1.55637088315382"
"liao2013/IPOP-texp/f21/DIM20","0.765166908603753"
"liao2013/IPOP-texp/f21/DIM3","1.62100943540033"
"liao2013/IPOP-texp/f21/DIM40","3.88816257726391"
"liao2013/IPOP-texp/f21/DIM5","2.48087875243688"
"liao2013/IPOP-texp/f22/DIM10","5.07837419177737"
"liao2013/IPOP-texp/f22/DIM2","2.86106582139963"
"liao2013/IPOP-texp/f22/DIM20","2.30740454266534"
"liao2013/IPOP-texp/f22/DIM3","2.61167925441559"
"liao2013/IPOP-texp/f22/DIM40","3.49960799939049"
"liao2013/IPOP-texp/f22/DIM5","1.85970940219689"
"liao2013/IPOP-texp/f23/DIM10","0.414334452377054"
"liao2013/IPOP-texp/f23/DIM2","0.807912842832051"
"liao2013/IPOP-texp/f23/DIM20","0.354460399842982"
"liao2013/IPOP-texp/f23/DIM3","0.617809734453162"
"liao2013/IPOP-texp/f23/DIM40","0.455628770685458"
"liao2013/IPOP-texp/f23/DIM5","0.193899451154146"
"liao2013/IPOP-texp/f24/DIM10","24.5833483556886"
"liao2013/IPOP-texp/f24/DIM2","0.983757410287157"
"liao2013/IPOP-texp/f24/DIM20","78.8840377834318"
"liao2013/IPOP-texp/f24/DIM3","3.10179664624427"
"liao2013/IPOP-texp/f24/DIM40","74.6760699758807"
"liao2013/IPOP-texp/f24/DIM5","4.41610453611154"
"liao2013/IPOP-texp/f3/DIM10","15.9404656510844"
"liao2013/IPOP-texp/f3/DIM2","5.78428561730082"
"liao2013/IPOP-texp/f3/DIM20","217.027469488478"
"liao2013/IPOP-texp/f3/DIM3","11.4861646103835"
"liao2013/IPOP-texp/f3/DIM40","329.469483475704"
"liao2013/IPOP-texp/f3/DIM5","13.7181034444178"
"liao2013/IPOP-texp/f4/DIM10","175.652714023861"
"liao2013/IPOP-texp/f4/DIM2","6.73387911079501"
"liao2013/IPOP-texp/f4/DIM20","852.020873481832"
"liao2013/IPOP-texp/f4/DIM3","17.931733672179"
"liao2013/IPOP-texp/f4/DIM40","765.611559474013"
"liao2013/IPOP-texp/f4/DIM5","6.79317397046042"
"liao2013/IPOP-texp/f5/DIM10","3.0299003127927"
"liao2013/IPOP-texp/f5/DIM2","2.06568290160879"
"liao2013/IPOP-texp/f5/DIM20","20.6572211670041"
"liao2013/IPOP-texp/f5/DIM3","-28142607193.6838"
"liao2013/IPOP-texp/f5/DIM40","50.8389980110562"
"liao2013/IPOP-texp/f5/DIM5","8.24152357350339"
"liao2013/IPOP-texp/f6/DIM10","17879.5286834595"
"liao2013/IPOP-texp/f6/DIM2","6634.93149372619"
"liao2013/IPOP-texp/f6/DIM20","34426.2308044354"
"liao2013/IPOP-texp/f6/DIM3","8638.79607201085"
"liao2013/IPOP-texp/f6/DIM40","67907.748631236"
"liao2013/IPOP-texp/f6/DIM5","8101.21984142098"
"liao2013/IPOP-texp/f7/DIM10","38.2537293030774"
"liao2013/IPOP-texp/f7/DIM2","57.2413641854899"
"liao2013/IPOP-texp/f7/DIM20","156.701091413341"
"liao2013/IPOP-texp/f7/DIM3","31.9473673073197"
"liao2013/IPOP-texp/f7/DIM40","330.828097607453"
"liao2013/IPOP-texp/f7/DIM5","33.3242165595584"
"liao2013/IPOP-texp/f8/DIM10","5757.05356858301"
"liao2013/IPOP-texp/f8/DIM2","1668.16582643323"
"liao2013/IPOP-texp/f8/DIM20","13481.4432193869"
"liao2013/IPOP-texp/f8/DIM3","1223.87792310316"
"liao2013/IPOP-texp/f8/DIM40","23018.405108131"
"liao2013/IPOP-texp/f8/DIM5","3021.74880812669"
"liao2013/IPOP-texp/f9/DIM10","2063.58210529161"
"liao2013/IPOP-texp/f9/DIM2","22.6860351393237"
"liao2013/IPOP-texp/f9/DIM20","4507.11099322933"
"liao2013/IPOP-texp/f9/DIM3","166.386145753181"
"liao2013/IPOP-texp/f9/DIM40","13038.3262333633"
"liao2013/IPOP-texp/f9/DIM5","450.484281747682"
"P-DCN/f1/DIM10","5.13221803089456"
"P-DCN/f1/DIM2","0.782146243755744"
"P-DCN/f1/DIM20","4.96573048978964"
"P-DCN/f1/DIM3","1.03027615230105"
"P-DCN/f1/DIM5","1.18110307025876"
"P-DCN/f10/DIM10","1640238.14587117"
"P-DCN/f10/DIM2","624267.334125804"
"P-DCN/f10/DIM20","1750601.23109957"
"P-DCN/f10/DIM3","342274.020851483"
"P-DCN/f10/DIM5","697274.154954637"
"P-DCN/f11/DIM10","302595.231764949"
"P-DCN/f11/DIM2","474706.784666799"
"P-DCN/f11/DIM20","329637.792356578"
"P-DCN/f11/DIM3","358721.398386633"
"P-DCN/f11/DIM5","278849.131372716"
"P-DCN/f12/DIM10","49377123.5076299"
"P-DCN/f12/DIM2","43048831.3984692"
"P-DCN/f12/DIM20","97839608.2795474"
"P-DCN/f12/DIM3","12257876.4031635"
"P-DCN/f12/DIM5","16469628.1581794"
"P-DCN/f13/DIM10","374.660878276515"
"P-DCN/f13/DIM2","23.0230693226871"
"P-DCN/f13/DIM20","111.85382576085"
"P-DCN/f13/DIM3","51.1486964109865"
"P-DCN/f13/DIM5","79.6184051677725"
"P-DCN/f14/DIM10","4.92633115171337"
"P-DCN/f14/DIM2","1.51285486555626"
"P-DCN/f14/DIM20","3.94185311838959"
"P-DCN/f14/DIM3","1.88097403193144"
"P-DCN/f14/DIM5","1.99457746459499"
"P-DCN/f15/DIM10","41.4862676612231"
"P-DCN/f15/DIM2","9.71988209521182"
"P-DCN/f15/DIM20","562.246381334959"
"P-DCN/f15/DIM3","28.3715455517225"
"P-DCN/f15/DIM5","25.2928435347716"
"P-DCN/f16/DIM10","4.1496886788084"
"P-DCN/f16/DIM2","2.64829314572957"
"P-DCN/f16/DIM20","2.38791926482504"
"P-DCN/f16/DIM3","3.44249604264873"
"P-DCN/f16/DIM5","7.55560707814716"
"P-DCN/f17/DIM10","1.90106687198919"
"P-DCN/f17/DIM2","3.10333711184257"
"P-DCN/f17/DIM20","7.08929118437636"
"P-DCN/f17/DIM3","1.39307597177126"
"P-DCN/f17/DIM5","3.16775978159031"
"P-DCN/f18/DIM10","11.5150956933107"
"P-DCN/f18/DIM2","31.3920464796412"
"P-DCN/f18/DIM20","49.2440790693466"
"P-DCN/f18/DIM3","9.83336854240861"
"P-DCN/f18/DIM5","18.0678456743677"
"P-DCN/f19/DIM10","1.57700297667139"
"P-DCN/f19/DIM2","1.60604954026595"
"P-DCN/f19/DIM20","1.24581156876951"
"P-DCN/f19/DIM3","0.861321634742694"
"P-DCN/f19/DIM5","5.2388808136681"
"P-DCN/f2/DIM10","635598.199760522"
"P-DCN/f2/DIM2","386818.382163537"
"P-DCN/f2/DIM20","879529.555318741"
"P-DCN/f2/DIM3","185047.681025735"
"P-DCN/f2/DIM5","154721.385520071"
"P-DCN/f20/DIM10","9269.59077733287"
"P-DCN/f20/DIM2","1994.7574311652"
"P-DCN/f20/DIM20","14174.4779955402"
"P-DCN/f20/DIM3","1789.07721099647"
"P-DCN/f20/DIM5","5717.59828698272"
"P-DCN/f21/DIM10","15.2890051829882"
"P-DCN/f21/DIM2","2.54611422474288"
"P-DCN/f21/DIM20","3.43825524336187"
"P-DCN/f21/DIM3","2.93620724819962"
"P-DCN/f21/DIM5","3.32189571328947"
"P-DCN/f22/DIM10","2.96846631992612"
"P-DCN/f22/DIM2","2.24603305538801"
"P-DCN/f22/DIM20","6.84320554817252"
"P-DCN/f22/DIM3","6.4126234025214"
"P-DCN/f22/DIM5","3.3841353951359"
"P-DCN/f23/DIM10","0.631302548908855"
"P-DCN/f23/DIM2","1.00911938600349"
"P-DCN/f23/DIM20","0.538023733188136"
"P-DCN/f23/DIM3","1.21116825527454"
"P-DCN/f23/DIM5","0.738699174219334"
"P-DCN/f24/DIM10","8.9208327688953"
"P-DCN/f24/DIM2","1.41387283477239"
"P-DCN/f24/DIM20","15.9472720788932"
"P-DCN/f24/DIM3","4.81070633931215"
"P-DCN/f24/DIM5","4.33075423653426"
"P-DCN/f3/DIM10","67.5998305496759"
"P-DCN/f3/DIM2","4.66314829903138"
"P-DCN/f3/DIM20","267.396132320481"
"P-DCN/f3/DIM3","9.30319216036216"
"P-DCN/f3/DIM5","30.1043136265403"
"P-DCN/f4/DIM10","57.0431299025163"
"P-DCN/f4/DIM2","7.28748986172817"
"P-DCN/f4/DIM20","279.951267977746"
"P-DCN/f4/DIM3","18.6158053746304"
"P-DCN/f4/DIM5","22.1934486040244"
"P-DCN/f5/DIM10","1.86604567477235"
"P-DCN/f5/DIM2","0.988851114188633"
"P-DCN/f5/DIM20","17.8520801725243"
"P-DCN/f5/DIM3","1.43639415596386"
"P-DCN/f5/DIM5","5.1998900757718"
"P-DCN/f6/DIM10","18950.2656885352"
"P-DCN/f6/DIM2","5605.72427224472"
"P-DCN/f6/DIM20","56576.4479820335"
"P-DCN/f6/DIM3","4594.63182085124"
"P-DCN/f6/DIM5","9874.43070948166"
"P-DCN/f7/DIM10","234.775456428541"
"P-DCN/f7/DIM2","78.2353407391201"
"P-DCN/f7/DIM20","286.398802421455"
"P-DCN/f7/DIM3","30.1353614106285"
"P-DCN/f7/DIM5","70.8286607803912"
"P-DCN/f8/DIM10","10854.9472004008"
"P-DCN/f8/DIM2","245.67708276528"
"P-DCN/f8/DIM20","29636.8311947293"
"P-DCN/f8/DIM3","286.608519730714"
"P-DCN/f8/DIM5","4441.42719771024"
"P-DCN/f9/DIM10","15018.4841182692"
"P-DCN/f9/DIM2","385.150686606945"
"P-DCN/f9/DIM20","31690.858534719"
"P-DCN/f9/DIM3","286.253818889033"
"P-DCN/f9/DIM5","2110.98186776771"
"pal2013/DE/f1/DIM10","1.21397981245032"
"pal2013/DE/f1/DIM2","2.69607078790452"
"pal2013/DE/f1/DIM20","11.2246685350985"
"pal2013/DE/f1/DIM3","1.40143279048898"
"pal2013/DE/f1/DIM5","2.98985964055284"
"pal2013/DE/f10/DIM10","2205294.76668025"
"pal2013/DE/f10/DIM2","468560.978230528"
"pal2013/DE/f10/DIM20","3032871.82513916"
"pal2013/DE/f10/DIM3","415925.628677231"
"pal2013/DE/f10/DIM5","389336.510849045"
"pal2013/DE/f11/DIM10","1268947.71581445"
"pal2013/DE/f11/DIM2","1279740.93498367"
"pal2013/DE/f11/DIM20","956366.256005965"
"pal2013/DE/f11/DIM3","272226.024603995"
"pal2013/DE/f11/DIM5","491823.736494117"
"pal2013/DE/f12/DIM10","548775333.134069"
"pal2013/DE/f12/DIM2","103505279.114721"
"pal2013/DE/f12/DIM20","135974048.642581"
"pal2013/DE/f12/DIM3","42209620.4928597"
"pal2013/DE/f12/DIM5","28149199.8200427"
"pal2013/DE/f13/DIM10","37.3126149544735"
"pal2013/DE/f13/DIM2","37.2999797585473"
"pal2013/DE/f13/DIM20","141.128748821701"
"pal2013/DE/f13/DIM3","41.1736836711284"
"pal2013/DE/f13/DIM5","73.2099309936115"
"pal2013/DE/f14/DIM10","11.3727790428603"
"pal2013/DE/f14/DIM2","5.69757171708097"
"pal2013/DE/f14/DIM20","10.6611229685295"
"pal2013/DE/f14/DIM3","5.52405245937283"
"pal2013/DE/f14/DIM5","2.48856136924587"
"pal2013/DE/f15/DIM10","105.775985793557"
"pal2013/DE/f15/DIM2","21.9259481269736"
"pal2013/DE/f15/DIM20","139.673358387367"
"pal2013/DE/f15/DIM3","49.3199615823776"
"pal2013/DE/f15/DIM5","53.7036299272149"
"pal2013/DE/f16/DIM10","2.76155952733763"
"pal2013/DE/f16/DIM2","6.06320859082127"
"pal2013/DE/f16/DIM20","4.11676439005279"
"pal2013/DE/f16/DIM3","5.9589164738095"
"pal2013/DE/f16/DIM5","5.3782598090605"
"pal2013/DE/f17/DIM10","0.767490511001437"
"pal2013/DE/f17/DIM2","11.7355893115507"
"pal2013/DE/f17/DIM20","2.5436293238333"
"pal2013/DE/f17/DIM3","2.22999008071904"
"pal2013/DE/f17/DIM5","0.93218429442231"
"pal2013/DE/f18/DIM10","11.674277754867"
"pal2013/DE/f18/DIM2","62.7731164341507"
"pal2013/DE/f18/DIM20","8.3511090968005"
"pal2013/DE/f18/DIM3","6.89749518428784"
"pal2013/DE/f18/DIM5","6.70204858955058"
"pal2013/DE/f19/DIM10","1.82180710770224"
"pal2013/DE/f19/DIM2","2.57830416541654"
"pal2013/DE/f19/DIM20","1.23771694552474"
"pal2013/DE/f19/DIM3","2.75298083654195"
"pal2013/DE/f19/DIM5","4.55076328930586"
"pal2013/DE/f2/DIM10","597730.629988953"
"pal2013/DE/f2/DIM2","609670.700336663"
"pal2013/DE/f2/DIM20","894963.913778218"
"pal2013/DE/f2/DIM3","546083.611304022"
"pal2013/DE/f2/DIM5","432238.970701784"
"pal2013/DE/f20/DIM10","8654.01905112264"
"pal2013/DE/f20/DIM2","3580.49353061536"
"pal2013/DE/f20/DIM20","13157.7558640547"
"pal2013/DE/f20/DIM3","1158.10420366111"
"pal2013/DE/f20/DIM5","3195.72441269293"
"pal2013/DE/f21/DIM10","9.93798541118082"
"pal2013/DE/f21/DIM2","0.976662672738362"
"pal2013/DE/f21/DIM20","10.6225413655764"
"pal2013/DE/f21/DIM3","1.28889986630625"
"pal2013/DE/f21/DIM5","3.64933237076066"
"pal2013/DE/f22/DIM10","19.0449557895244"
"pal2013/DE/f22/DIM2","3.48596347582641"
"pal2013/DE/f22/DIM20","3.84720892794085"
"pal2013/DE/f22/DIM3","2.46403059680702"
"pal2013/DE/f22/DIM5","1.76937357173578"
"pal2013/DE/f23/DIM10","0.424843207395556"
"pal2013/DE/f23/DIM2","1.17222030882949"
"pal2013/DE/f23/DIM20","0.936297044443505"
"pal2013/DE/f23/DIM3","0.386756984549706"
"pal2013/DE/f23/DIM5","1.4331524872522"
"pal2013/DE/f24/DIM10","12.6269396871897"
"pal2013/DE/f24/DIM2","2.7199739518343"
"pal2013/DE/f24/DIM20","40.3873632427572"
"pal2013/DE/f24/DIM3","3.58734505433928"
"pal2013/DE/f24/DIM5","3.91159838462528"
"pal2013/DE/f3/DIM10","74.4021545467986"
"pal2013/DE/f3/DIM2","13.6768284910304"
"pal2013/DE/f3/DIM20","277.613671222846"
"pal2013/DE/f3/DIM3","20.3143897587131"
"pal2013/DE/f3/DIM5","30.1958351103118"
"pal2013/DE/f4/DIM10","242.726085264226"
"pal2013/DE/f4/DIM2","8.10348363325565"
"pal2013/DE/f4/DIM20","411.693426482584"
"pal2013/DE/f4/DIM3","65.7092516004328"
"pal2013/DE/f4/DIM5","140.812151481011"
"pal2013/DE/f5/DIM10","2.43113815744554"
"pal2013/DE/f5/DIM2","1.24529026733142"
"pal2013/DE/f5/DIM20","4.60806440080431"
"pal2013/DE/f5/DIM3","2.11626401962321"
"pal2013/DE/f5/DIM5","4.27378123833852"
"pal2013/DE/f6/DIM10","22534.390544068"
"pal2013/DE/f6/DIM2","14623.8782947167"
"pal2013/DE/f6/DIM20","65434.6284283405"
"pal2013/DE/f6/DIM3","10433.4635231338"
"pal2013/DE/f6/DIM5","15152.9917555468"
"pal2013/DE/f7/DIM10","45.9276716401834"
"pal2013/DE/f7/DIM2","63.1028080701562"
"pal2013/DE/f7/DIM20","299.240638603756"
"pal2013/DE/f7/DIM3","19.6212074880627"
"pal2013/DE/f7/DIM5","48.5027213035129"
"pal2013/DE/f8/DIM10","10069.1614086599"
"pal2013/DE/f8/DIM2","2457.2261628941"
"pal2013/DE/f8/DIM20","25399.4837096963"
"pal2013/DE/f8/DIM3","920.619112296957"
"pal2013/DE/f8/DIM5","6488.58202036765"
"pal2013/DE/f9/DIM10","10679.098397175"
"pal2013/DE/f9/DIM2","776.315142645569"
"pal2013/DE/f9/DIM20","33761.3300603204"
"pal2013/DE/f9/DIM3","1313.76170459754"
"pal2013/DE/f9/DIM5","3024.2265985034"
"pal2013/fmincon/f1/DIM10","0.792370583163112"
"pal2013/fmincon/f1/DIM2","2.27942255875567"
"pal2013/fmincon/f1/DIM20","0.514416791206162"
"pal2013/fmincon/f1/DIM3","2.44668518093455"
"pal2013/fmincon/f1/DIM5","0.785452697251967"
"pal2013/fmincon/f10/DIM10","401139.52537595"
"pal2013/fmincon/f10/DIM2","414184.087745522"
"pal2013/fmincon/f10/DIM20","301109.868156925"
"pal2013/fmincon/f10/DIM3","268026.239125168"
"pal2013/fmincon/f10/DIM5","290242.466034819"
"pal2013/fmincon/f11/DIM10","222774.976421249"
"pal2013/fmincon/f11/DIM2","492242.75850985"
"pal2013/fmincon/f11/DIM20","220478.604828521"
"pal2013/fmincon/f11/DIM3","234372.744392516"
"pal2013/fmincon/f11/DIM5","342600.217748859"
"pal2013/fmincon/f12/DIM10","7836155.98839144"
"pal2013/fmincon/f12/DIM2","2659807.16117562"
"pal2013/fmincon/f12/DIM20","12034912.2878378"
"pal2013/fmincon/f12/DIM3","4020550.85423142"
"pal2013/fmincon/f12/DIM5","5739032.7983843"
"pal2013/fmincon/f13/DIM10","88.6762404643464"
"pal2013/fmincon/f13/DIM2","10.064155851065"
"pal2013/fmincon/f13/DIM20","62.8059647698162"
"pal2013/fmincon/f13/DIM3","10.6985102693047"
"pal2013/fmincon/f13/DIM5","58.5788719082981"
"pal2013/fmincon/f14/DIM10","0.774411536551728"
"pal2013/fmincon/f14/DIM2","0.812986996150794"
"pal2013/fmincon/f14/DIM20","0.600655737447321"
"pal2013/fmincon/f14/DIM3","0.469938678962085"
"pal2013/fmincon/f14/DIM5","0.59959006456758"
"pal2013/fmincon/f15/DIM10","23.6961889273765"
"pal2013/fmincon/f15/DIM2","8.45226756707364"
"pal2013/fmincon/f15/DIM20","52.1264266288278"
"pal2013/fmincon/f15/DIM3","18.1518954232565"
"pal2013/fmincon/f15/DIM5","14.531530567507"
"pal2013/fmincon/f16/DIM10","3.41339170831441"
"pal2013/fmincon/f16/DIM2","7.48139347487286"
"pal2013/fmincon/f16/DIM20","1.76186021439265"
"pal2013/fmincon/f16/DIM3","6.38104163240263"
"pal2013/fmincon/f16/DIM5","6.99743747118536"
"pal2013/fmincon/f17/DIM10","2.95245833388241"
"pal2013/fmincon/f17/DIM2","3.9918000603372"
"pal2013/fmincon/f17/DIM20","1.37386582116468"
"pal2013/fmincon/f17/DIM3","2.23036014947304"
"pal2013/fmincon/f17/DIM5","1.26881529924949"
"pal2013/fmincon/f18/DIM10","10.3385626438217"
"pal2013/fmincon/f18/DIM2","41.1002692658303"
"pal2013/fmincon/f18/DIM20","8.54251505019715"
"pal2013/fmincon/f18/DIM3","12.6758641070064"
"pal2013/fmincon/f18/DIM5","4.97791308567399"
"pal2013/fmincon/f19/DIM10","0.000462774317117846"
"pal2013/fmincon/f19/DIM2","3.25745243950033e-06"
"pal2013/fmincon/f19/DIM20","0.0228070698687039"
"pal2013/fmincon/f19/DIM3","0.00635631751516806"
"pal2013/fmincon/f19/DIM5","0.00317186561050216"
"pal2013/fmincon/f2/DIM10","290720.789182175"
"pal2013/fmincon/f2/DIM2","498783.426651127"
"pal2013/fmincon/f2/DIM20","310645.623139899"
"pal2013/fmincon/f2/DIM3","349601.839015783"
"pal2013/fmincon/f2/DIM5","346560.308045557"
"pal2013/fmincon/f20/DIM10","8.36922553519842"
"pal2013/fmincon/f20/DIM2","1.54575897679712"
"pal2013/fmincon/f20/DIM20","1856.6709473404"
"pal2013/fmincon/f20/DIM3","428.832139774089"
"pal2013/fmincon/f20/DIM5","778.136064558129"
"pal2013/fmincon/f21/DIM10","1.337260140105"
"pal2013/fmincon/f21/DIM2","0.706288833433036"
"pal2013/fmincon/f21/DIM20","1.03837617762617"
"pal2013/fmincon/f21/DIM3","0.920245914042877"
"pal2013/fmincon/f21/DIM5","1.90368424166717"
"pal2013/fmincon/f22/DIM10","3.40762043452151"
"pal2013/fmincon/f22/DIM2","2.63937491561752"
"pal2013/fmincon/f22/DIM20","1.01507843494602"
"pal2013/fmincon/f22/DIM3","1.71237827310012"
"pal2013/fmincon/f22/DIM5","2.00028820648695"
"pal2013/fmincon/f23/DIM10","0.63148269370804"
"pal2013/fmincon/f23/DIM2","1.63555821155898"
"pal2013/fmincon/f23/DIM20","0.498993629373127"
"pal2013/fmincon/f23/DIM3","1.19629211976424"
"pal2013/fmincon/f23/DIM5","0.564163007821252"
"pal2013/fmincon/f24/DIM10","17.1185827134777"
"pal2013/fmincon/f24/DIM2","1.76652528725112"
"pal2013/fmincon/f24/DIM20","2.92030059499071"
"pal2013/fmincon/f24/DIM3","2.87961203060995"
"pal2013/fmincon/f24/DIM5","2.5863985070793"
"pal2013/fmincon/f3/DIM10","29.4179225597585"
"pal2013/fmincon/f3/DIM2","4.91679630171146"
"pal2013/fmincon/f3/DIM20","38.8035415078077"
"pal2013/fmincon/f3/DIM3","13.4899017898248"
"pal2013/fmincon/f3/DIM5","19.4794871105994"
"pal2013/fmincon/f4/DIM10","19.9670488765902"
"pal2013/fmincon/f4/DIM2","3.60130008534676"
"pal2013/fmincon/f4/DIM20","34.7537784417416"
"pal2013/fmincon/f4/DIM3","13.8776194858814"
"pal2013/fmincon/f4/DIM5","12.3552548464123"
"pal2013/fmincon/f5/DIM10","24.2688167954399"
"pal2013/fmincon/f5/DIM2","0.00503880969670927"
"pal2013/fmincon/f5/DIM20","34.55934277837"
"pal2013/fmincon/f5/DIM3","0.603254449973267"
"pal2013/fmincon/f5/DIM5","1.39549996086853"
"pal2013/fmincon/f6/DIM10","7211.19257638183"
"pal2013/fmincon/f6/DIM2","3547.23623364849"
"pal2013/fmincon/f6/DIM20","17359.0637603945"
"pal2013/fmincon/f6/DIM3","5415.46442219515"
"pal2013/fmincon/f6/DIM5","7398.44171827329"
"pal2013/fmincon/f7/DIM10","36.2631823884403"
"pal2013/fmincon/f7/DIM2","48.3591249294036"
"pal2013/fmincon/f7/DIM20","78.0283287004234"
"pal2013/fmincon/f7/DIM3","21.6837562358335"
"pal2013/fmincon/f7/DIM5","39.9124413164265"
"pal2013/fmincon/f8/DIM10","1032.30664878041"
"pal2013/fmincon/f8/DIM2","201.618843183573"
"pal2013/fmincon/f8/DIM20","2882.66194866033"
"pal2013/fmincon/f8/DIM3","329.383119380071"
"pal2013/fmincon/f8/DIM5","557.940879658291"
"pal2013/fmincon/f9/DIM10","2.91823182295202"
"pal2013/fmincon/f9/DIM2","0.000401346270008316"
"pal2013/fmincon/f9/DIM20","10.2422264915863"
"pal2013/fmincon/f9/DIM3","0.0529480202824724"
"pal2013/fmincon/f9/DIM5","0.336959605846784"
"pal2013/HMLSL/f1/DIM10","0.801375443247907"
"pal2013/HMLSL/f1/DIM2","2.16265099821669"
"pal2013/HMLSL/f1/DIM20","0.605498212935508"
"pal2013/HMLSL/f1/DIM3","2.41411739689657"
"pal2013/HMLSL/f1/DIM5","0.805905930951208"
"pal2013/HMLSL/f10/DIM10","411946.04927291"
"pal2013/HMLSL/f10/DIM2","367132.615540138"
"pal2013/HMLSL/f10/DIM20","299475.025979329"
"pal2013/HMLSL/f10/DIM3","281265.643149883"
"pal2013/HMLSL/f10/DIM5","277176.231250804"
"pal2013/HMLSL/f11/DIM10","234702.008222055"
"pal2013/HMLSL/f11/DIM2","504520.94207552"
"pal2013/HMLSL/f11/DIM20","220853.564006343"
"pal2013/HMLSL/f11/DIM3","225216.025198878"
"pal2013/HMLSL/f11/DIM5","347063.357106131"
"pal2013/HMLSL/f12/DIM10","8511529.64387775"
"pal2013/HMLSL/f12/DIM2","2593542.61637425"
"pal2013/HMLSL/f12/DIM20","12855225.3067858"
"pal2013/HMLSL/f12/DIM3","3803396.46954244"
"pal2013/HMLSL/f12/DIM5","5588005.30995552"
"pal2013/HMLSL/f13/DIM10","103.868852135686"
"pal2013/HMLSL/f13/DIM2","6.73962339278633"
"pal2013/HMLSL/f13/DIM20","166.14909529577"
"pal2013/HMLSL/f13/DIM3","18.8706818589726"
"pal2013/HMLSL/f13/DIM5","33.6204673576912"
"pal2013/HMLSL/f14/DIM10","0.76093901121637"
"pal2013/HMLSL/f14/DIM2","0.658648892280753"
"pal2013/HMLSL/f14/DIM20","0.625202989458977"
"pal2013/HMLSL/f14/DIM3","0.350342834762025"
"pal2013/HMLSL/f14/DIM5","0.429679643672437"
"pal2013/HMLSL/f15/DIM10","15.7466161715928"
"pal2013/HMLSL/f15/DIM2","6.11602828554002"
"pal2013/HMLSL/f15/DIM20","60.8179975843422"
"pal2013/HMLSL/f15/DIM3","13.9804743967388"
"pal2013/HMLSL/f15/DIM5","23.5642082292053"
"pal2013/HMLSL/f16/DIM10","2.85771424795485"
"pal2013/HMLSL/f16/DIM2","4.40676664870273"
"pal2013/HMLSL/f16/DIM20","1.43103969687846"
"pal2013/HMLSL/f16/DIM3","5.65672820414373"
"pal2013/HMLSL/f16/DIM5","5.12342229500157"
"pal2013/HMLSL/f17/DIM10","0.506192523513884"
"pal2013/HMLSL/f17/DIM2","1.35192256686924"
"pal2013/HMLSL/f17/DIM20","0.370522264423574"
"pal2013/HMLSL/f17/DIM3","0.806692125326942"
"pal2013/HMLSL/f17/DIM5","0.831348420011357"
"pal2013/HMLSL/f18/DIM10","7.91897563344393"
"pal2013/HMLSL/f18/DIM2","15.6681321435399"
"pal2013/HMLSL/f18/DIM20","8.45702626436372"
"pal2013/HMLSL/f18/DIM3","6.25059860668271"
"pal2013/HMLSL/f18/DIM5","0.961995287166022"
"pal2013/HMLSL/f19/DIM10","0.00046605998806946"
"pal2013/HMLSL/f19/DIM2","2.30738539309454e-05"
"pal2013/HMLSL/f19/DIM20","0.0228070429330097"
"pal2013/HMLSL/f19/DIM3","0.00359433565627162"
"pal2013/HMLSL/f19/DIM5","0.0170877966697405"
"pal2013/HMLSL/f2/DIM10","291900.419866558"
"pal2013/HMLSL/f2/DIM2","518726.515542508"
"pal2013/HMLSL/f2/DIM20","307908.3886727"
"pal2013/HMLSL/f2/DIM3","348230.891896473"
"pal2013/HMLSL/f2/DIM5","322411.792905414"
"pal2013/HMLSL/f20/DIM10","810.581591148074"
"pal2013/HMLSL/f20/DIM2","450.914419962789"
"pal2013/HMLSL/f20/DIM20","1610.61166568405"
"pal2013/HMLSL/f20/DIM3","437.290854958373"
"pal2013/HMLSL/f20/DIM5","551.411558626587"
"pal2013/HMLSL/f21/DIM10","1.50426480027569"
"pal2013/HMLSL/f21/DIM2","1.17403337742473"
"pal2013/HMLSL/f21/DIM20","1.34932769228081"
"pal2013/HMLSL/f21/DIM3","1.52920735283024"
"pal2013/HMLSL/f21/DIM5","1.97023036915546"
"pal2013/HMLSL/f22/DIM10","4.2844540485056"
"pal2013/HMLSL/f22/DIM2","2.53706125417812"
"pal2013/HMLSL/f22/DIM20","11.1562008958967"
"pal2013/HMLSL/f22/DIM3","1.65158178869104"
"pal2013/HMLSL/f22/DIM5","1.78982740197949"
"pal2013/HMLSL/f23/DIM10","0.719705664963684"
"pal2013/HMLSL/f23/DIM2","1.17396633911459"
"pal2013/HMLSL/f23/DIM20","0.495792853897065"
"pal2013/HMLSL/f23/DIM3","1.31158584521066"
"pal2013/HMLSL/f23/DIM5","0.596014489235555"
"pal2013/HMLSL/f24/DIM10","4.16565871203906"
"pal2013/HMLSL/f24/DIM2","1.63293717724664"
"pal2013/HMLSL/f24/DIM20","15.6382917155608"
"pal2013/HMLSL/f24/DIM3","7.63653337273096"
"pal2013/HMLSL/f24/DIM5","1.71682042271497"
"pal2013/HMLSL/f3/DIM10","30.716975477887"
"pal2013/HMLSL/f3/DIM2","4.88951753898681"
"pal2013/HMLSL/f3/DIM20","56.4347941534154"
"pal2013/HMLSL/f3/DIM3","7.5302127101711"
"pal2013/HMLSL/f3/DIM5","16.8501979138665"
"pal2013/HMLSL/f4/DIM10","5.95325063403587"
"pal2013/HMLSL/f4/DIM2","6.06845443082585"
"pal2013/HMLSL/f4/DIM20","43.0217751836622"
"pal2013/HMLSL/f4/DIM3","2.67714167602399"
"pal2013/HMLSL/f4/DIM5","19.9584327866127"
"pal2013/HMLSL/f5/DIM10","1.50920264950223"
"pal2013/HMLSL/f5/DIM2","0.0180792996291887"
"pal2013/HMLSL/f5/DIM20","20.2543789322706"
"pal2013/HMLSL/f5/DIM3","0.0223304967849666"
"pal2013/HMLSL/f5/DIM5","0.095819081557802"
"pal2013/HMLSL/f6/DIM10","7197.60480202738"
"pal2013/HMLSL/f6/DIM2","3592.00734158611"
"pal2013/HMLSL/f6/DIM20","16867.5063814705"
"pal2013/HMLSL/f6/DIM3","5551.02942184533"
"pal2013/HMLSL/f6/DIM5","7539.35290809909"
"pal2013/HMLSL/f7/DIM10","42.329892912644"
"pal2013/HMLSL/f7/DIM2","37.310716750354"
"pal2013/HMLSL/f7/DIM20","155.267927845368"
"pal2013/HMLSL/f7/DIM3","12.0254496770201"
"pal2013/HMLSL/f7/DIM5","22.2684906081628"
"pal2013/HMLSL/f8/DIM10","688.982205593728"
"pal2013/HMLSL/f8/DIM2","201.611842741792"
"pal2013/HMLSL/f8/DIM20","2863.52443281418"
"pal2013/HMLSL/f8/DIM3","325.242886844306"
"pal2013/HMLSL/f8/DIM5","606.677976583377"
"pal2013/HMLSL/f9/DIM10","1.99293007783475"
"pal2013/HMLSL/f9/DIM2","0.00476608915424542"
"pal2013/HMLSL/f9/DIM20","2.41630013262583"
"pal2013/HMLSL/f9/DIM3","0.0513958506395658"
"pal2013/HMLSL/f9/DIM5","0.160727476957154"
"pal2013/simplex/f1/DIM10","1.87347563868685"
"pal2013/simplex/f1/DIM2","1.34983179392457"
"pal2013/simplex/f1/DIM20","3.76839498825373"
"pal2013/simplex/f1/DIM3","1.50002294587233"
"pal2013/simplex/f1/DIM5","0.852241046297861"
"pal2013/simplex/f10/DIM10","927037.60435807"
"pal2013/simplex/f10/DIM2","331841.748704237"
"pal2013/simplex/f10/DIM20","1279972.30613518"
"pal2013/simplex/f10/DIM3","318500.010659138"
"pal2013/simplex/f10/DIM5","267226.620809552"
"pal2013/simplex/f11/DIM10","766980.034499859"
"pal2013/simplex/f11/DIM2","555430.000560138"
"pal2013/simplex/f11/DIM20","878724.303897342"
"pal2013/simplex/f11/DIM3","305005.587966754"
"pal2013/simplex/f11/DIM5","262534.775758084"
"pal2013/simplex/f12/DIM10","17582804.2573213"
"pal2013/simplex/f12/DIM2","4733545.05971708"
"pal2013/simplex/f12/DIM20","86251425.0553093"
"pal2013/simplex/f12/DIM3","5681018.66534976"
"pal2013/simplex/f12/DIM5","7527316.59292082"
"pal2013/simplex/f13/DIM10","165.775431900993"
"pal2013/simplex/f13/DIM2","13.7737673592472"
"pal2013/simplex/f13/DIM20","417.969422253563"
"pal2013/simplex/f13/DIM3","21.198542722905"
"pal2013/simplex/f13/DIM5","37.7192604396361"
"pal2013/simplex/f14/DIM10","1.73950476424242"
"pal2013/simplex/f14/DIM2","0.923182751418268"
"pal2013/simplex/f14/DIM20","2.7269244902693"
"pal2013/simplex/f14/DIM3","0.539166548104076"
"pal2013/simplex/f14/DIM5","0.635406600118053"
"pal2013/simplex/f15/DIM10","19.779805276144"
"pal2013/simplex/f15/DIM2","5.97878514389532"
"pal2013/simplex/f15/DIM20","28.8186291079273"
"pal2013/simplex/f15/DIM3","12.7531852657258"
"pal2013/simplex/f15/DIM5","15.5656916207973"
"pal2013/simplex/f16/DIM10","4.05890488413928"
"pal2013/simplex/f16/DIM2","4.69240469163072"
"pal2013/simplex/f16/DIM20","1.31388655071595"
"pal2013/simplex/f16/DIM3","6.23215543691181"
"pal2013/simplex/f16/DIM5","5.99895635092193"
"pal2013/simplex/f17/DIM10","3.20162681738552"
"pal2013/simplex/f17/DIM2","4.25823388416987"
"pal2013/simplex/f17/DIM20","1.8129031430227"
"pal2013/simplex/f17/DIM3","2.24195428178414"
"pal2013/simplex/f17/DIM5","1.06649293676158"
"pal2013/simplex/f18/DIM10","14.5685418623379"
"pal2013/simplex/f18/DIM2","49.1676380984405"
"pal2013/simplex/f18/DIM20","8.49914679728976"
"pal2013/simplex/f18/DIM3","13.3851532955684"
"pal2013/simplex/f18/DIM5","3.84623456067499"
"pal2013/simplex/f19/DIM10","0.00591929767560498"
"pal2013/simplex/f19/DIM2","0.0156252899419465"
"pal2013/simplex/f19/DIM20","0.00281213477791022"
"pal2013/simplex/f19/DIM3","0.0109358349430475"
"pal2013/simplex/f19/DIM5","0.00662701426808168"
"pal2013/simplex/f2/DIM10","836887.228899262"
"pal2013/simplex/f2/DIM2","541201.058222636"
"pal2013/simplex/f2/DIM20","1865943.12630449"
"pal2013/simplex/f2/DIM3","354880.85493725"
"pal2013/simplex/f2/DIM5","309333.051665762"
"pal2013/simplex/f20/DIM10","318.464372813912"
"pal2013/simplex/f20/DIM2","397.21539172846"
"pal2013/simplex/f20/DIM20","571.783954486839"
"pal2013/simplex/f20/DIM3","202.885503944568"
"pal2013/simplex/f20/DIM5","1196.74898268554"
"pal2013/simplex/f21/DIM10","2.17787155865556"
"pal2013/simplex/f21/DIM2","0.991004246632205"
"pal2013/simplex/f21/DIM20","3.39139681546682"
"pal2013/simplex/f21/DIM3","1.06679088043887"
"pal2013/simplex/f21/DIM5","3.54438464748967"
"pal2013/simplex/f22/DIM10","5.5782937036284"
"pal2013/simplex/f22/DIM2","5.16141502447296"
"pal2013/simplex/f22/DIM20","2.47202826694662"
"pal2013/simplex/f22/DIM3","2.82127161502134"
"pal2013/simplex/f22/DIM5","2.16734739686989"
"pal2013/simplex/f23/DIM10","0.932885362099914"
"pal2013/simplex/f23/DIM2","1.65385155247406"
"pal2013/simplex/f23/DIM20","0.584377986811693"
"pal2013/simplex/f23/DIM3","1.38373527404762"
"pal2013/simplex/f23/DIM5","1.49866445616175"
"pal2013/simplex/f24/DIM10","1.82024780590257"
"pal2013/simplex/f24/DIM2","1.02233874012801"
"pal2013/simplex/f24/DIM20","1.84517243079514"
"pal2013/simplex/f24/DIM3","1.28014534110318"
"pal2013/simplex/f24/DIM5","2.98572217570256"
"pal2013/simplex/f3/DIM10","20.7634221963333"
"pal2013/simplex/f3/DIM2","3.59953502204476"
"pal2013/simplex/f3/DIM20","30.8973933246494"
"pal2013/simplex/f3/DIM3","12.0113463689586"
"pal2013/simplex/f3/DIM5","41.9398401827107"
"pal2013/simplex/f4/DIM10","12.3665315329258"
"pal2013/simplex/f4/DIM2","4.67386040683954"
"pal2013/simplex/f4/DIM20","30.3765857630371"
"pal2013/simplex/f4/DIM3","10.615590088447"
"pal2013/simplex/f4/DIM5","15.1437784356616"
"pal2013/simplex/f5/DIM10","42.5256374333417"
"pal2013/simplex/f5/DIM2","-13712.1827589732"
"pal2013/simplex/f5/DIM20","98.3552222475069"
"pal2013/simplex/f5/DIM3","-5170901072974.37"
"pal2013/simplex/f5/DIM5","20.4446329498295"
"pal2013/simplex/f6/DIM10","35101.3712865314"
"pal2013/simplex/f6/DIM2","6073.02457482648"
"pal2013/simplex/f6/DIM20","88173.5628683854"
"pal2013/simplex/f6/DIM3","6474.61510155521"
"pal2013/simplex/f6/DIM5","9861.9269569165"
"pal2013/simplex/f7/DIM10","32.4326786700538"
"pal2013/simplex/f7/DIM2","45.1150281890984"
"pal2013/simplex/f7/DIM20","138.231608662515"
"pal2013/simplex/f7/DIM3","16.3799384607042"
"pal2013/simplex/f7/DIM5","29.0011513208678"
"pal2013/simplex/f8/DIM10","2315.0097881896"
"pal2013/simplex/f8/DIM2","280.891144437063"
"pal2013/simplex/f8/DIM20","9020.0220095426"
"pal2013/simplex/f8/DIM3","424.122878182842"
"pal2013/simplex/f8/DIM5","641.417974658549"
"pal2013/simplex/f9/DIM10","8.88851392884495"
"pal2013/simplex/f9/DIM2","0.0443273975136164"
"pal2013/simplex/f9/DIM20","6.17922818685686e-13"
"pal2013/simplex/f9/DIM3","0.140670042250663"
"pal2013/simplex/f9/DIM5","0.429724722409851"
