"instance_file","100percentleft","10percentleft","20percentleft","30percentleft","40percentleft","50percentleft","60percentleft","70percentleft","80percentleft","90percentleft"
"1FlipHC/uf020-01","0.8558","11.7303","6.1029","5.6123","15.9372","1.8856","347.5559","38.0534","0.7409","0.937"
"1FlipHC/uf020-02","0.6251","Inf","0.6108","4.8758","3.5761","11.3213","940.8635","1.4076","0.9843","0.7241"
"1FlipHC/uf020-03","0.4302","43.4795","32.4701","182799.5663","9.9678","10.3715","42.0565","47.1516","0.4072","0.4273"
"1FlipHC/uf020-04","0.609","Inf","22.0096","40.8857","151.5516","30.9785","2.4816","0.488","0.6332","0.6342"
"1FlipHC/uf020-05","0.6034","68.7415","74.0685","14.8026","7.4847","5.5332","2.28","0.39","0.9307","0.7336"
"1FlipHC/uf020-06","0.396","0.6043","41.6919","13.5086","9.7262","8.05","3.7614","0.3373","0.3562","0.365"
"1FlipHC/uf020-07","0.6172","37.4565","8.898","9.2112","80246.9731","11.5379","3.4112","62.9775","0.5387","0.5988"
"1FlipHC/uf020-08","0.3858","41.1312","35.3397","21.6164","20.911","7.1728","5.1119","0.3022","0.3215","0.3999"
"1FlipHC/uf020-09","0.2375","45.7879","6.343","32291.292","36707.416","43.0047","88.8192","0.6335","0.5912","0.2412"
"1FlipHC/uf020-10","0.6633","0.7528","0.4633","17.6753","3.0737","10.1712","2.4386","0.8591","1.3094","0.6753"
"1FlipHC/uf050-01","0.2758","954.653","24.5505","37.3689","21.0012","3452.9274","12.0453","12.8298","85.2567","0.4551"
"1FlipHC/uf050-02","0.1243","60.9053","43.2472","10215.6993","41.8719","14893.3387","94.1234","138.1133","0.1235","0.1949"
"1FlipHC/uf050-03","0.3247","221.2891","91.6318","7.2069","214.2976","23.2874","11.4051","1.0198","0.2226","0.3993"
"1FlipHC/uf050-04","0.1558","4.6138","14.3988","2075.6313","41582.8007","196.1103","57.9486","1.214","0.9766","0.3153"
"1FlipHC/uf050-05","0.512","142.0655","17.4398","528.668","431.362","21.139","5.1672","268.0681","1.4999","0.6028"
"1FlipHC/uf050-06","0.0923","39.0895","45.9526","31.2293","32.3142","5.704","75.3608","107.6523","0.2057","0.1525"
"1FlipHC/uf050-07","0.2492","82.4108","22.2998","13.0019","18.0626","15.868","5.208","46.8377","57.3806","0.3371"
"1FlipHC/uf050-08","0.1651","58.5901","21.2571","36.2154","21.3199","14.1749","7.3667","67.6618","78.2645","0.2296"
"1FlipHC/uf050-09","0.2548","2090.7952","19.2339","37.4249","25.1351","53.2935","48.1315","0.7002","0.2892","0.314"
"1FlipHC/uf050-10","0.2888","30.9907","18.1826","52.5975","29.759","19.3534","2.5996","11.5881","0.2415","0.3379"
"1FlipHC/uf075-01","0.3038","39.2626","93.2259","92.2423","12.6972","23.3071","0.489","3.3504","1.7416","0.7122"
"1FlipHC/uf075-02","0.3316","205.8407","178050.1374","16.3765","19.0626","19.1994","54.0007","70.9104","82.2954","0.9801"
"1FlipHC/uf075-03","0.1209","21.8335","3400.2783","6.0407","11.8787","2.8167","3.5411","0.6102","53.7728","0.4892"
"1FlipHC/uf075-04","0.0868","33.5513","39.1103","38.6451","23.6971","7.6947","4.4195","1.9796","91.4088","0.2421"
"1FlipHC/uf075-05","0.0945","63.1237","37.4101","20.0639","43.2641","3.4154","127.3788","155.868","0.7475","0.3286"
"1FlipHC/uf075-06","0.1189","93.4575","113715.5119","770.5159","24.5519","70.3489","63.1473","1.321","0.8872","0.2699"
"1FlipHC/uf075-07","0.1113","8.5569","40.2612","9.1816","15.7633","7386.3789","50.4173","2.1362","1.371","0.3815"
"1FlipHC/uf075-08","0.1397","62.4453","73.8729","18.7646","41.782","0.2691","115.1349","2.6544","171.1197","0.4029"
"1FlipHC/uf075-09","0.179","125.4041","144.7574","26.415","34.5624","5764.8027","5.4957","0.1416","2.3397","0.884"
"1FlipHC/uf075-10","0.1926","242.1272","110.5506","18.9037","10.7248","17097.9198","30.7643","4.9754","0.1583","0.5737"
"1FlipHC/uf100-01","0.1634","112.6753","417734.1248","143.3081","119.5559","11.1247","89.6979","130.7462","2.5084","1.1504"
"1FlipHC/uf100-02","0.0725","160743.2088","30543.933","19.1177","46.959","8.3923","130.0525","4.0243","2.254","0.4186"
"1FlipHC/uf100-03","0.1263","164.3197","95.6388","15.1512","33.0347","21.7609","37.9228","143.3561","0.5651","0.9687"
"1FlipHC/uf100-04","0.1121","70.4298","9847.0023","19.6385","31.6231","10.4007","95.4056","9.8822","3.9459","0.2264"
"1FlipHC/uf100-05","0.1353","66.3004","97.3867","20.3702","30.6816","3.6007","75.7086","113.1646","0.4425","0.3196"
"1FlipHC/uf100-06","0.2078","172.6513","222.2605","47.6596","9954.8095","23.862","15.4726","24.8534","2.8122","1.3626"
"1FlipHC/uf100-07","0.1773","64.6163","39590.1449","122.6109","31.7402","3.9823","28.8925","5.9091","119.5809","0.5722"
"1FlipHC/uf100-08","0.1148","23.013","39423.7745","67.0847","26.8183","771.1783","112.7672","128.9364","1.8813","0.6217"
"1FlipHC/uf100-09","0.2027","142.1949","92.6026","8.7392","12.423","1.7472","53.8752","77.1503","95.4954","0.9602"
"1FlipHC/uf100-10","0.1145","48.0433","97.1081","19.6696","35.4918","4.0897","25.0796","0.1403","1.5475","0.5092"
"1FlipHC/uf125-01","0.0954","159.2959","328.0996","106.2695","28.2397","7.0258","115.1627","146.5367","174.8657","0.8213"
"1FlipHC/uf125-02","0.1203","58.4155","53.6349","10.2553","20.8143","12.4679","35.9036","4.5877","1.6327","0.6236"
"1FlipHC/uf125-03","0.1368","148.0207","103.4454","214.2018","196.2025","0.5483","108.5934","5.2789","5.9735","1.9112"
"1FlipHC/uf125-04","0.1253","49.6261","36.9539","114.8004","16.0576","12.7078","55.6859","80.8311","104.6084","0.855"
"1FlipHC/uf125-05","0.0949","179.174","123700.6219","145.8931","32.7537","0.4393","114.2605","146.6608","182.5607","0.9769"
"1FlipHC/uf125-06","0.1081","118.0135","76.4452","9.6225","29.571","14.6317","74.275","91.7446","111.6708","0.6495"
"1FlipHC/uf125-07","0.1983","309.5789","111791.3754","45.085","26.5756","20181.9106","91.4491","92.2006","124.413","0.6425"
"1FlipHC/uf125-08","0.1348","109.0961","11630.3806","25.6116","27.0954","11.3721","54.512","104.2341","130.8745","1.0929"
"1FlipHC/uf125-09","0.1656","278.851","141.6368","181.9532","24.2721","8.2669","143.1401","0.4183","256.5934","2.2945"
"1FlipHC/uf125-10","0.1086","60.3095","48387.0056","15.682","32.3966","4.2875","119.9825","0.7853","1.1403","1.0622"
"1FlipHC/uf150-01","0.1737","217.7664","785083.7029","216.1794","68.2237","16.8137","14.5407","11.1484","3.9856","0.9937"
"1FlipHC/uf150-02","0.1465","4780.5226","80616.8657","165.383","21.9718","18.4869","104.1813","152.0507","4.0235","1.9828"
"1FlipHC/uf150-03","0.102","216.7991","8633.566","19.8878","43.0197","17.6144","7.5159","240.3609","290.6145","1.1466"
"1FlipHC/uf150-04","0.1255","651.8405","123488.8884","20.1766","32.3474","31.2238","6.1565","159.1971","3.2244","1.6241"
"1FlipHC/uf150-05","0.0768","306326.0128","204343.4822","14.0134","26.6311","11.4234","100.0282","3.701","138.5378","0.7601"
"1FlipHC/uf150-06","0.11","248750.0016","6.4491","22.3043","54.0306","2.5365","0.6767","206.9382","3.6015","0.9319"
"1FlipHC/uf150-07","0.1065","140920.037","109308.1339","63.6621","25.1617","0.1863","121.3497","160.9823","191.5318","1.0226"
"1FlipHC/uf150-08","0.157","427.0326","9.5985","135.1668","26.9761","42.7326","101.1063","154.8032","201.7133","1.1774"
"1FlipHC/uf150-09","0.1431","268.7511","111.5934","14.2987","34.0093","0.1059","176.385","249.5412","303.8748","1.6568"
"1FlipHC/uf150-10","0.1665","244.1732","54923.6377","14.894","29.5258","39.1089","105.7417","153.1931","2.4597","159.3488"
"1FlipHC/uf175-01","0.0624","8516.1379","1.8065","63.8654","21.601","12.5991","67.8798","92.6707","1.4092","0.5137"
"1FlipHC/uf175-02","0.1022","165.9193","3345.2334","132.1624","99.684","20.6759","166.2853","215.8405","269.3755","0.7324"
"1FlipHC/uf175-03","0.1263","228.4961","108068.2928","26.039","41.3654","13.6124","160.3537","226.0439","5.5282","238.4017"
"1FlipHC/uf175-04","0.1649","238.5501","53402.6344","22.1305","145.2401","48.9747","210.3012","262.1786","5.5327","1.8717"
"1FlipHC/uf175-05","0.0942","38013.5455","15028.135","130.4861","119.9753","8.3264","183.4439","266.5684","4.0997","269.5503"
"1FlipHC/uf175-06","0.0997","714417.1866","71554.8838","22.5256","43.011","39.2188","221.4212","7.3247","338.4589","312.0145"
"1FlipHC/uf175-07","0.0997","398.4957","233.1347","153.0879","71.8608","22.4035","214.7962","343.5823","432.7875","382.9641"
"1FlipHC/uf175-08","0.1403","71.3687","178230.4665","29.8911","43.1409","589.0953","216.8544","316.4751","375.9111","1.661"
"1FlipHC/uf175-09","0.0545","109708.9896","22886.4655","52.5266","33.1318","12.3007","98.6482","1.1008","1.29","0.4962"
"1FlipHC/uf175-10","0.1334","45251.31","154.6055","13.9184","29.6594","36.4838","98.3434","129.1799","1.8911","0.8364"
"1FlipHC/uf200-01","0.0789","9541.7388","46191.43","18.9072","45.954","4.5072","14.3149","6.5154","292.2575","243.7088"
"1FlipHC/uf200-02","0.0668","102.2954","23266.5466","9.6378","16.7694","6.7589","83.5277","111.76","130.5422","123.6412"
"1FlipHC/uf200-03","0.1309","539012.9897","10.9284","27.1241","88.8367","56.5211","247.6777","316.7815","407.7608","2.1633"
"1FlipHC/uf200-04","0.0899","171762.6084","84.8731","41.7782","26.5113","18.2763","96.7377","129.6234","1.9935","0.7364"
"1FlipHC/uf200-05","0.0842","84333.0964","155170.747","11.7269","27.4346","18.8267","84.3927","1.5421","1.4001","0.8126"
"1FlipHC/uf200-06","0.0594","53874.6178","88740.4693","19.2789","45.3649","14.1572","169.4122","239.832","3.5928","250.8107"
"1FlipHC/uf200-07","0.0943","205.6204","20520.4551","15.1285","42.951","2.8815","175.1248","229.8373","270.5785","1.2745"
"1FlipHC/uf200-08","0.0835","162.8035","121.7211","19.53","53.9911","14.5841","190.0608","246.6972","3.5506","1.183"
"1FlipHC/uf200-09","0.0727","34473.2132","327.872","70.5455","24.268","3.9795","97.4355","136.7367","1.6021","0.6936"
"1FlipHC/uf200-10","0.1096","858.3664","72654.4364","16.9821","56.5961","21.8293","176.2097","6.562","289.0146","1.4947"
"1FlipHC/uf225-01","0.1015","214.1096","179183.1965","15.2549","37.2794","15.6486","9.565","1.1676","0.6656","0.9421"
"1FlipHC/uf225-02","0.1006","480316.6626","259.1531","40.078","48.7768","4.8412","225.763","328.7599","396.2652","3.3289"
"1FlipHC/uf225-03","0.0923","123.6613","35291.9525","14.9167","30.4228","22096.926","120.2554","174.2409","214.4694","204.5202"
"1FlipHC/uf225-04","0.1151","136.972","13929.9536","14.0153","120.5289","4.2381","181.0606","247.6777","299.6333","221.2173"
"1FlipHC/uf225-05","0.1323","172720.9032","369330.5934","33.5141","52.3957","0.1836","272.299","408.3514","519.7519","394.1074"
"1FlipHC/uf225-06","0.0926","25705.5437","71.9686","8.2394","21.2707","12.0401","76.4548","103.6332","131.6756","117.5577"
"1FlipHC/uf225-07","0.1037","5422.1947","10640.8462","56.8877","46.0225","8.8904","8.6188","215.6619","2.0657","1.0297"
"1FlipHC/uf225-08","0.1074","153.3193","284.9036","4.7777","90.9621","5.9528","3.3295","183.6993","217.3425","1.2964"
"1FlipHC/uf225-09","0.0592","26.1828","12031.8107","8.7959","20.4247","0.6419","64.0489","91.6003","111.6277","101.1443"
"1FlipHC/uf225-10","0.0922","194.1397","103.1453","18.013","50.3156","4.0901","236.0402","9.0067","376.5873","2.036"
"1FlipHC/uf250-01","0.1789","380748.6255","784926.1877","32.2646","54.1674","80.3726","289.1139","430.1607","9.5979","3.9799"
"1FlipHC/uf250-02","0.1179","270.1239","1.0256","14.8327","42.8374","3.2808","214.3029","312.9014","378.7087","2.0454"
"1FlipHC/uf250-03","0.051","130.3396","142.4652","11.1464","33.0791","12.5842","6.6049","145.5983","168.1674","168.4675"
"1FlipHC/uf250-04","0.1333","565.9893","355.9308","478.826","82.7043","28.9459","355.604","388.5279","591.2794","2.9269"
"1FlipHC/uf250-05","0.0987","136.4361","19607.3291","65.6807","32.8666","20.3452","132.6274","52.5887","192.452","0.9821"
"1FlipHC/uf250-06","0.1239","536249.6447","171.843","16.3916","54.4619","21.7241","11.8342","253.7083","5.7427","1.6442"
"1FlipHC/uf250-07","0.0532","93.723","0.318","8.6968","17.7079","9.397","62.3562","94.6614","1.0173","0.5805"
"1FlipHC/uf250-08","0.0979","322.8343","181.9696","34.224","15.3789","17.5631","322.957","475.8771","569.6674","1.7727"
"1FlipHC/uf250-09","0.0983","1629.2886","86.8786","146.7175","52.1316","22.5874","180.0564","254.6707","324.5588","1.4658"
"1FlipHC/uf250-10","0.1087","239847.3104","92.5425","16.7286","47.8746","17.987","7.5772","223.0697","274.969","1.535"
"1FlipHCrs/experiment.xml","0.481","16.0785","Inf","28.7665","22.1602","6.7047","18.7735","86.8761","0.9601","0.5838"
"1FlipHCrs/uf020-01","0.481","51.7361","0.8213","28.767","3.8201","6.6999","0.8493","1.3559","0.9602","0.5838"
"1FlipHCrs/uf020-02","0.5258","70.2579","0.5832","34.3785","1.0551","1.5932","0.6788","1.4781","0.932","0.4894"
"1FlipHCrs/uf020-03","0.3772","Inf","10.044","30.2768","15.263","1.7108","6.1461","5.0915","0.9363","0.6403"
"1FlipHCrs/uf020-04","0.5296","70.707","0.6097","25.3475","1.3165","12.9646","2.3151","1.4761","0.581","0.5576"
"1FlipHCrs/uf020-05","0.4145","3.56957078756398e+260","18.4248","24.5123","0.9478","2.2869","1.37","0.8848","0.763","0.3918"
"1FlipHCrs/uf020-06","0.3914","Inf","Inf","49.8823","3416.1268","10.0429","9.2113","4.8655","3.3116","0.3946"
"1FlipHCrs/uf020-07","0.4776","2.1803","21.3583","1.4899","23.7814","1.9359","1.0954","1.9462","3.9484","0.3995"
"1FlipHCrs/uf020-08","0.3796","48.8996","58.0109","61.1136","23.5949","8.8934","6.7332","4.9961","0.9019","0.3081"
"1FlipHCrs/uf020-09","0.338","4.743","3.4092","19.9885","15.1031","5.3746","7.6845","3.0065","0.5786","0.3161"
"1FlipHCrs/uf020-10","0.5128","29.9119","2.1334","65.8731","1.5772","1.3683","1.6562","10.9115","0.3954","0.5724"
"1FlipHCrs/uf050-01","0.2328","122.3039","9155.9905","405600.8077","51.2311","27.7783","11.7134","5.7861","3.8614","0.1833"
"1FlipHCrs/uf050-02","0.1788","12.1664","89.147","49.9354","6.0292","1466.1855","381.1116","47.0448","45.7387","0.5279"
"1FlipHCrs/uf050-03","0.2141","152.7941","119.4099","2647.9583","3.0546","0.6182","19.7903","3.343","0.1424","0.3018"
"1FlipHCrs/uf050-04","0.1466","Inf","116.5476","84.6688","1.6204","31.4383","6.9157","7.8452","10.3125","0.337"
"1FlipHCrs/uf050-05","0.3564","0.8548","1.6474","3.2596","3.2053","106.3335","48.6694","3.8042","0.8916","0.5057"
"1FlipHCrs/uf050-06","0.1822","24.5231","91.8373","9.1542","67.1132","20.7153","11.4641","373.935","0.3","0.3974"
"1FlipHCrs/uf050-07","0.2132","94.7191","99.3677","3.4336","42.7156","225.7593","2.8403","2.4116","1.3106","0.2151"
"1FlipHCrs/uf050-08","0.1559","166.7939","5.8312","5129.2191","9.7733","27.4906","12.9643","2.0494","1.545","0.6801"
"1FlipHCrs/uf050-09","0.193","171.3347","2.8287","0.744","3.4148","2.2593","10.2031","1.4382","11.3473","0.1976"
"1FlipHCrs/uf050-10","0.2997","134.561","13.0597","44.5657","8.285","145.8271","3.6233","1.3849","0.7285","0.3087"
"1FlipHCrs/uf075-01","0.3271","56.3282","1011.2834","1864.9417","214.1392","643.992","4.4118","2.2896","2.6376","0.5266"
"1FlipHCrs/uf075-02","0.1603","134.4216","78.4009","7.3653","124.6984","65.9595","516.1557","6.1773","5.6459","0.2314"
"1FlipHCrs/uf075-03","0.1143","531.86","134.9109","5.3287","123.0584","20504.5843","18.8321","10.16","1.0294","1.1074"
"1FlipHCrs/uf075-04","0.1385","213.6241","373713.9571","9.0043","20.1795","38287.9518","61.8464","5.4779","2.8954","0.9013"
"1FlipHCrs/uf075-05","0.136","239.3495","432.5568","172.3218","19.1696","5.8939","55.6246","0.1021","2.4805","0.6195"
"1FlipHCrs/uf075-06","0.13","1068324.4989","35.4383","7.566","21.7106","38.1154","25.2289","7.4759","30.0638","0.7466"
"1FlipHCrs/uf075-07","0.1061","229.1906","5.9785","181.253","19.2776","30.2201","34.9929","2.4756","48.7216","0.616"
"1FlipHCrs/uf075-08","0.1503","226.3755","3785.403","12.8362","39.4386","39.7562","59.8674","2.0752","84.042","0.8227"
"1FlipHCrs/uf075-09","0.1659","254.7639","112.2726","12.6177","62.5201","1285.4074","3.5384","3.1316","11.4013","0.9787"
"1FlipHCrs/uf075-10","0.3804","29.0485","287.3065","3.5574","114.8986","12.8921","15.7985","198.703","3.8786","0.6432"
"1FlipHCrs/uf100-01","0.0984","44.0813","116.8722","7.2122","6.5953","0.3217","26.9739","167.577","0.0642","36.3176"
"1FlipHCrs/uf100-02","0.1244","261.3921","171.1038","10.6413","17.8651","3.1667","92.2306","8.0586","7.4914","1.4691"
"1FlipHCrs/uf100-03","0.1162","67.0738","206.7247","220.7896","2.8613","27.297","21.0688","0.4506","2.122","0.9704"
"1FlipHCrs/uf100-04","0.1298","190.4071","33.822","11.8095","6.0314","3888.1572","13.9453","9.8533","37.3553","0.3119"
"1FlipHCrs/uf100-05","0.0945","61.8522","13815.447","10.6462","15.7065","68.4432","77.5328","4.8629","2.8132","1.1634"
"1FlipHCrs/uf100-06","0.1946","137.9303","216.1025","34.4014","185.435","32.0809","26.4087","6.77","1.3825","0.2977"
"1FlipHCrs/uf100-07","0.1466","88.3527","281.2606","10.5485","86.7547","22.7292","11.3537","0.4974","1.1505","0.4428"
"1FlipHCrs/uf100-08","0.1298","44.4539","79.2132","12.234","6978.0267","3373.8984","73.7297","104.2573","0.8204","0.7463"
"1FlipHCrs/uf100-09","0.1094","304.5555","92.1356","7.7735","5485.9804","0.8122","11.1182","10.9594","85.7633","1.9925"
"1FlipHCrs/uf100-10","0.1216","290.9343","379595.0066","7.9115","179.4161","24.437","12.5598","3.7809","3.6997","1.0484"
"1FlipHCrs/uf125-01","0.1299","295.6741","15358.0737","10.952","8.9467","12.1199","55.8584","13.9932","87.459","56.5245"
"1FlipHCrs/uf125-02","0.1315","53539.9956","84.5332","6.0001","232.628","11632.1251","206.0776","173.7134","8.6556","2.3615"
"1FlipHCrs/uf125-03","0.112","1364171.6985","205.0505","69.4656","4.1065","43.953","16.5171","11.3838","3.1073","1.1545"
"1FlipHCrs/uf125-04","0.1176","351.7459","298393.1172","16.3758","119.3796","68.3387","0.1423","26.6814","3.5798","1.9728"
"1FlipHCrs/uf125-05","0.1269","136.4198","216737.5513","16.1274","6.7229","46.9528","29.0921","52.0611","69.1383","60.5842"
"1FlipHCrs/uf125-06","0.1282","59045.853","8733.0145","293.6391","9.2393","77.3386","58.8644","92.941","9.8301","1.571"
"1FlipHCrs/uf125-07","0.1821","339.4621","8.2164","29.959","10.996","62.9407","6.0714","9.333","3.2254","0.989"
"1FlipHCrs/uf125-08","0.115","305.7968","92658.4309","268.1592","24.249","34.1833","20.2197","12.4867","8.522","1.6671"
"1FlipHCrs/uf125-09","0.097","332.8262","11060.7014","2139.0725","3.5768","10.4753","32.8252","5.2995","5.2204","1.6261"
"1FlipHCrs/uf125-10","0.0893","360.4332","20204.721","234.0374","7635.1314","49.6991","45.4779","21.0916","8.0575","1.0423"
"1FlipHCrs/uf150-01","0.1122","406.0256","23848.7996","28.4476","9.7171","40.7045","36.5129","30.0444","10.3945","3.2311"
"1FlipHCrs/uf150-02","0.0967","1060000.1525","60428.7417","18.5554","10.0249","84.5678","61.5224","90.3486","9.809","80.2743"
"1FlipHCrs/uf150-03","0.0996","340.2772","56068.8073","9.8545","1003.5257","7432.1675","92.5154","137.8819","8.2548","1.8319"
"1FlipHCrs/uf150-04","0.117","8459.305","72.3355","7468.4346","4.3701","37.474","39.9978","54.6262","6.4507","2.251"
"1FlipHCrs/uf150-05","0.1287","155.578","52932.1059","10.7837","13.2471","77.3845","70.9235","21.8737","2.2806","1.7564"
"1FlipHCrs/uf150-06","0.1064","365.4103","307.3662","309.8751","14461.0056","67.0085","52.6052","81.2577","92.1651","2.228"
"1FlipHCrs/uf150-07","0.1234","317480.0283","180.4757","279.0485","27.614","5746.9223","154.729","157.0444","177.5809","143.3079"
"1FlipHCrs/uf150-08","0.1259","10646.5048","17995.8314","9.7896","3.4767","50.003","0.1008","24.1841","0.0937","0.8842"
"1FlipHCrs/uf150-09","0.1199","422.6698","3740.5886","6.7165","12.7181","103.3455","73.1055","1.888","2.5726","110.4907"
"1FlipHCrs/uf150-10","0.0914","34128.7066","221.5384","310.5291","295.0978","78.6502","48.5925","21.9002","6.0062","1.2402"
"1FlipHCrs/uf175-01","0.0705","153.3901","30095.1872","394962.6182","104.1806","6.8195","40.0374","158.2314","156.4854","129.1348"
"1FlipHCrs/uf175-02","0.0841","130.7552","66707.1396","10.5889","24.8318","23.827","116.5437","21.6803","7.2259","1.7121"
"1FlipHCrs/uf175-03","0.0943","530.5546","76513.3482","1029.8409","17.2786","83.4296","97.3902","123.7459","123.0582","2.6882"
"1FlipHCrs/uf175-04","0.0819","16009.2612","19113.4735","7.207","4158.8121","30.8852","122.1094","22.114","10.0556","126.8257"
"1FlipHCrs/uf175-05","0.0558","46.231","81590.057","16.8732","58.4947","42.7354","119.801","161.6237","170.2437","1.0116"
"1FlipHCrs/uf175-06","0.0986","691.1091","15700.4997","12.194","38.8411","726.0606","1.4536","20.9214","235.4584","3.2553"
"1FlipHCrs/uf175-07","0.0954","478.8629","563423.2707","19.4848","337.0379","123.7708","84.4679","19.0001","2.4117","129.4879"
"1FlipHCrs/uf175-08","0.0862","3934.3903","32575.216","322.7133","17.2581","78.825","73.0858","124.0978","2.0342","0.3564"
"1FlipHCrs/uf175-09","0.0636","243.7079","169.4015","118.1769","32.7387","17.0723","119.1818","143.3359","180.4002","1.3357"
"1FlipHCrs/uf175-10","0.1084","586.9315","324490.1767","13.7359","22.8111","868.1","67.9445","22.2826","147.38","2.4544"
"1FlipHCrs/uf200-01","0.0435","232.6139","2472.7364","21.5143","109.2971","15.8079","128.8195","142.1472","2.0165","125.5857"
"1FlipHCrs/uf200-02","0.1145","293.7627","211.9301","9.8385","16665.7132","85706.9368","173.7039","28.76","274.466","3.3892"
"1FlipHCrs/uf200-03","0.1088","228888.2044","3657.2983","15.2909","9.1807","23824.3689","130.2723","150.2976","16.7392","5.1535"
"1FlipHCrs/uf200-04","0.132","84893.254","171473.9619","9.9581","30.5698","41.6455","30.9556","208.4598","9.6412","189.1753"
"1FlipHCrs/uf200-05","0.0666","1293.767","215.5918","12.9622","34.4872","36.1552","12.7185","5.6287","7.163","2.0137"
"1FlipHCrs/uf200-06","0.0523","299.3974","242.4157","250.5129","27.0163","16028.8351","126.7314","11.478","172.0137","140.4053"
"1FlipHCrs/uf200-07","0.0846","424.7286","196011.0908","10.4185","290.9509","90.6146","47.4393","174.1241","10.6835","148.7881"
"1FlipHCrs/uf200-08","0.0919","35.6425","15198.0468","218.2963","28.3421","41236.9274","187.3538","239.0101","267.1463","3.368"
"1FlipHCrs/uf200-09","0.1024","53452.0005","299.8524","12.7064","25.1434","1889.2511","15.7593","189.0509","234.4282","3.236"
"1FlipHCrs/uf200-10","0.111","137895.3004","12836.4912","11.0176","29.5018","36.0516","55.4721","244.8118","254.1916","3.5007"
"1FlipHCrs/uf225-01","0.1175","681.3662","172834.3492","11.4018","31.204","370.2066","174.6765","39.8136","14.7132","4.6653"
"1FlipHCrs/uf225-02","0.0871","39.4255","264358.7425","14.13","64.603","29.0524","84.2108","176.0427","204.1026","3.8963"
"1FlipHCrs/uf225-03","0.0746","111.1431","264847.7917","125895.2097","43.6744","41.9615","32.8748","206.7772","181.875","2.4468"
"1FlipHCrs/uf225-04","0.1096","218672.4671","19046.8608","452.0855","32.341","16.6935","8.6091","20.8198","270.9627","204.4994"
"1FlipHCrs/uf225-05","0.1","199.0095","100501.9629","11111.5417","10744.7739","4.5924","152.938","14.4465","11.0147","189.645"
"1FlipHCrs/uf225-06","0.0937","10495.3566","80651.3389","247.3023","32.2541","61.6202","158.1035","216.9396","7.7006","3.43"
"1FlipHCrs/uf225-07","0.1098","410180.3214","1986.4611","423.6431","6.7009","18107.0727","96.1762","34.8196","17.6669","3.1865"
"1FlipHCrs/uf225-08","0.0678","408980.4074","712.744","177451.9475","4140.0922","82.2739","172.3062","228.213","254.9886","191.6408"
"1FlipHCrs/uf225-09","0.0861","65112.377","306.6448","17271.4304","53.1163","51.8939","231.9274","310.1508","292.7768","3.8182"
"1FlipHCrs/uf225-10","0.0741","13238.0864","53180.922","273.6813","51.9454","65.9674","198.2247","239.5079","281.4245","217.2567"
"1FlipHCrs/uf250-01","0.0983","4996.2363","59348.9459","27.1622","41.7432","101.8653","17.6356","149.4646","171.5254","5.8486"
"1FlipHCrs/uf250-02","0.0739","38806.2644","19997.1461","13.846","53.8873","75.401","176.158","242.8432","7.7885","216.3565"
"1FlipHCrs/uf250-03","0.129","1085869.5442","346.9686","13.5329","44.8265","1.7599","32.5538","2.5719","373.0332","4.4735"
"1FlipHCrs/uf250-04","0.1152","15432.3576","19082.9027","522.5999","7.5803","142.4204","114.0285","42.8698","17.6585","5.4066"
"1FlipHCrs/uf250-05","0.1033","7057.9811","78123.0033","8.7686","43.0534","74.495","183.4764","272.5503","9.032","3.4178"
"1FlipHCrs/uf250-06","0.1006","65837.0133","384.8493","3092.4006","47.4976","108.1588","0.545","29.0612","227.669","198.9366"
"1FlipHCrs/uf250-07","0.0675","950.2873","198146.3589","401.1235","70.4204","75.1874","233.6516","277.4537","264.6898","2.0845"
"1FlipHCrs/uf250-08","0.1088","28.1217","528.2614","599.7283","16.7415","96.538","146.9514","25.1686","251.0666","4.1393"
"1FlipHCrs/uf250-09","0.0826","2106.6307","281611.143","12.003","32.5429","69.8083","165.4744","231.778","12.4774","3.8357"
"1FlipHCrs/uf250-10","0.116","10817.1598","342.1317","10.2954","52.5609","109.3712","55.7452","357.7404","366.044","257.295"
"2FlipHC/experiment.xml","0.4568","Inf","0.5292","25.1513","17.8712","14.2561","26.4125","1.2625","0.9584","0.447"
"2FlipHC/uf020-01","0.4568","39.0905","0.4694","25.1513","16.9025","14.2561","26.5931","1.2625","0.9583","0.447"
"2FlipHC/uf020-02","0.554","59.2157","9.357","8804.511","6.7697","10.3686","8.4908","1.2887","0.6638","0.5042"
"2FlipHC/uf020-03","0.3893","Inf","Inf","22.2442","4.0861","9.616","14.0032","0.6999","1.0859","0.4998"
"2FlipHC/uf020-04","0.3342","Inf","12.5524","19.196","16.0511","2.0259","5.2842","0.7101","0.2816","0.3226"
"2FlipHC/uf020-05","0.398","Inf","1.9019","207584.1192","19.4476","10.5939","13.4403","1.217","0.3169","0.3436"
"2FlipHC/uf020-06","0.2958","39.0435","33.4557","12.9459","30.8298","19595.0704","29.2221","0.245","0.393","0.2693"
"2FlipHC/uf020-07","0.3958","0.9011","Inf","7.974","16.8343","0.3334","7.0233","3.9966","0.9682","0.327"
"2FlipHC/uf020-08","0.5007","166.2377","Inf","20.5383","1283.817","4.408","7.1826","4.0936","0.6081","0.4654"
"2FlipHC/uf020-09","0.4467","Inf","0.5538","235.4982","220838.6049","5.6971","4.1008","0.5306","0.484","0.4556"
"2FlipHC/uf020-10","0.3888","57.242","0.6229","10.7207","50.1852","15.1295","1.6848","7.2102","39.0329","0.3546"
"2FlipHC/uf050-01","0.2612","20.9208","17.3288","7189.1851","49.5913","0.3759","84.5954","4.4944","1.6632","0.5865"
"2FlipHC/uf050-02","0.1531","0.2995","14.4582","28218.6891","54.8966","14.1821","93.2361","0.5949","0.3836","0.2885"
"2FlipHC/uf050-03","0.3213","147.7539","5.8998","33785.8652","6.1491","6.553","256.065","27.491","2.7151","0.3357"
"2FlipHC/uf050-04","0.1299","Inf","61.7489","37.0736","46.3311","5.2263","5.1384","1.5352","0.2437","0.2398"
"2FlipHC/uf050-05","0.2882","59.7502","8276.033","52.3449","91.9561","31.6925","15.6616","5.5902","0.2152","0.2307"
"2FlipHC/uf050-06","0.1174","61.7963","57.975","162858.5773","48.3939","9.587","102.4975","0.686","0.3885","0.2241"
"2FlipHC/uf050-07","0.3767","129.6017","35.795","128.1125","11.0074","24.5421","28.7112","5.0049","0.7814","0.4008"
"2FlipHC/uf050-08","0.2304","267.0706","7.627","29.6909","13.7876","8.1945","32.5279","35.5194","0.7968","0.3443"
"2FlipHC/uf050-09","0.1833","Inf","67.3655","43.4225","154.4398","7.167","1.9747","0.3232","0.9926","0.2124"
"2FlipHC/uf050-10","0.2163","11.7113","69.1455","2.2769","16.1632","507.7701","51.4842","54.057","1.7038","0.3599"
"2FlipHC/uf075-01","0.2495","151.9322","18.4635","65.6654","17.807","31.3499","40.4439","3.4069","41.2027","0.5444"
"2FlipHC/uf075-02","0.1729","253.2729","149.5455","9.9011","24.5695","45.4953","39.1679","53.3207","1.335","0.5279"
"2FlipHC/uf075-03","0.152","140.3598","342333.671","15.0942","40.9013","10.4465","9.02","4.5242","2.3424","0.7398"
"2FlipHC/uf075-04","0.0705","27.0389","36.4275","15.7155","34.7289","0.6803","1.6827","75.115","78.4905","0.2298"
"2FlipHC/uf075-05","0.1238","126.0025","2846.0672","18.6216","41.7982","11.6181","104.7709","115.0564","1.3762","0.6103"
"2FlipHC/uf075-06","0.1626","29.6096","75.7014","8663.2849","29.1418","3.8875","81.7764","96.2441","80.9192","0.5092"
"2FlipHC/uf075-07","0.0684","9.9527","8.6748","50.8729","82.6747","3.8849","2.2392","151.0682","130.3788","0.2896"
"2FlipHC/uf075-08","0.0991","12.7895","46700.8131","50.2428","79.0651","10.533","139.1558","132.5948","134.2568","0.2421"
"2FlipHC/uf075-09","0.1837","85.2473","288013.954","17.9179","27.6421","29.3835","11.9603","75.5323","0.9209","0.137"
"2FlipHC/uf075-10","0.1593","55.2717","124.6126","12.8766","44645.4116","16.6347","72.6837","6.6648","3.8477","0.5224"
"2FlipHC/uf100-01","0.2061","76.2693","134.5811","25.3229","67.634","26.0766","156.8013","3.592","3.8324","45.2335"
"2FlipHC/uf100-02","0.0768","11708.8408","14717.7985","42.394","72.1144","6.0868","0.8106","203.5249","217.4475","0.6615"
"2FlipHC/uf100-03","0.1365","49.6873","117.0266","23.5031","60.8921","5.7468","145.8479","158.2018","158.3009","0.9397"
"2FlipHC/uf100-04","0.1564","179.1406","28198.6203","22.7899","59.4621","17.3296","9.3071","5.4508","173.7934","0.9287"
"2FlipHC/uf100-05","0.1214","136.4181","170752.7199","19.3929","46.5713","3.2142","50.011","131.3217","1.6779","0.4229"
"2FlipHC/uf100-06","0.1995","247.3763","241.7071","17.0776","7.5691","45.2264","35.7216","7.0635","59.6078","1.3152"
"2FlipHC/uf100-07","0.1448","121.0494","120.6388","22.2072","58.3654","33.1709","81.8848","9.4641","140.5653","0.8373"
"2FlipHC/uf100-08","0.0649","54.9519","79.5005","29.7529","68.9713","6.9578","146.3806","158.7258","154.1765","0.4358"
"2FlipHC/uf100-09","0.1221","74.3876","2.8164","18919.2675","16.4012","3.746","4.0826","3.2266","1.5237","0.4018"
"2FlipHC/uf100-10","0.1232","160.8129","207079.3618","25.037","70.9239","26.6327","144.3669","6.0923","1.2534","0.7449"
"2FlipHC/uf125-01","0.1304","130739.9266","562598.3262","22.9897","64.6383","24.2503","168.4249","8.1907","3.6064","61.9126"
"2FlipHC/uf125-02","0.1458","944.9892","2.1476","6.7886","41.3006","13.332","99.949","114.4201","3.1242","0.9443"
"2FlipHC/uf125-03","0.1277","113.9482","176.6326","25.6122","69.1367","5.0348","13.8413","11.243","4.4171","1.1239"
"2FlipHC/uf125-04","0.151","231.119","68578.0223","16.5851","49.5135","9.8077","17.9027","10.6426","4.9288","1.3934"
"2FlipHC/uf125-05","0.148","253.4674","180845.6935","24.7515","58.8406","22.0779","2.9196","6.7947","206.9119","1.3197"
"2FlipHC/uf125-06","0.1665","186.7896","3926.613","15.0606","68.0152","28.1303","191.0183","9.7369","5.501","1.5793"
"2FlipHC/uf125-07","0.1378","3488.9154","120.5381","29.9319","20.7592","0.9132","7.9436","15.4609","7.7503","1.5359"
"2FlipHC/uf125-08","0.1541","326.191","632723.3645","31.0663","67.507","21.4586","183.5607","9.8199","5.2124","2.011"
"2FlipHC/uf125-09","0.1463","255.2365","5983.0536","14.8701","47.0938","24.221","17.614","11.5129","175.7803","79.248"
"2FlipHC/uf125-10","0.0684","72.7026","103.3241","36.9569","77.6101","19.316","214.6522","8.6651","2.8627","0.927"
"2FlipHC/uf150-01","0.1189","217.1707","228368.4462","33.8128","105.1612","33.3789","173.1109","5.9068","201.5089","1.0944"
"2FlipHC/uf150-02","0.1289","83.7231","24.2563","34.3285","86.8339","67.9632","244.4213","310.4933","6.698","1.9807"
"2FlipHC/uf150-03","0.0888","238.8282","615876.861","133.8129","109.1242","38.7247","206.3355","242.8968","220.9892","0.8342"
"2FlipHC/uf150-04","0.1235","193.573","49569.7628","29.2347","0.204","15.1113","16.2117","8.5215","3.6104","0.8818"
"2FlipHC/uf150-05","0.071","115.9055","16.4106","91.2273","5738.8512","6.7049","7.9766","6.4545","2.3883","91.0046"
"2FlipHC/uf150-06","0.1272","1362.2893","688396.6602","211.7678","77.9605","49.4575","211.3707","12.5612","5.4702","103.0036"
"2FlipHC/uf150-07","0.0734","147.3195","79.9561","29.6396","90.7005","6.9611","216.6833","5.8023","202.8569","1.0168"
"2FlipHC/uf150-08","0.136","3044.1017","938009.856","294.0075","39.7633","49.2355","151.5592","22.0439","7.6842","2.1308"
"2FlipHC/uf150-09","0.1218","364.1615","102981.1148","276.5303","128.5207","32.3293","282.6877","18.5824","267.1268","112.0806"
"2FlipHC/uf150-10","0.1447","329.8481","102288.2038","25.5693","61.1289","11.2125","178.9628","12.2834","6.7812","111.1676"
"2FlipHC/uf175-01","0.0726","35228.6135","2328.2763","34.3158","62.1386","15.8253","174.1716","218.4318","2.8483","1.0438"
"2FlipHC/uf175-02","0.117","536059.4231","623.4551","76.9043","21.2676","37.6362","252.9851","289.5577","4.2421","1.421"
"2FlipHC/uf175-03","0.1342","291.7214","173.8653","41.2179","129.6999","54.9712","255.9629","7.6226","317.8656","101.4699"
"2FlipHC/uf175-04","0.1814","278.2705","75.4139","15.8775","12.017","32.5683","195.4305","11.2814","216.7062","74.5727"
"2FlipHC/uf175-05","0.0637","217.926","85.1806","167.8225","103.257","27.6735","223.8464","285.4206","2.1859","0.8395"
"2FlipHC/uf175-06","0.0994","6060.5303","3009.858","29.5022","91.2092","34.975","258.3359","294.2746","272.317","1.3506"
"2FlipHC/uf175-07","0.154","187.3228","10026.3926","55.1241","170.4632","31.2179","382.822","460.1886","5.1494","2.1764"
"2FlipHC/uf175-08","0.1815","13641.319","213.868","41.2255","107.4666","62.116","324.5438","395.1284","6.1694","2.6374"
"2FlipHC/uf175-09","0.061","27541.7469","19152.4511","22.9793","71.7827","13.2434","7.5367","4.1167","2.3194","0.6598"
"2FlipHC/uf175-10","0.1467","316.5327","424444.4409","23.9406","75.5178","22.3441","12.207","10.7533","6.9802","2.5153"
"2FlipHC/uf200-01","0.064","7920.6528","49.4608","29.4794","41.4445","5.7271","6.8341","105.2836","2.254","0.6445"
"2FlipHC/uf200-02","0.093","238558.5068","37126.4378","20.0602","59.7244","18.1663","10.4532","218.191","4.0232","1.2677"
"2FlipHC/uf200-03","0.14","20950.3041","152972.288","141575.6695","99.4017","35.4143","35.1956","413.9256","391.7227","141.2456"
"2FlipHC/uf200-04","0.1422","256.9595","134292.4521","189.6156","73.9451","37.2478","23.3576","230.8503","221.1622","1.8661"
"2FlipHC/uf200-05","0.0799","696839.095","16.0934","26.8453","39.953","24.6375","14.7997","9.1561","4.2224","1.195"
"2FlipHC/uf200-06","0.0778","464474.7861","141.7225","35.6178","51.4561","17.2313","273.7272","316.8954","291.9911","1.3652"
"2FlipHC/uf200-07","0.0639","136.153","256455.1897","30.6057","79.8572","27.3265","204.6598","8.6754","4.3086","1.2685"
"2FlipHC/uf200-08","0.0707","154.2022","3166.3451","33.4034","77.8078","20.0276","9.5163","192.2599","2.0326","0.6632"
"2FlipHC/uf200-09","0.078","25864.9632","63663.6803","32.6103","79.234","19.201","211.172","269.1183","3.7524","1.417"
"2FlipHC/uf200-10","0.1153","213.7934","122.552","30.2063","87.341","16.5354","4.4444","228.7517","227.0139","1.3762"
"2FlipHC/uf225-01","0.1332","491.5277","158881.9863","46.7953","153.3817","26.9631","481.7046","546.239","546.0606","3.3383"
"2FlipHC/uf225-02","0.1565","282852.5444","289782.2547","42.5635","166.7406","76.7345","466.822","24.8816","552.5347","3.8321"
"2FlipHC/uf225-03","0.0745","31350.1826","118.4598","26.5565","68.4506","17.7621","182.0145","212.0681","3.5216","1.0464"
"2FlipHC/uf225-04","0.072","172.4389","366826.6729","19.4654","58.3491","11.9836","168.4265","206.59","196.8166","1.1727"
"2FlipHC/uf225-05","0.1445","159.2833","443446.4959","37.4481","159.4174","52.8024","511.0267","25.9233","11.324","3.7496"
"2FlipHC/uf225-06","0.0654","51244.4769","795.2669","22.2787","25.8566","14.8463","125.1751","142.7394","2.7689","48.7389"
"2FlipHC/uf225-07","0.1667","248.2028","3098.0207","18.3541","55.1104","21.6507","8.8772","5.3237","5.9161","2.4611"
"2FlipHC/uf225-08","0.0546","26602.9073","69.0943","77.2572","50.3837","9.7911","10.1019","151.6676","2.1514","82.1687"
"2FlipHC/uf225-09","0.0626","10913.3227","8098.0961","17.4499","59.4336","18.2014","136.647","7.2771","158.6256","0.9136"
"2FlipHC/uf225-10","0.0872","17753.488","162.3274","34.9228","109.9379","20.442","15.7673","6.4868","368.5619","139.0611"
"2FlipHC/uf250-01","0.1445","601.5071","380.7715","103.4166","319.4955","21.3655","714.2492","812.8005","785.7229","3.5051"
"2FlipHC/uf250-02","0.0865","12559.959","107.2737","29.0349","91.3395","23.4986","243.5657","292.0411","320.0398","1.4636"
"2FlipHC/uf250-03","0.1384","212.2108","137.8705","92.6864","96.657","25.6974","191.3121","244.9114","257.5566","1.7972"
"2FlipHC/uf250-04","0.1479","674.2115","79446.5077","442.2571","61.8553","36.8552","438.9646","536.7061","590.04","3.1447"
"2FlipHC/uf250-05","0.1","213.5334","141.2083","31.4667","94.2828","17.8694","226.7914","246.6175","3.7118","1.389"
"2FlipHC/uf250-06","0.1418","254226.997","3823.7279","31.4956","157.3056","30.6314","293.9397","370.7819","350.9096","145.8348"
"2FlipHC/uf250-07","0.1138","139322.637","66.0468","30.5756","92.1669","18.9715","254.8357","8.6467","292.7088","1.5308"
"2FlipHC/uf250-08","0.1086","315.6087","1868.3309","242.0728","106.2639","39.3138","274.9487","315.6164","328.0175","1.9967"
"2FlipHC/uf250-09","0.0963","362052.9578","84.1061","31.4733","108.1928","25.4102","10.1784","8.9932","349.5582","1.6877"
"2FlipHC/uf250-10","0.1221","145.6521","97.4724","16.6863","4.7112","15.6547","193.341","232.7294","3.4344","138.6696"
"2FlipHCrs/experiment.xml","0.3098","42.8074","0.5559","35.8741","14.5302","5.7702","6.5933","4.477","0.4154","0.2427"
"2FlipHCrs/uf020-01","0.3098","65.4523","51.8176","35.8733","19.0854","5.7702","6.5933","4.4771","0.4154","0.2426"
"2FlipHCrs/uf020-02","0.3916","Inf","Inf","22.8206","185466.8723","1.987","18.1671","7.9623","0.5057","0.4911"
"2FlipHCrs/uf020-03","0.296","Inf","Inf","216377.2384","24.0742","11.4427","0.9663","3.7248","0.2294","0.2754"
"2FlipHCrs/uf020-04","0.2787","Inf","46.5457","63.2712","168.482","23.811","6.0012","0.1701","0.8608","0.298"
"2FlipHCrs/uf020-05","0.3436","72.3875","Inf","383.9619","1.1995","1.6991","5.373","2.8561","0.8028","0.2883"
"2FlipHCrs/uf020-06","0.3092","Inf","0.5032","26.7624","3.4052","4.5091","2.2411","0.2906","0.3233","0.242"
"2FlipHCrs/uf020-07","0.666","3161.4078","Inf","27.3812","25.3493","1.9741","3.2139","0.7164","0.6365","0.6081"
"2FlipHCrs/uf020-08","0.3203","8.099","6.8186","34.7811","4.6683","212.3199","448.7948","1.7612","1.5497","0.5064"
"2FlipHCrs/uf020-09","0.2596","0.6694","73.944","22.9376","12.7841","14.5029","12.0366","1.2451","0.4041","0.3164"
"2FlipHCrs/uf020-10","0.5093","11.8894","Inf","1.929","30.1437","16.0707","1.8635","0.923","3.415","0.4966"
"2FlipHCrs/uf050-01","0.1435","Inf","104.0606","150.7333","10.521","18.3497","21.1933","6.5645","15.1422","0.2351"
"2FlipHCrs/uf050-02","0.1249","167.3814","137895.8108","36.2548","33.3277","33.0108","34.5185","1.2895","7.0508","0.0766"
"2FlipHCrs/uf050-03","0.1877","191.3301","76.7728","88.5832","0.8022","32.9351","8.4716","2.7358","0.5769","0.1269"
"2FlipHCrs/uf050-04","0.1267","232.8367","92.5615","1.8228","5.1534","28.659","9.3229","8.6673","3.1352","0.3949"
"2FlipHCrs/uf050-05","0.2805","Inf","82413.5998","5.6665","3.7876","3.2505","0.3683","14.6867","1.4298","0.2352"
"2FlipHCrs/uf050-06","0.1198","145.573","33.6909","3575.6788","10.0604","36.6339","4.1721","0.5284","0.5283","0.298"
"2FlipHCrs/uf050-07","0.1488","0.7625","2.3911","33.6722","0.6022","353.4955","5.1988","6.9363","0.3824","0.3587"
"2FlipHCrs/uf050-08","0.1214","Inf","57.6929","8.1717","11.9149","45.4238","20.9262","16.9343","0.7565","0.5243"
"2FlipHCrs/uf050-09","0.1734","Inf","143.3438","26454.0035","29.2546","32.3993","16.2921","10.0712","0.4186","0.6712"
"2FlipHCrs/uf050-10","0.1906","1.2674","116.7874","701.6438","1.6609","3.8734","17.4054","8.8954","0.1342","0.1977"
"2FlipHCrs/uf075-01","0.1197","108.1023","442.6196","4.1044","77.2303","18.1387","21.3178","11.2662","0.4995","0.3946"
"2FlipHCrs/uf075-02","0.1238","238.422","6543.8171","2.8039","85.0862","1426.2938","30.0114","8.3278","4.2765","0.8267"
"2FlipHCrs/uf075-03","0.0768","275.3236","156.3851","36.2039","42.7333","78.7184","6.981","4.4701","0.0883","0.5024"
"2FlipHCrs/uf075-04","0.0946","3.7671","1270.3971","12.0632","1239.9012","10.3267","77.6345","10.9892","3.2613","0.719"
"2FlipHCrs/uf075-05","0.121","3.2133","152793.7753","186.9429","15.4403","10.6967","57.9687","7.023","5.1876","0.8876"
"2FlipHCrs/uf075-06","0.0855","216.1715","19.8925","4.0163","14.2319","210.6207","7.497","0.1097","0.9045","0.3993"
"2FlipHCrs/uf075-07","0.1003","8.7153","98.922","11.1165","724.8782","21.9341","12.1461","49.3049","39.7358","0.8067"
"2FlipHCrs/uf075-08","0.101","6.3525","268739.4962","195.052","26.9954","0.404","23.145","70.3679","0.5962","0.7832"
"2FlipHCrs/uf075-09","0.1439","270.7773","20.3298","5.3817","1.9614","81.5837","11.2162","11.7828","3.1772","0.5426"
"2FlipHCrs/uf075-10","0.1375","177.5038","32.658","18156.7157","67.3557","30.5194","17.3822","16.482","1.6759","0.3434"
"2FlipHCrs/uf100-01","0.086","300.7994","39.1802","3.878","87.72","61.183","34.2887","68.1189","51.4809","1.436"
"2FlipHCrs/uf100-02","0.0827","204.6304","161.2701","23.6469","56.2589","2.1274","0.1099","140.4149","3.4823","1.1789"
"2FlipHCrs/uf100-03","0.1059","296.1687","5.4722","213.3472","138.9219","1265.929","34.9501","13.8777","5.5249","1.3043"
"2FlipHCrs/uf100-04","0.0999","110.5733","323236.2391","4.9395","12.0391","58.8467","50.4646","56.0739","4.3613","1.449"
"2FlipHCrs/uf100-05","0.0649","14.324","10.6869","232.8224","38.264","28.121","20.8412","69.5588","3.7673","0.055"
"2FlipHCrs/uf100-06","0.1203","276.9901","1.4498","8.2545","3.0841","580.572","333.1749","5.7367","4.5072","10.0908"
"2FlipHCrs/uf100-07","0.1122","345.3991","69648.8281","256.9038","8.563","22.3604","38.4043","7.143","2.5593","0.6322"
"2FlipHCrs/uf100-08","0.0803","243.9921","13055.4452","14.166","48.8918","5.4841","103.1156","115.0542","3.461","0.9738"
"2FlipHCrs/uf100-09","0.0846","70857.2428","45389.1162","29.8412","53.1159","45.5843","10.9875","9.9198","3.3023","0.9635"
"2FlipHCrs/uf100-10","0.0958","304.1005","437.7621","3.2242","84.0054","60.0018","76.5358","19.1089","6.0636","1.4483"
"2FlipHCrs/uf125-01","0.0793","33506.5726","550019.032","9.147","229.6836","55.6914","84.2366","17.0735","6.006","16.5734"
"2FlipHCrs/uf125-02","0.0744","5.4321","53327.2219","29.8627","116.8457","62.8206","32.8438","18.6679","8.1684","19.9752"
"2FlipHCrs/uf125-03","0.0932","55109.1313","556.5967","1.5671","24.1646","59.7272","56.9957","15.3471","48.257","11.4828"
"2FlipHCrs/uf125-04","0.1016","10819.5675","75010.987","20.3191","10.693","45.8254","38.1585","14.4064","8.0247","2.2301"
"2FlipHCrs/uf125-05","0.0827","385.9221","154328.0939","19.3846","62.8438","43.8139","27.1108","11.797","6.9732","1.4835"
"2FlipHCrs/uf125-06","0.0799","418.5165","18030.0088","39725.2461","57.4318","64.847","118.2973","132.6203","3.5044","1.7463"
"2FlipHCrs/uf125-07","0.0895","403.2709","6485.3113","4.2633","31.8326","28.9572","12.2206","7.3251","5.2701","1.0601"
"2FlipHCrs/uf125-08","0.087","283.541","1296.7498","7.9887","31.2729","4.4363","17.6783","7.4839","4.0821","0.9865"
"2FlipHCrs/uf125-09","0.0878","358.3208","25.1483","1.9772","15.0141","67.5301","76.9225","26.9852","7.7755","1.6708"
"2FlipHCrs/uf125-10","0.0761","9660.2976","8.4186","7.6727","29.6702","3866.6843","107.7284","15.5231","8.3894","1.5811"
"2FlipHCrs/uf150-01","0.0853","20.3954","392164.6524","307.2061","12.8897","5.5715","61.9675","20.8981","8.6763","2.123"
"2FlipHCrs/uf150-02","0.0982","21.3585","16823.9534","367.6834","13886.8839","8.6127","31.5638","21.7388","98.7764","3.1262"
"2FlipHCrs/uf150-03","0.0639","198892.4375","15745.091","14.7587","67.5348","19.2161","164.5069","22.9384","8.8418","1.9568"
"2FlipHCrs/uf150-04","0.0939","459.6381","33130.7405","8168.2181","19.5117","37.0623","27.2124","90.6164","8.3623","2.4451"
"2FlipHCrs/uf150-05","0.1111","78.8905","14784.4345","3.5634","65.1348","77.2042","52.4586","161.1558","12.4597","3.4459"
"2FlipHCrs/uf150-06","0.0704","484.4231","298.7508","3.0048","22.5406","11.0843","34.829","77.2472","5.4501","1.7153"
"2FlipHCrs/uf150-07","0.0871","416.8262","232.6095","30.4048","60.231","0.7299","15.8132","13.885","8.6744","2.5887"
"2FlipHCrs/uf150-08","0.0945","453.2732","21.0246","3528.4928","69.1005","42.8391","0.185","16.9437","8.9509","1.5124"
"2FlipHCrs/uf150-09","0.059","400.171","433838.5623","54.1283","89.6953","72.9423","22.2717","159.8061","6.3107","1.6709"
"2FlipHCrs/uf150-10","0.0689","106.8783","205293.5039","5.6832","34.8123","47.6393","43.2304","109.0107","10.6742","2.2"
"2FlipHCrs/uf175-01","0.0659","347.3815","250.6933","18.8","109.1307","65.0843","168.4267","18.5955","135.3816","2.2184"
"2FlipHCrs/uf175-02","0.0763","170784.0232","173051.2084","257.9504","62.5413","220.9412","185.7102","195.6251","8.6577","2.6336"
"2FlipHCrs/uf175-03","0.0621","544.1659","423.4878","14.179","168.2509","134.1868","50.444","23.309","10.3941","2.5059"
"2FlipHCrs/uf175-04","0.0625","445.7731","13266.1178","21.4669","58.438","80.0832","159.1667","181.9263","11.2048","2.7172"
"2FlipHCrs/uf175-05","0.038","535833.4291","15649.0819","22.4355","67.4044","11.0897","15.0001","6.1623","3.8409","1.1879"
"2FlipHCrs/uf175-06","0.0763","408.7237","12736.5589","282.4688","64.6458","72.6484","183.1073","198.3234","176.7928","39.4946"
"2FlipHCrs/uf175-07","0.0647","818.3406","62946.8931","8.3898","11849.2351","0.2116","150.9632","32.9684","11.2057","2.3639"
"2FlipHCrs/uf175-08","0.0699","45.9677","42614.7841","435.7457","47.2565","50.5043","42.8933","160.5","10.6388","34.8341"
"2FlipHCrs/uf175-09","0.0273","219.7509","123686.3249","10.5363","33.7524","18.5308","103.928","106.9011","85.7897","0.8873"
"2FlipHCrs/uf175-10","0.0831","904287.0247","181120.5585","37780.6934","77.6019","46.7681","49.4913","33.323","155.4664","3.2589"
"2FlipHCrs/uf200-01","0.0373","331.9489","23645.6995","13.6584","66.1002","60.1725","36.5529","134.2561","4.7453","1.3779"
"2FlipHCrs/uf200-02","0.0623","71.7184","476824.467","55.0595","108.6644","84.5011","45.8153","20.9526","143.7992","2.6818"
"2FlipHCrs/uf200-03","0.0811","23.7701","4543.3744","5.6805","41.8847","1.5659","50.5652","147.3532","158.6858","2.0032"
"2FlipHCrs/uf200-04","0.0939","11.4285","181054.4858","2827.2513","138.5983","95.9393","240.3364","15.0828","221.0572","4.2153"
"2FlipHCrs/uf200-05","0.0388","147150.3343","188.3584","9.0096","147.8725","53.2253","28.7048","121.6552","5.396","1.4044"
"2FlipHCrs/uf200-06","0.0342","87626.0568","99224.5314","17536.6126","42.7683","11.4108","129.781","16.2226","6.2665","1.4459"
"2FlipHCrs/uf200-07","0.0778","2730.9413","32683.1117","123.0628","132.962","42.5148","48.6854","29.2146","192.057","59.9004"
"2FlipHCrs/uf200-08","0.0411","232682.6243","151.8343","38277.417","66.4116","71.7142","133.2909","17.5535","118.6794","2.0669"
"2FlipHCrs/uf200-09","0.0613","970823.5749","23407.7483","399.435","119.1157","49.207","44.0992","27.419","10.7808","2.4483"
"2FlipHCrs/uf200-10","0.0769","42871.7761","0.6931","20.8883","129.0257","43.914","42.9364","197.9139","10.2798","38.3993"
"2FlipHCrs/uf225-01","0.0746","5397.9235","1099780.617","29.257","88.0055","58.1464","60.0712","22.8859","14.8189","4.1965"
"2FlipHCrs/uf225-02","0.07","20169.0376","159.8927","10.6832","43.7889","101.4974","33.4316","35.2242","154.3388","3.9507"
"2FlipHCrs/uf225-03","0.0383","243.4709","28273.0554","11.1491","62.5552","63.6987","32.539","142.1486","6.7157","1.9888"
"2FlipHCrs/uf225-04","0.0413","37330.8731","727.9013","261.3344","48.8852","33.4408","40.3323","124.6755","7.4389","1.728"
"2FlipHCrs/uf225-05","0.0695","39922.7575","226879.1494","17.2772","93.7133","25.5837","60.9554","259.1202","189.1745","55.2587"
"2FlipHCrs/uf225-06","0.0544","403.7823","67266.8461","10.8364","76.3922","46.8042","41.2136","180.6867","130.1187","2.5313"
"2FlipHCrs/uf225-07","0.0744","3877.4917","77649.9652","21.0611","78.5444","97.7238","141.1258","174.3152","8.769","3.6146"
"2FlipHCrs/uf225-08","0.0352","5897.3214","97681.8814","211.7235","56.6941","26.1512","27.5662","145.1645","112.068","1.6837"
"2FlipHCrs/uf225-09","0.0332","846133.0003","146.792","19.8737","90.7476","49.8774","24.4338","151.6231","7.394","22.5055"
"2FlipHCrs/uf225-10","0.0421","22.455","1185517.2474","12.704","38.9158","41.9401","152.8345","167.9995","138.6734","1.9428"
"2FlipHCrs/uf250-01","0.0735","623.4971","714.528","5.4909","179.3579","132.5848","78.4188","263.2471","223.9723","5.9328"
"2FlipHCrs/uf250-02","0.0291","148402.0127","123.9301","4942.2456","75.5404","43.6927","29.4481","138.9358","7.2109","20.8325"
"2FlipHCrs/uf250-03","0.0478","1069961.9154","773.3541","22.3322","74.6835","47.327","205.3033","213.3038","165.8002","39.5942"
"2FlipHCrs/uf250-04","0.0815","660.5866","94684.5875","603.4297","40.5361","122.647","71.5927","190.5087","16.7943","5.178"
"2FlipHCrs/uf250-05","0.0478","43428.4742","278.3603","33.8751","61.8345","65.6981","27.1786","159.1488","132.1976","2.0519"
"2FlipHCrs/uf250-06","0.093","332464.7489","189836.5104","119.594","213.7498","128.0944","63.6233","281.8515","230.4588","61.3039"
"2FlipHCrs/uf250-07","0.0262","339.6155","203.2122","258.647","223.8251","50.1849","40.2711","141.8041","107.7701","1.7105"
"2FlipHCrs/uf250-08","0.085","48.767","245336.5711","13351.283","105.7892","84.8643","265.3248","288.9267","15.6043","76.1948"
"2FlipHCrs/uf250-09","0.0728","510.8961","404.9197","199386.43","87.1687","91.3747","52.0517","233.0216","13.0262","41.7226"
"2FlipHCrs/uf250-10","0.0697","14.1151","68201.2869","22.198","6.0666","74.5747","245.2346","232.8106","12.3832","43.5372"
"mFlipHC/experiment.xml","0.3502","54.8713","Inf","37.675","2.8403","9.7842","6.9819","1.5762","0.7883","0.4135"
"mFlipHC/uf020-01","0.3502","52.6198","Inf","37.6688","2.841","10.5837","6.9819","1.5762","0.7883","0.4135"
"mFlipHC/uf020-02","0.5743","Inf","Inf","17.9058","1.9368","1.6734","3.4315","0.7145","1.0431","0.7446"
"mFlipHC/uf020-03","0.6039","55.557","27.8048","21.6165","19.2484","60476.701","28.5999","2.8761","0.8744","0.7056"
"mFlipHC/uf020-04","0.4205","35.2553","7.6934","2224.678","40.1869","1.2739","128.5794","2.0634","0.9916","0.5835"
"mFlipHC/uf020-05","0.411","Inf","31.2112","24.1694","20.111","12.1948","0.6787","0.2551","0.3159","0.3888"
"mFlipHC/uf020-06","0.387","2.1362","0.5631","37.5441","2.0099","6.6352","6.5985","1.9611","0.6496","0.4445"
"mFlipHC/uf020-07","0.4502","Inf","13.4103","41.8776","8.4502","18.6174","11.222","1.7029","0.9085","0.5267"
"mFlipHC/uf020-08","0.4204","106.0699","46.287","6.1375","399.724","38110.8466","2.0794","52.2427","0.6695","0.6048"
"mFlipHC/uf020-09","0.3246","1.6753671966173e+21","0.5781","240388.0841","85.2391","1764.3576","0.2803","2.6905","1.2908","0.4714"
"mFlipHC/uf020-10","0.5376","26.1062","0.6157","18.2817","22.1178","15223.6538","17.1536","1.8554","1.5188","0.6097"
"mFlipHC/uf050-01","0.2436","98.9126","18.7499","10932.1508","37.4809","11.3855","92.4231","1.6596","2.27","0.5764"
"mFlipHC/uf050-02","0.2348","Inf","95.0927","76.4263","116.5311","25681.7685","248.6228","269.6565","1.0711","0.5474"
"mFlipHC/uf050-03","0.4212","174.9811","124.6672","5297.4124","0.5284","15.8624","19.2724","132.031","0.3146","0.8228"
"mFlipHC/uf050-04","0.2391","46.6463","71.3482","77340.0747","35.9222","9.5841","5.6826","5.0363","1.3926","0.3492"
"mFlipHC/uf050-05","0.3112","Inf","19.4055","62.1718","3.3138","7.3294","2.8013","7.2168","1.0453","0.2862"
"mFlipHC/uf050-06","0.1645","8200.8155","21.6956","44.8024","72.8576","3.296","111.3141","136.5159","0.5295","0.2011"
"mFlipHC/uf050-07","0.1937","151.1318","22.346","30.3985","67.0308","6.0356","133.5366","1.8573","1.7787","0.2441"
"mFlipHC/uf050-08","0.2548","Inf","93.3861","262435.9276","79.1649","15.2312","241.0342","5.6505","2.1958","0.5472"
"mFlipHC/uf050-09","0.1842","0.6916","65.4545","37.0549","35.8143","3904.5077","82.9468","92.1118","97.0312","0.2562"
"mFlipHC/uf050-10","0.3278","Inf","29.1228","89.172","70.3387","13.9907","8.5435","3.5856","0.4332","0.3422"
"mFlipHC/uf075-01","0.2277","45.6042","6567.8061","58.9025","25.9225","9.9278","54.8329","75.2795","0.4548","0.7858"
"mFlipHC/uf075-02","0.2888","254.2411","121.8632","30.4602","59.5319","17.6119","2.3895","9.0297","3.7924","0.8409"
"mFlipHC/uf075-03","0.142","47.7353","73.2151","20.8747","68.4415","10.6958","135.6157","5.0752","1.954","0.5236"
"mFlipHC/uf075-04","0.0942","81.7872","1683.2809","63.7901","77.0102","9.2116","18.7041","4.0024","1.4807","0.3246"
"mFlipHC/uf075-05","0.1328","34.9613","64.4092","24.5428","59.1849","13.2503","13.8264","4.7585","1.4653","0.3479"
"mFlipHC/uf075-06","0.114","33.6848","70.4049","49.4778","79.7015","3.9057","210.0432","3.6711","2.1349","0.3481"
"mFlipHC/uf075-07","0.1541","24.9044","113.7268","109.9345","42.8199","2.0827","0.1389","2.8879","2.3909","0.5402"
"mFlipHC/uf075-08","0.1557","13.0231","99.3806","46.3563","87.9811","6.1078","244.7455","266.1129","2.4986","0.5285"
"mFlipHC/uf075-09","0.2867","27.8699","256439.185","157876.7958","101.6136","46.9482","192.5088","217.092","5.5394","0.2742"
"mFlipHC/uf075-10","0.2124","98.2088","194370.6178","174.691","10.3335","1.2602","21.3874","115.1923","2.9054","0.4725"
"mFlipHC/uf100-01","0.1502","91.6135","3767.9531","24.6845","113.5988","25.8385","131.4192","10.2803","3.2978","0.9142"
"mFlipHC/uf100-02","0.0967","177.4383","65898.6948","58.0153","133.1211","15.2107","361.3853","332.5817","333.7658","0.938"
"mFlipHC/uf100-03","0.1474","50.21","149.6334","25.3685","34709.9879","7.3039","235.3835","11.3512","4.284","0.9221"
"mFlipHC/uf100-04","0.1378","177.4747","49.3754","40.5321","6.4384","21.1788","172.0674","190.2704","197.8643","0.3895"
"mFlipHC/uf100-05","0.0797","40.3759","72.5151","27.6115","10408.8118","16.185","13.4512","6.2532","3.0996","0.4117"
"mFlipHC/uf100-06","0.261","349.7763","3764.2389","46.1587","15.6063","17.4722","39.1354","17.8161","62.3966","0.739"
"mFlipHC/uf100-07","0.1487","216.1681","917.2589","32.3811","63.4255","26.7002","160.4126","193.0565","4.0477","0.8898"
"mFlipHC/uf100-08","0.0763","98.8923","20796.0379","75.7515","55.9587","7.8501","155.9177","4.8539","152.7868","0.2877"
"mFlipHC/uf100-09","0.1158","12.0786","59.9373","64.9019","49.4313","9.4925","107.4545","3.5783","1.9224","0.4373"
"mFlipHC/uf100-10","0.107","37.7367","494780.8938","49.3905","1.3935","11.6066","8.1306","3.9167","1.6386","83.1578"
"mFlipHC/uf125-01","0.1253","102.7873","166.2666","39.1155","39.0949","34.3582","179.4837","226.2834","3.5626","0.5655"
"mFlipHC/uf125-02","0.1256","51.1538","22.0343","21.0254","59.5978","25.6491","12.1263","6.1637","3.5155","1.0308"
"mFlipHC/uf125-03","0.1699","654.9083","482438.8576","243.2887","110.2588","19.6966","392.8931","13.8761","7.8829","1.8477"
"mFlipHC/uf125-04","0.1206","86.787","153.347","34.2985","86.1774","16.4734","16.3817","3.9215","3.8497","1.1272"
"mFlipHC/uf125-05","0.138","217.5102","291005.7589","20.4587","76.1084","42.3685","251.8159","15.4063","6.4504","1.5922"
"mFlipHC/uf125-06","0.154","89559.814","375561.0616","29.9973","13.9447","37.4755","30.3761","286.0124","269.1353","112.638"
"mFlipHC/uf125-07","0.1233","377.9199","19011.3319","38.4281","94.4083","8.9301","259.2465","19.1313","289.0948","1.5903"
"mFlipHC/uf125-08","0.1381","280.3063","298223.9601","43.2925","113.6037","25.6579","17.808","277.7164","268.1957","0.959"
"mFlipHC/uf125-09","0.1785","63.0267","26906.3377","245.2238","2880.1332","43.7766","29.2474","213.1894","222.0202","1.8051"
"mFlipHC/uf125-10","0.1073","52.9315","84.2756","36.9494","87.7858","26.7074","13.1483","4.7868","2.4437","0.8127"
"mFlipHC/uf150-01","0.107","286.0605","787671.0827","26.5893","60.8207","46.3672","212.9623","12.3301","259.1055","1.6796"
"mFlipHC/uf150-02","0.1591","63572.0318","5324.9605","32.5128","178.9624","34.442","28.0687","16.4997","323.3761","1.8587"
"mFlipHC/uf150-03","0.0558","188.6526","67668.6229","46.1217","114.9384","23.9187","104.4743","292.5354","2.7639","0.716"
"mFlipHC/uf150-04","0.1115","213.1746","146.7287","36.4906","19.4598","14.2956","10.7352","4.7999","238.5228","79.7459"
"mFlipHC/uf150-05","0.0767","137.5566","32808.2469","86.6771","58.0393","22.6438","159.2113","7.9959","2.592","0.6869"
"mFlipHC/uf150-06","0.1267","270.1553","219011.4453","32.4162","95.1001","43.7633","231.8142","8.1619","303.3993","1.6282"
"mFlipHC/uf150-07","0.1149","74.663","125.8346","39.0147","117.646","22.5178","267.1226","11.5437","3.8506","1.3239"
"mFlipHC/uf150-08","0.1365","1116952.9989","339.1084","375.5963","39.8196","29.7124","249.775","285.6323","12.1723","2.1286"
"mFlipHC/uf150-09","0.1319","365.8198","258.9363","36.6599","62.608","52.3021","37.456","20.8002","332.1202","2.3218"
"mFlipHC/uf150-10","0.1215","58.2139","92057.3351","251.1617","25884.7758","39.885","222.8852","229.2291","262.9457","1.2141"
"mFlipHC/uf175-01","0.0535","196288.2763","854.657","38.6296","118.5149","19.842","14.0346","7.0067","258.0265","0.8606"
"mFlipHC/uf175-02","0.0893","207.3013","126079.8941","37.1289","103.6849","24.6992","18.9694","309.4059","280.2328","1.16"
"mFlipHC/uf175-03","0.1125","2870.5966","107788.5053","46.2517","127.3201","44.9433","36.6029","407.2952","388.2968","2.1852"
"mFlipHC/uf175-04","0.1239","33269.2573","2849.8486","55.1297","122.9716","28.6584","19.8629","5.0743","319.2014","1.34"
"mFlipHC/uf175-05","0.0713","37766.0142","136056.7705","39.5374","126.9609","35.5315","265.5053","11.3349","321.7093","196.8882"
"mFlipHC/uf175-06","0.0966","193.1124","166735.1006","46.3854","115.2798","16.6287","13.36","12.9938","4.9883","1.5499"
"mFlipHC/uf175-07","0.1604","478.3335","5463.2031","51.5864","165.5718","40.8504","537.3072","18.865","8.7173","3.4425"
"mFlipHC/uf175-08","0.145","68729.9318","290980.0843","59.2846","14.9965","55.5987","446.4493","14.9887","541.4731","251.7468"
"mFlipHC/uf175-09","0.0803","100601.2107","325746.9916","29.8093","89.5245","28.9661","21.4922","10.7618","4.2402","1.1979"
"mFlipHC/uf175-10","0.1729","285.3146","319056.5718","28.0768","90.6393","42.8599","275.1855","317.0498","7.1063","2.2291"
"mFlipHC/uf200-01","0.0771","205.4541","103.514","136.7583","69.4708","19.4271","249.3941","276.4613","237.8149","1.4647"
"mFlipHC/uf200-02","0.0464","4002.9801","118911.4207","20.3217","54.4445","8.7976","121.286","4.6501","1.8672","0.4375"
"mFlipHC/uf200-03","0.1196","1400540.115","80745.1308","93.7753","68.1556","69.1951","35.9871","17.5436","9.712","2.5674"
"mFlipHC/uf200-04","0.1538","237.0134","46442.0612","19.7763","5.5533","30.0418","242.2078","9.8912","276.7259","2.1575"
"mFlipHC/uf200-05","0.074","105.7923","3818.6544","16.6456","8.1153","13.3868","143.7585","3.9319","2.418","0.568"
"mFlipHC/uf200-06","0.0673","162352.4771","490764.2413","45.4814","35.1224","26.6121","287.6245","311.0922","2.7745","0.8751"
"mFlipHC/uf200-07","0.0963","48973.2595","99.3143","25.4776","1.1424","29.1051","19.1291","8.1964","263.6843","1.1525"
"mFlipHC/uf200-08","0.0772","185281.0835","142.391","129.6152","87.5698","19.1354","268.4087","298.6797","2.9323","1.0331"
"mFlipHC/uf200-09","0.0764","210.6771","39410.6363","57.4374","147.2292","29.8949","19.2787","11.0508","300.4567","173.2783"
"mFlipHC/uf200-10","0.0959","30954.573","347503.5088","38.062","124.111","27.8585","313.2818","345.0717","314.1007","1.335"
"mFlipHC/uf225-01","0.1497","330.7021","44.0559","39.5308","147.2116","52.6788","436.9294","13.3649","7.2258","198.6999"
"mFlipHC/uf225-02","0.1322","647098.289","204.2795","38.1679","169.7281","91.8218","476.6186","575.2519","11.4685","367.6632"
"mFlipHC/uf225-03","0.0751","155927.036","34645.0418","41.0405","142.4051","33.2447","310.6433","9.8009","349.1924","1.2408"
"mFlipHC/uf225-04","0.0745","25807.796","94.9873","37.747","129.5727","30.1788","21.2444","11.2215","3.9623","176.0609"
"mFlipHC/uf225-05","0.1165","104972.4908","12394.9619","68.0788","226.2364","72.244","50.4319","613.8888","9.9724","2.1219"
"mFlipHC/uf225-06","0.0998","703.9359","35217.1178","11.8821","2.6398","16.8587","149.9846","170.3979","3.2618","105.0476"
"mFlipHC/uf225-07","0.138","254089.3435","230.7662","42.8502","152.4823","47.4389","399.4868","455.7338","8.6099","214.8904"
"mFlipHC/uf225-08","0.0939","123.7998","25.8619","24.0979","33.179","24.9038","188.9671","6.9456","221.067","142.6413"
"mFlipHC/uf225-09","0.0556","89.4235","7112.3862","14.3448","47.3115","13.6063","111.3885","3.115","2.064","0.6424"
"mFlipHC/uf225-10","0.0698","118.3256","4762.9216","40.2777","120.5756","37.6251","25.9382","332.5304","6.2615","1.5283"
"mFlipHC/uf250-01","0.1388","735.7673","1198.4337","102.8709","329.0928","124.5558","69.3577","977.2896","906.1181","3.8377"
"mFlipHC/uf250-02","0.1027","308.4181","31999.5718","37.3793","126.9501","33.2826","403.1105","465.1648","7.9513","2.5961"
"mFlipHC/uf250-03","0.0872","212108.855","264038.918","35.5377","128.7418","33.7554","344.8211","355.9145","364.0681","1.7748"
"mFlipHC/uf250-04","0.1372","993237.1678","274.5344","77.2376","257.6703","98.7407","76.6142","778.2017","13.9607","4.1463"
"mFlipHC/uf250-05","0.062","78.8144","5.9388","5781.8526","59.2508","18.2172","141.2045","163.5437","163.158","0.8524"
"mFlipHC/uf250-06","0.1112","308.2222","184347.3764","53094.353","9.6594","39.8444","314.4435","15.1459","402.6455","2.1025"
"mFlipHC/uf250-07","0.093","105872.1037","3347.0437","33.825","121.2866","10.1603","16.0155","8.3895","324.6517","1.4758"
"mFlipHC/uf250-08","0.1389","407.5291","179.5873","18.9119","161.3345","47.3594","417.4025","18.6693","8.5971","2.813"
"mFlipHC/uf250-09","0.078","201.9331","121.1683","36.3115","19.3918","35.8035","21.2504","276.7347","267.9165","1.2203"
"mFlipHC/uf250-10","0.1219","37701.1325","205.1869","52.9511","180.891","44.6462","515.6289","17.8015","9.1664","3.1304"
"mFlipHCrs/uf020-01","0.304","71.4305","42.0103","20.5256","42.4667","6.9306","0.5427","1.0695","0.5735","0.2833"
"mFlipHCrs/uf020-02","0.7125","23.7803","Inf","27.4268","1.6506","13.2017","8.2387","2.7977","1.2058","0.7636"
"mFlipHCrs/uf020-03","0.3599","Inf","56.6424","30.0229","27.2631","9.8456","7.376","1.859","0.75","0.2935"
"mFlipHCrs/uf020-04","0.3348","6.5875","Inf","49454.0087","1.7348","12.1187","7.9654","1.5097","0.6712","0.2861"
"mFlipHCrs/uf020-05","0.4055","Inf","1.3878","70169.4216","1.5845","13.926","11.1106","0.3253","0.3417","0.3479"
"mFlipHCrs/uf020-06","0.3088","70.0471","84.6215","21.1119","2.9114","9.447","6.0551","0.5865","1.0505","0.4159"
"mFlipHCrs/uf020-07","0.3448","59.4667","39.7388","31.5427","1.3014","588.9678","4.6836","28.5619","1.8328","0.3078"
"mFlipHCrs/uf020-08","0.3209","Inf","Inf","16.1983","9.2808","5.3316","5.3885","0.3519","1.1671","0.2879"
"mFlipHCrs/uf020-09","0.2811","Inf","0.6346","12.423","3.4686","4.9033","4.6234","11.1333","0.8885","0.2766"
"mFlipHCrs/uf020-10","0.4047","Inf","0.63","29.6747","12.923","2.8503","0.8635","2.3121","0.2949","0.3922"
"mFlipHCrs/uf050-01","0.174","122.9919","10.4336","503.6914","250.0927","15.2694","1.1669","5.1264","11.4751","0.3709"
"mFlipHCrs/uf050-02","0.1355","116.964","6.8119","10588.7206","84.9754","18.0972","2.4145","0.0949","1.6809","0.2594"
"mFlipHCrs/uf050-03","0.2732","3.5382","49.5266","54.817","1.5239","28.0934","22.2731","5.0396","0.316","0.2124"
"mFlipHCrs/uf050-04","0.1379","199.9564","101.5536","849.595","50.9563","33.6781","8.957","3.6674","2.2035","0.3383"
"mFlipHCrs/uf050-05","0.4109","Inf","41.3463","55.9641","1.7477","21.8994","4.8054","10.4993","4.0717","0.4697"
"mFlipHCrs/uf050-06","0.1187","51.7414","744452.2286","72.469","16.5953","23.9613","15.3378","29.5945","0.1372","0.0917"
"mFlipHCrs/uf050-07","0.1859","149.5357","109.3698","123.4035","2.514","20.0536","13.0079","7.5078","1.0907","0.6482"
"mFlipHCrs/uf050-08","0.1695","20.8107","1.814","158.9377","4.2742","7.2973","4.6403","0.178","1.0354","0.3435"
"mFlipHCrs/uf050-09","0.1497","16.9171","67.1221","18.3658","8.1347","2.523","5.9852","1.55","0.0919","0.2102"
"mFlipHCrs/uf050-10","0.2228","19.6644","101.5299","1700.763","4336.1959","16.8448","19.083","6.7673","0.5342","0.9088"
"mFlipHCrs/uf075-01","0.1993","244.8747","153.3234","1.4457","189.0723","137.4191","12.7641","12.7804","3.1237","0.1965"
"mFlipHCrs/uf075-02","0.1347","242.7831","173.4713","167.8301","2.1988","23.3935","27.1967","8.0787","19.9817","0.6912"
"mFlipHCrs/uf075-03","0.111","151.3962","12.666","8.0605","39.7702","19.7338","25.5091","102.5148","5.984","1.1068"
"mFlipHCrs/uf075-04","0.1237","31.698","102.8513","31.7309","0.9797","26.3859","21.9734","10.7625","59.5934","0.8023"
"mFlipHCrs/uf075-05","0.1012","287.9934","698.2489","8.345","40.0673","44.8031","17.6794","5.95","3.0527","0.6457"
"mFlipHCrs/uf075-06","0.1341","10.1499","14.3434","6.0323","181673.0906","0.3176","30.5973","15.9158","5.6714","0.4436"
"mFlipHCrs/uf075-07","0.0962","268.9162","171.0563","8.6356","24.3349","37.4754","56.8594","10.4409","2.2909","0.5681"
"mFlipHCrs/uf075-08","0.1386","8.7221","51.037","188.106","35.0478","41.6606","70.3529","4.1266","78.305","0.2859"
"mFlipHCrs/uf075-09","0.1146","5.9843","895.8574","1.2504","4.7029","42.8119","15.6054","6.5161","12.131","0.0769"
"mFlipHCrs/uf075-10","0.1423","2.4755","17.2619","8.5946","2.1465","7.4816","10.9009","2.991","16.2073","1.0814"
"mFlipHCrs/uf100-01","0.1043","286.2166","522618.654","37.8156","17.4044","60.6853","51.9559","53.7673","1.2853","1.1408"
"mFlipHCrs/uf100-02","0.0869","300.8802","3509.6006","39.4325","56.9717","4877.4189","23.8838","13.7375","5.3088","0.8229"
"mFlipHCrs/uf100-03","0.1123","343.7499","2474.1872","29.7387","99.8916","23.1787","15.6498","66.0006","1.499","1.1594"
"mFlipHCrs/uf100-04","0.0938","294.668","282841.3212","2.603","82.4002","34.6142","49.6143","51.501","6.489","1.0558"
"mFlipHCrs/uf100-05","0.1017","263.1886","191.8841","13.865","51.2286","17.9018","22.582","101.0952","108.2919","0.4507"
"mFlipHCrs/uf100-06","0.2129","604.5499","124.0059","249.7571","44.1128","828.8727","16.2584","10.39","4.3673","0.5863"
"mFlipHCrs/uf100-07","0.0977","128523.8595","300177.652","6.645","3.3367","41.1683","23.7505","15.4152","7.8456","9.6433"
"mFlipHCrs/uf100-08","0.0853","58.8092","489.8887","33.0974","121.9095","2601.0655","144.2431","7.66","4.0891","42.8298"
"mFlipHCrs/uf100-09","0.077","168.6289","26072.6461","37.7717","61.4021","21.8964","14.2538","4.7383","0.1386","0.4725"
"mFlipHCrs/uf100-10","0.1038","330.4253","374510.355","17.9979","3943.6378","54.8803","90.3734","2.5791","4.9354","1.7293"
"mFlipHCrs/uf125-01","0.0763","180.4196","517733.5627","93.6244","68.4377","78.5036","48.9361","22.1818","90.5841","25.9711"
"mFlipHCrs/uf125-02","0.0866","371.3177","15272.0688","25.1192","79.8407","81.7111","35.5716","19.1294","8.1456","1.7666"
"mFlipHCrs/uf125-03","0.1261","23.9141","117.7119","2.4018","7.524","50.1568","24.4083","48.2382","7.9692","14.9965"
"mFlipHCrs/uf125-04","0.1148","38.7142","24.6315","4.3287","15.7339","82.2369","32.4346","26.0808","73.364","0.9835"
"mFlipHCrs/uf125-05","0.0992","89.9766","146.462","4.0201","241.3986","70.6535","27.5995","14.1173","78.995","2.1203"
"mFlipHCrs/uf125-06","0.0824","321.079","268.1056","10.0139","24.891","41.2989","43.1888","20.5985","7.8753","1.4776"
"mFlipHCrs/uf125-07","0.1226","361.2385","13012.5499","5840.7978","2.2636","43.3089","32.7316","10.7869","4.0205","0.3288"
"mFlipHCrs/uf125-08","0.0898","346.7501","15.1236","3.5771","14.6658","0.8551","60.2383","18.6586","51.8952","1.3697"
"mFlipHCrs/uf125-09","0.1115","815340.5154","180.4723","7.9112","130.7316","61.796","57.9393","64.0903","8.2187","1.5136"
"mFlipHCrs/uf125-10","0.0835","382.8254","228.7866","101.5511","28.6874","43.9622","32.9133","17.3178","7.4834","1.8716"
"mFlipHCrs/uf150-01","0.0711","2190210.3879","4863.1222","3.7573","19880.5052","30.3208","31.4631","27.5621","40.4744","1.1992"
"mFlipHCrs/uf150-02","0.083","203.0628","1.7702","136543.4684","43.4411","81.9339","49.7209","117.2424","12.7369","2.2476"
"mFlipHCrs/uf150-03","0.067","509.8084","137607.6223","67.3816","135.5991","96.5532","50.1675","23.1841","5.0569","1.4082"
"mFlipHCrs/uf150-04","0.1117","193.7428","5804.6327","3.7023","28.9091","52.8549","36.7968","19.7486","53.4191","1.1111"
"mFlipHCrs/uf150-05","0.0901","109167.6654","351161.9697","26.8361","292.2187","59.9154","46.6986","21.3097","6.821","1.6046"
"mFlipHCrs/uf150-06","0.1087","79495.5342","231.5902","186.3611","22.2954","76.051","34.2307","69.4762","6.7496","0.7191"
"mFlipHCrs/uf150-07","0.0842","472.3254","133477.8169","329.4398","182.9156","89.059","56.7741","24.2435","144.0141","1.5825"
"mFlipHCrs/uf150-08","0.1076","21.0548","867354.7521","2.3516","12.8875","87.2266","52.1646","40.4965","8.6988","0.5943"
"mFlipHCrs/uf150-09","0.07","431.2032","9099.2735","11.5147","48.599","77.3258","55.459","23.0976","6.0972","1.4344"
"mFlipHCrs/uf150-10","0.0809","152.8286","8312.6323","3.1942","25.369","88.309","64.2061","87.1477","5.9025","2.1337"
"mFlipHCrs/uf175-01","0.0795","258383.8751","170446.372","55.4201","0.3448","78.6477","51.7155","226.4694","4.6549","2.0325"
"mFlipHCrs/uf175-02","0.0803","562.1424","49.2334","13.8635","78.4814","92.8245","60.1445","30.4201","9.9591","2.1191"
"mFlipHCrs/uf175-03","0.0834","104.5562","883753.5824","191.2736","43.4836","97.4612","55.0999","31.8174","13.282","29.3392"
"mFlipHCrs/uf175-04","0.0714","67.8119","105.0299","391.3875","140.2621","114.2912","60.9373","25.87","11.5407","2.2885"
"mFlipHCrs/uf175-05","0.0504","314.1944","75142.8772","17.6763","47.6785","52.7821","33.149","16.6904","131.5969","1.3599"
"mFlipHCrs/uf175-06","0.0815","62007.9354","8243.2762","418349.1845","9.7608","16.8615","56.1087","28.0881","8.7937","2.2514"
"mFlipHCrs/uf175-07","0.0863","506.1406","118.3722","9.4416","81.5032","19.4855","56.5553","19.1371","5.8091","1.9132"
"mFlipHCrs/uf175-08","0.0723","32024.0622","4868.5097","11.5442","47.7876","24.919","133.3926","28.9213","9.8135","1.7608"
"mFlipHCrs/uf175-09","0.0444","250.5704","8408.5535","39.5913","89.2268","39.3722","13.8524","9.9334","4.0214","0.8527"
"mFlipHCrs/uf175-10","0.0788","32.8164","595695.9535","13.133","141.9147","96.1278","163.7508","145.8817","12.6277","2.6114"
"mFlipHCrs/uf200-01","0.0361","337.0467","222132.9046","257.7326","150.3787","68.5532","40.2034","156.1081","133.2415","0.3899"
"mFlipHCrs/uf200-02","0.0838","74.1114","634037.7365","54.44","69.6843","95.08","62.2556","255.2579","8.0316","1.8901"
"mFlipHCrs/uf200-03","0.0742","2361.2814","432179.6481","49.8175","41.3345","134.0524","58.8193","141.3153","111.7648","58.4147"
"mFlipHCrs/uf200-04","0.0844","8187.1745","468651.1779","225677.0012","112.3531","94.2001","61.6717","26.8585","12.3613","2.9207"
"mFlipHCrs/uf200-05","0.043","307789.935","134926.9912","23.6611","79.3734","65.4727","34.8347","17.5642","5.6606","54.3443"
"mFlipHCrs/uf200-06","0.0393","3005.9823","10524.879","21.7155","71.4291","46.6776","25.5559","13.6027","170.5281","1.3195"
"mFlipHCrs/uf200-07","0.0738","121.7921","200754.9457","10.5855","94.1811","106.0159","81.5134","37.8294","11.6452","2.2133"
"mFlipHCrs/uf200-08","0.0491","318471.5388","9.0546","43.8436","163.1849","89.3197","46.2086","236.7293","8.3908","1.7481"
"mFlipHCrs/uf200-09","0.0632","174.1957","144291.9671","399.1185","94.2173","82.1914","46.4402","23.4603","8.913","2.0749"
"mFlipHCrs/uf200-10","0.0621","920494.7861","408.1182","51.3522","170.081","91.9716","56.5849","250.5242","226.6082","2.04"
"mFlipHCrs/uf225-01","0.083","3157.5471","164540.2475","18.7993","76.9163","111.2159","66.4449","223.5962","197.8564","3.4366"
"mFlipHCrs/uf225-02","0.0644","46.1491","278560.0557","449.056","51.0488","125.8653","61.3362","43.6167","140.2523","2.8582"
"mFlipHCrs/uf225-03","0.0495","20095.2474","620843.6421","39.2431","113.6188","70.5383","50.1499","24.4135","192.8636","1.0937"
"mFlipHCrs/uf225-04","0.0684","586.9188","1653.2801","254.2548","135.5512","102.2381","64.4405","24.5491","255.6366","2.9466"
"mFlipHCrs/uf225-05","0.0597","237.7174","439009.8171","10.0678","55.3727","154.3426","96.1998","37.1844","169.2045","2.7803"
"mFlipHCrs/uf225-06","0.0616","440.6413","58070.8602","22.7044","88.2527","78.3658","277.6286","281.4694","233.4433","2.7756"
"mFlipHCrs/uf225-07","0.0762","216607.564","20982.3941","8.5883","78.2596","123.1818","83.4949","39.7269","14.9786","50.9328"
"mFlipHCrs/uf225-08","0.0412","726.1182","94239.7289","112.616","96.937","15.4681","177.9066","185.6766","7.3061","0.8384"
"mFlipHCrs/uf225-09","0.0591","367759.9048","9174.6016","49.078","155.2567","74.9483","294.2511","297.9604","11.1126","2.3163"
"mFlipHCrs/uf225-10","0.0509","394.0646","174630.174","27.2059","190.9489","65.4354","34.9893","26.6166","9.3471","2.4007"
"mFlipHCrs/uf250-01","0.0554","77.1946","374874.1413","46330.107","64.5498","102.7307","80.8905","221.6871","177.3711","76.4375"
"mFlipHCrs/uf250-02","0.0384","13411.9237","233831.4492","21.9401","122.6566","104.8585","52.7342","216.068","187.5784","1.7659"
"mFlipHCrs/uf250-03","0.0787","74796.4944","66881.0703","62679.9889","165.3049","60.8161","45.3482","321.4833","12.0202","111.3351"
"mFlipHCrs/uf250-04","0.0704","647.6949","68469.571","437.032","90.1002","116.6259","85.74","207.0052","182.8052","2.1721"
"mFlipHCrs/uf250-05","0.0724","365928.7328","350.0849","445.0261","157.2472","80.6149","52.6992","328.1712","276.1647","3.0836"
"mFlipHCrs/uf250-06","0.0658","409836.5837","221616.4899","395.1418","107.269","124.834","86.6425","253.1866","217.0538","2.9671"
"mFlipHCrs/uf250-07","0.0556","1130.1771","76404.3845","36790.0903","150.8012","78.6578","58.355","240.6657","10.7422","2.3652"
"mFlipHCrs/uf250-08","0.0788","2522170.3945","351532.7421","320.8582","95.8299","143.1822","56.0513","288.5524","14.4688","3.5179"
"mFlipHCrs/uf250-09","0.0788","119.6773","707750.8204","11190.9499","72.5999","108.3641","73.4581","33.8467","15.6091","4.3349"
"mFlipHCrs/uf250-10","0.0641","351239.4439","1422572.1296","61.4781","180.6728","113.6449","66.4493","309.0418","240.3198","3.1428"
