"instance_alogorithm_name","","","","","","","","","","","","","","","","","","","","","","","","","","","","","","","",""
"ts1e7r0f/symmetric/ulysses22","14.9647493104413","-0.40983739969508","-0.747086836187651","-1.83514523564665","-5.02680589571751","0.00774263795490358","-0.86618774014779","-0.647267495042627","3.86922999564495","-0.107069917952677","-0.947051419790304","-1.4323584257089","3.42515642052527","0.0700077112054651","-1.84175146117313","-0.0348411240686349","-1.0285139153774","-1.86858262499133","-3.09167825359069","0.173484205359079","-0.637323200599983","0.309994955157124","-1.19199389523938","0.285236166050797","1.68878239790896","-0.112376893637195","0.556955981763185","1.50425522970824","0.94467514223116","0.776107787862776","-0.874335516127979","70.9379475843016"
"ts1e7r0f/symmetric/ulysses16","-0.458643832867802","0.0836823187174885","0.0908409219459182","-0.328596039712177","0.94885018305377","-0.0689614695025149","-0.207685335256915","-0.107780850939748","-0.74840273900913","-0.482587596478001","-4.13088583671938","0.249781345352723","-1.63196470991711","0.122570204611704","0.0312115213893378","0.271930667768996","4.24713558028342","-0.239754057532402","-0.776539273670346","0.080969824656837","0.617027185465653","0.00500317352357548","0.501719175214699","0.0328932810200806","-0.40627333916859","-0.216107572969649","-0.650812855308907","0.628383225731902","-0.313490018447326","0.364612572222517","-0.285230741773695","69.2969029574821"
"ts1e7r0f/symmetric/swiss42","5.29397938788176","-0.082587827188932","-3.81681864725931","-0.0152803821918748","0.180391382127424","2.46143404665265","-0.514276727040912","-0.877196641192667","0.738226775266038","3.39891410558713","-2.33203492508905","0.10484082903111","-2.64085726285446","-0.151253173172349","-11.5608685865998","0.114677899340534","5.06350295935256","-0.0666074059425424","-5.18833256803368","-0.213069042859701","-1.25164712843166","1.13342726350046","-6.89784575422242","3.9811600667479","1.10432974581315","-1.02781214934443","-1.16673824577133","0.815345519789911","-0.518121145164545","-0.0173144740469833","6.03120639346332","188.459075016406"
"ts1e7r0f/symmetric/st70","-1.74263035260086","2.02703111063559","-2.02910029866662","-7.61909702037437","-0.408725250898445","-1.32452518693509","-0.337101396915122","-1.17341368815442","-0.0114377803344829","0.850421856264278","-1.8231131887711","0.248576510413129","-0.454505498513536","0.188406339973072","-1.53716334513549","0.0263442134857554","-1.21508280782257","0.206754666225365","-6.9946733429361","0.038426633893493","4.47427900894041","0.363291650823975","1.83618932134395","0.542607547452481","0.875641280597866","0.851376151397809","0.949145432684919","-0.778986808217088","-3.44648910897499","-1.07523143005422","-1.31804581024592","178.497155406457"
"ts1e7r0f/symmetric/pr76","-1.91120426620896","-5.69360260791392","-0.953560066641378","-1.4421326253284","0.0994019562992133","-0.0190829331557956","1.09741739882161","3.444354825088","0.929151596606058","3.0847854517084","4.49244410454132","-0.0239595047063184","-1.17588501697921","-3.15369517479061","0.654626061737271","3.63539955780305","-1.16599004850569","-3.23390221461234","1.28194894736688","-0.0320908955050351","0.0926708090693951","1.00308588422929","-1.09058205260497","5.2509427134015","-0.916760464747845","-0.871063259037355","1.86605369003752","1.2426463857089","1.69911512605251","0.850069114475777","-0.516347567777101","237.499793055959"
"ts1e7r0f/symmetric/hk48","-0.0522918049499798","1.34897766446157","0.970544954576787","-0.0188802831865381","4.78414373220973","-0.0485431047346544","-0.42848116690927","-0.48881707340052","-0.631690353817258","0.193900278546251","-0.48963683585225","-0.0391683326226846","-1.11449470967192","0.0541542065339581","-3.8078879961098","-0.958970811050716","-0.353393729274409","-0.0193989399644322","-0.270727983362293","-0.555191449276018","0.334407474263134","0.769251581143762","-0.194771243921527","1.63020084548115","0.411091541153304","0.409305531802625","0.668699615589433","-1.51321336275324","3.15263929356141","0.698476526981238","0.392688605342089","209.782295630643"
"ts1e7r0f/symmetric/gr96","0.846721908976756","4.87001392518434","-0.603542084484699","-3.2420440883738","-1.3058787849999","0.0119354700750831","-3.50553557914949","-7.55137310694824","0.00225288149915375","-0.350414805308943","5.40151898295803","-0.0190939858365429","3.23601872173206","0.00695460642962868","-2.25375733667319","0.0205162881720767","0.618029325910291","2.30223463470778","7.53153153976449","-0.0539589079030597","2.4980291212102","0.96928852545304","-1.99700472423011","-2.42196899805586","-0.821933332489954","1.16678096678205","1.61187441994953","0.938557051137187","-2.7551419865125","0.783190023446523","-0.508925988717913","304.818938365135"
"ts1e7r0f/symmetric/gr48","0.317401966878661","0.182173313432611","0.733214942084694","2.11872849277583","-0.0427208536632215","0.0224071253874931","0.826865958972261","1.85017896862797","1.28362907907325","2.36677276934525","0.858641261726797","-0.0276843973889393","1.45386243898312","0.688656891986795","-6.21418364697722","0.0576254383165472","0.968022107259695","-2.26594505832134","-1.52640881111161","0.0438531728863269","1.67945764652681","-0.559533561064125","-0.0559250299850915","1.22416855632024","-0.287074254141458","0.941301547700882","0.171479904726288","0.98777709412697","-1.07752345169021","1.87364158475735","-2.84037799470981","197.10400763703"
"ts1e7r0f/symmetric/gr24","1.55201686520542","-0.860609890457378","3.15284112306552","0.178774328393881","-0.302542968152696","0.104515473121505","1.84636095830931","-0.188483687027498","4.14936595669066","-0.134007774318223","1.87453227076511","0.0409912302045462","1.14087469847583","-0.285768303250286","-1.5767532794486","0.121002998361304","-0.391088063854549","0.113879334801518","0.973761960969459","-0.0819932525871337","1.5771015195085","0.239066349001684","-1.5103530795836","1.66213700350957","1.31178631890124","1.2378973951898","-2.08684379855021","0.270900359809781","-0.272103622861612","0.636105570618605","-0.249707435461277","135.854252857227"
"ts1e7r0f/symmetric/gr21","-0.159479561727817","-0.277036722670401","-9.84385408301675","-1.50335759524612","-19.2364197271667","0.641784104820876","2.79731582217384","0.0049875130017208","-13.0926533068319","0.114501168204753","3.64743057239484","-0.183507549332048","-1.52977011599807","-7.34012303768086","18.6300381422577","-0.642789993365239","2.67043830532695","0.0570862003045342","14.3935399036236","-0.130822781259732","-1.00621802695284","1.43440352649893","-2.74578370194526","1.43295632379909","0.669180185321689","-0.193989672508721","0.782916607743279","0.490704913121361","1.86337442670748","-0.733577745194851","-0.335140397252718","131.096022037912"
"ts1e7r0f/symmetric/gr17","6.29264927477172","-0.214342313157057","0.297925223902046","0.205934265713159","1.14486963875603","-0.155178194724848","4.73907342723637","-0.205279186988718","-3.01922867806796","-0.091840997909421","2.10696243921971","-0.207205075443862","-3.21439039109573","0.387910361779603","-3.09960396108939","0.16994526928204","0.586724041302648","0.30822681699487","-2.18760868185173","-0.0454181445575735","-0.41431897406168","-0.434230815635247","0.89216727067948","0.892800845618397","1.35138544967351","-0.291704145448403","-0.553254300311547","-0.697556697941384","0.554982034500736","-0.332323732951266","0.672129323466934","41.4751443077819"
"ts1e7r0f/symmetric/fri26","-0.732354651795027","-0.073739516713817","0.796446951324483","1.15210601687862","-0.273256174696081","-1.74366940689232","-0.40636454972725","0.0693742680075146","-11.8656480957209","0.256370462148231","-0.203531927955248","0.862760655872774","0.177991231593581","0.115108628235873","-0.275433260796464","-3.17037201219095","0.998107859404918","0.537709510270548","1.60952365431075","0.185392123895221","-1.39355486049862","5.25907303431203","-1.32154735413354","-1.0553368487411","-1.19713102768883","-0.334642470693154","-0.459424419636138","0.94747650221315","-0.0950270413862172","-0.844597203341403","4.61176780669677","97.3987184590756"
"ts1e7r0f/symmetric/eil76","5.92482383089973","-0.0330792777614484","-8.45197634370555","-0.0106936659897971","-1.46489799671398","-2.50210124394655","-0.994365534334311","-5.38035920946246","-1.2862647116045","-1.7135500773518","1.00446270829776","2.53226279872382","1.2776721163799","-0.0267967529400566","0.481064177878403","1.12457037616677","-0.0321452245790392","6.37833200226401","-0.441939768098879","-2.48686888537198","0.496779250618516","1.34729004299939","-0.124641365962836","1.33175818884343","0.787579208818016","0.685947678970984","0.905510651678746","2.72814584597615","-1.52788798286682","0.160957162636931","0.894397853910606","174.818986069061"
"ts1e7r0f/symmetric/eil51","0.706800193779289","1.41772321146646","-0.969787430632369","-2.39349941725658","1.24107777751597","1.83118881163749","-2.45222457493492","0.0438915178849538","-0.459503897263477","-0.0605131097839338","-6.13594970712823","0.0552711393288447","1.60484292598631","3.92934071737524","-0.332172711418695","-2.58437918701099","-2.01003188719168","-0.222725991183306","-0.575078490339684","-0.36338534291448","2.64165224390149","-0.962990295177029","2.08714052538894","-0.569281941606762","-1.26098658911093","1.83130892748296","-0.94847431154136","1.11723040034075","2.62041322625635","-0.0289729180576858","-0.0568681099329549","180.649393255428"
"ts1e7r0f/symmetric/dantzig42","0.109900497186303","0.0331260396956616","-0.122553228035772","0.739351538451902","-1.00313913935054","-0.018205671566994","0.575622823033856","1.28202902330983","-0.270389901915641","-1.25387372018294","-0.775764731208246","0.0953972911318147","0.0300814451494979","0.0493733284106356","5.17311179618631","-0.0632118074184875","-0.282106996115529","-0.681079372618526","-0.507851721227988","-0.0498411103678807","1.62355814248112","-2.32608562963126","-0.00123283011987781","-0.5159630100705","2.71041970802413","0.186418651308284","1.2497065575824","-3.24755604742662","1.13669690800772","0.504894457560254","1.46762994561178","229.021611464183"
"ts1e7r0f/symmetric/burma14","2.53478350850239","-0.0410444002005302","-2.05545053066834","-0.216539943998773","4.4048399022649","-0.680980473641238","10.4891488320941","-0.84882557929765","2.19829138263352","-0.429096564874832","-1.06421158883156","-3.49815242463173","-2.3040467037131","-2.96958902295082","0.124112876352106","-0.0456607015294079","2.04624108223798","3.43438293877066","0.231747412441448","-0.444229638344702","2.44359463393445","0.270307340653094","-1.65063061090239","1.00110228190379","0.5007359556755","-1.29348586491531","0.63603525733429","3.42346238848445","0.0406036004196143","-2.66193438241215","1.67880730102909","52.5763283226216"
"ts1e7r0f/symmetric/brazil58","2.05482845212669","3.63324514188678","3.70400962525564","-0.0418947296929876","0.625023360613947","1.88532077502216","-5.27250046794703","-0.186781540800858","-0.539755156920933","-2.56678677738758","0.117232351823793","2.20697612851392","17.1385897834081","-0.105014158569218","1.73297315307016","0.0419449144895592","0.379964159272412","-7.50128012981436","-1.43866300137664","-0.722736005663778","3.40693025549982","2.90162769601018","2.0377335911313","0.219247502271285","-1.38479288518988","2.12629589454667","-0.497815444094787","0.817937177004602","-6.02592048982048","0.573235663312486","2.05891588527521","482.047151931504"
"ts1e7r0f/symmetric/berlin52","0.417666935129761","1.27635696489959","0.639955264777492","-0.599431968013139","-0.203314804613315","-0.238152778814352","0.356133937735743","0.688874214438475","-9.81499608886721","0.0689433816104429","0.142915097778682","0.0579150833673325","-0.000415339963320005","1.01261555916761","-3.19184703177278","0.0485044803588786","-1.54730257783175","-14.9593997726065","-0.87562104645584","-3.6127508923702","0.376914571139151","0.781106794263112","0.862547249536756","0.320148137672984","1.23303948749029","-0.768667775318021","-1.06121076518766","1.10301664730472","-1.67228300330823","-2.81155039732132","0.589567868687138","160.829469002092"
"ts1e7r0f/symmetric/bays29","2.93025701009082","0.268159950485003","-5.1440426901824","0.113047333775341","-0.271464772335529","-0.0468627138586167","0.3185313666112","1.23117977862152","2.01170282154799","-0.0657863724832158","0.721296620095261","0.195413389602386","0.856058902504411","0.426808471164694","-0.369086449011202","-0.11789787076602","-1.02470179383235","0.113672605555348","1.03813550862224","0.463870575891067","0.54131322688922","3.25436262701589","-1.294626195324","1.84279744678625","-2.06409080635967","-0.971136412597126","0.368606716891024","0.247843247625237","0.447807635393665","-0.986775071491123","-0.0632065577994103","111.492093988351"
"ts1e7r0f/symmetric/bayg29","-0.637553712788571","2.60853429197497","-17.0167828612067","0.289144678303295","-0.151760779096351","-1.90685805363513","-1.58580470615095","-1.3756479916867","-1.4487803126745","-1.01167736925814","0.256004793176936","-0.0802443970702194","1.14405219409245","0.920524249795375","4.75345655004851","-0.117265378469535","0.569545937100341","1.88871242835388","0.390277098558893","2.09066258126418","-0.800407293942299","1.14762783450894","-0.182962997785138","0.0733748346057687","0.549246465427799","-0.803044776504967","1.73638694429569","-0.806867814968939","0.769813092554924","-0.468237486600486","1.11874804140795","104.388843438063"
"ts1e7r0f/symmetric/att48","2.12274958992158","-0.0361502979659615","0.145906835537167","-0.911764759844337","0.526885698927018","1.05817133466769","0.0485725444218279","0.897235443651798","-0.534090214021928","-0.0270740915213891","0.0992898405109688","-0.0483729904638995","0.20669189638779","-0.68398072663762","-3.80005786032092","0.0404608360304866","-0.325899976058051","1.52289369258806","0.331397851394641","-0.0449034189100679","1.00235328412668","0.429306534970789","-0.14467244937727","0.482187426406961","-0.0452020279500405","-0.0673971347267132","1.45387551405058","-0.0125298568259062","-1.78586200185112","0.34686057680945","1.19578002827138","228.951870549447"
"ts1e7r0b/symmetric/ulysses22","-0.00260048209916314","-0.133784721804662","-1.00595564688025","0.167890296888686","1.99247356555965","-0.354515276655067","-0.774421227913334","0.489302879607463","-0.389454997336821","-1.24125970341743","0.0586436601867329","-0.308707153668722","-3.41070415395696","0.495427376153798","0.660107825673271","-0.622273440735967","0.670641114058969","-0.376968180905066","-0.93426884111024","-0.438851693707198","0.422304904348946","1.45522653306091","1.02827570210025","0.375485557349173","-1.20247403032967","0.855180261480749","-0.14292119971759","-0.247380364701844","1.02043018470504","-0.582828914152071","-0.888797059359014","4.51416366617541"
"ts1e7r0b/symmetric/ulysses16","0.239229221751181","-1.37534611964186","-0.6527067872986","0.790395000156646","0.224045927457129","1.42733415296666","-0.106233098071271","1.03671929614906","-0.38666171062157","1.57336821348731","0.0679053505172588","-1.38142525884486","0.112748162347504","-0.420620200123642","-0.494132303010363","0.19421430483577","3.86692293809571","-1.09491588921459","1.75071877410307","-1.0664580511918","0.981034933120728","1.85104995083229","0.177147326582353","-0.831778552876514","0.829350410276651","-1.13505565939843","0.545865440373711","-0.17023837420072","-0.0201726350984501","0.581011935244623","-0.0498274429196259","4.04036119534188"
"ts1e7r0b/symmetric/swiss42","0.822100282887557","-0.105777246895581","-0.520140383597066","0.246159123102254","-0.176033295800769","0.312679842842199","-1.27005199921905","-1.60593214440392","-4.74066760939391","-0.0894112627647047","0.191759037396376","-0.195830199488441","0.593644824415266","-1.23525403116967","2.46892701387876","-0.00228017728502788","-1.55600238947117","-0.146385570215661","-4.67204032778927","0.247474070989118","2.39474670953943","-0.514124861354851","-0.824029259100466","-0.908591503236963","0.773423049860816","0.554086105372629","2.40517174599342","0.339850737706979","-0.0399935429709128","1.41722028104802","-0.61784657192639","15.0099249326587"
"ts1e7r0b/symmetric/st70","-1.88813287643763","0.0579717690960232","-0.687692966143213","0.252348449184867","0.922294655107758","-0.0701357449208273","-0.677988835330265","0.0738625086174331","0.00927273256779798","-1.88490398073165","2.46739848609514","4.63914201925565","-0.513738588346022","-0.884326384978113","-2.02091772695655","0.11060321447788","0.725087077184851","-0.0948068323871542","1.08419798151823","1.12675134016119","2.06733278116265","0.699288041982636","-2.11011973063916","2.82764921709705","-0.339797494621327","0.695692513779982","1.02518420198127","1.11185648313519","0.268140121170723","1.99802335300556","-1.57443978969337","10.1881685951717"
"ts1e7r0b/symmetric/pr76","-2.49465097595687","0.198775936311737","0.873500475425444","0.0944764588202212","1.4859628329534","0.526891628934377","1.88870194965102","1.15555842897456","-1.55788410425197","-0.200765295951421","-0.0334731316324936","-0.645100487453249","0.904580688578409","-0.134650516559987","1.00671606064135","-0.0768002749878178","2.62470776263179","-0.0956921147650605","1.79366456375777","-0.426456140494136","2.74942672804199","-1.36259341274278","-1.19200109887005","1.070267634511","-1.26231676033522","-2.4210027360763","2.03921695175472","1.22865738643452","-1.79782492897352","2.20706848661939","1.17643612172589","13.1372408903696"
"ts1e7r0b/symmetric/hk48","0.803822068505685","1.14529542411728","1.36693784311222","-0.137924860967275","-0.142087446776594","0.645195862827052","-0.415067961249887","-0.601085037523871","-0.284250906216048","-0.237391429346862","0.156821733142447","-0.12694766530223","0.609860487879828","0.0873469203409557","0.0411790444249861","0.0934501774430827","-0.597158370624558","0.29756913463743","-0.597075450686809","0.520005304268623","0.225800916223568","0.905356032105142","1.88552709257799","-0.222257018873325","0.183321851500894","0.0597143285045648","1.61000284753016","0.966369472117502","0.512430730248927","-1.11160319928066","-1.27235735364409","12.3350436591769"
"ts1e7r0b/symmetric/gr96","5.74869539451921","-0.105570812474347","0.721033231701563","0.0442967220249273","-2.23706153270885","-0.0693790106321969","0.236219582420933","-0.330671193419856","0.144024699957975","1.3965881503881","0.866971142074585","-0.164125218400882","2.48020446895283","1.07364439522467","0.331805622611597","-0.0561949962041942","0.588617144220015","1.54240282965658","-2.41868170747699","0.104324182394618","0.209833988937862","0.401936049463227","1.60207282035664","3.23480306864389","1.70076791762031","-0.263563688129455","2.74571791370274","0.50761491522752","2.10620373547092","-0.431648791183324","-1.60063750084656","22.5238473130501"
"ts1e7r0b/symmetric/gr48","1.4248417184924","-0.0918113383453166","-0.0987536799045569","6.17663168641341e-05","-0.678221987195676","0.279562694033576","0.292089944075347","0.131596073056521","0.520563702934037","-0.124630379587816","0.000506327758866401","-0.294079837930309","-0.40433535662674","1.69697368326524","-0.833217085752785","-2.0846902449423","-0.265828610230604","-0.45434088980507","-2.11584648354778","0.154803015729038","2.08561946533332","-0.31404443734598","-0.110029203432609","-0.754744190784968","-1.44227487480361","-0.934978894420414","2.31280427595507","2.03482093184425","-0.462996192849488","0.848838527929563","-1.8579284370322","13.6839024512385"
"ts1e7r0b/symmetric/gr24","0.747814920466324","-2.33019902668254","0.166191289840165","-0.477503284141408","2.25976301473547","0.106587282739612","-2.40877891412669","-0.0468310082703374","-0.59196221635892","0.226816695992259","0.0154592015961932","0.183664995840947","-0.191629172922213","-0.0246216589655266","0.295139977748872","0.475365898005149","-3.74511128036834","0.462883110656947","-0.747339519371319","0.261892777124832","1.04018551646154","1.37358231634918","1.87255747189506","0.526163405795352","0.945539433139245","0.130340626704568","0.83510120046513","-0.0446862223946195","-1.18253285071478","-0.483922744198721","-0.858434500446647","8.29317915013926"
"ts1e7r0b/symmetric/gr21","8.83303839763396","-0.931132510281017","-3.68462306161905","0.230131840732125","1.09989476345389","-1.46599487040603","-4.41845676698888","-0.394111686503002","-1.41849636585112","0.435775672128928","-7.0190084810381","-0.622651751509674","2.79867026612782","-0.74061073951245","1.19982975549019","0.664641096796706","0.139075791186756","-0.284872498878969","-0.480967347487174","0.135576737100077","1.44802827693807","0.341990537931638","-0.0473639358783754","0.354468006658729","0.110788829312666","-0.120209978963776","-1.62868210439863","1.5050539534558","-1.31883928992717","-1.42087268937366","0.0389345657011175","10.1798264984522"
"ts1e7r0b/symmetric/gr17","-1.0651158302945","-0.24827446695184","-1.51966218636405","-0.326267954085136","8.65349363656545","-1.60280161899216","0.00179969943168973","-1.4553101190588","-4.93755940661172","1.07201725477437","-0.0706352629888149","-0.768678044970991","-1.36344252983711","-0.427885863622567","-0.980308359021008","-1.23602973684029","-1.17548339760962","0.828993245117877","-1.82843355207536","0.959499638871165","0.869273908952447","0.117072772301934","-0.30653234419102","0.362453480423106","0.526844770926317","0.280513279866626","0.829449268605543","-0.141538814789412","-0.735731911568323","-0.222303520526215","-0.925323886187559","4.81455426439274"
"ts1e7r0b/symmetric/fri26","-1.34303281830751","0.986775816520644","-2.50154972730455","-5.46104381800032","-1.61762908426199","1.55132248473256","0.144219373318845","1.85538424528253","1.56617380459525","0.272466576774909","0.541346185051246","0.384809225265902","-11.8815464180436","1.10094483271407","-0.607758701948539","0.00105975110325351","-7.47201572504629","0.836562806421245","2.54276379495493","-0.469140618670224","1.69109052093549","-0.397362581353336","-3.40393890730337","-1.18450520059328","-0.232728626641609","-1.07696154292698","1.16941839399389","-0.235810841097065","0.0724429651850148","0.246151740741102","1.53085626886945","10.1784873444684"
"ts1e7r0b/symmetric/eil76","0.444537837516742","1.9262521866977","-0.870166233669539","-1.22096196485791","0.612759864410089","0.0111854161422716","1.55578912211675","-0.108252455773319","-0.485790652269571","0.192985794111534","-1.04614584461694","-0.420300467880416","0.0329050545771925","-0.0418773146441152","3.25175909524872","-0.0953701389812098","-0.384920477949097","-0.685526067607025","0.885755192747536","0.248976020420967","1.67899959956075","0.631254453655887","0.284546948067832","0.24019926608891","1.61446989211852","-2.60999068072686","0.419650237857855","0.222163899278749","0.499319790500108","1.03404009741175","0.101159632964877","8.04007870235127"
"ts1e7r0b/symmetric/eil51","-1.45113954716487","0.123712311859489","0.551410357986751","-0.335676291494238","0.857343661073306","11.2680503037854","1.23178604803798","0.0662670753866434","0.392634917128593","-1.61570847232648","0.953482945596059","10.9378393008604","0.896494858283418","3.26446778139275","-1.18576901360612","0.143228376506224","8.6925923924854","-0.330186393043015","1.32336695645441","0.377402325706362","1.22007163861853","0.0816695779779504","2.05116808792856","9.24240746131822","0.970421950068503","1.37842131221966","-10.1688055190679","0.708570693985642","-2.50884649770323","0.12584833909337","0.479821657330331","6.59904836465795"
"ts1e7r0b/symmetric/dantzig42","0.800859328313138","1.63423228422452","-0.627758419219607","-0.66086362038921","-4.37720299583544","0.230474728552592","0.882794896425663","1.70606153791536","0.933239597040595","-0.295579737462394","-3.84238235517271","0.150298860219496","-1.62046378393649","3.89460722993897","-0.691855070536366","-0.0891572955227276","-0.109130955871445","0.278405989365969","-2.47070845366355","0.119813417219398","1.70619491061629","0.791693475456358","0.623026698212539","-0.756998984201818","0.65199622953968","1.96373157204181","0.208163417029162","-1.40544486803346","2.51194065182208","-1.41825843343417","0.228770235557748","13.2248931809415"
"ts1e7r0b/symmetric/burma14","2.41832651688059","-0.639461205527212","1.01992358566824","-0.383483923035977","-1.28033283659697","0.0495324512819099","-0.0627273973904593","0.61866515410548","0.885710571834027","-0.290605833456232","-1.25966435596759","0.376786960317871","-0.304009297761261","1.22704192853313","1.71311567760817","-3.89620150344138","1.2831543770704","0.431733660307558","-0.0228654677279521","-1.36544220493791","-0.33873409369481","0.833041596342415","-0.191980800057811","-0.983687562584409","-1.53848428739935","0.411859049746725","1.14193706793055","0.226581406964485","-5.64393925117813","0.854153034581296","2.02839790055854","5.50652489180566"
"ts1e7r0b/symmetric/brazil58","-0.547443251616142","0.890408463502232","-0.440473381773328","-0.0686955931767841","-0.108783518256268","0.139050375459828","0.320566673236","0.802175933306992","-0.419750998292955","0.165284301931178","-1.37181685938768","0.246643307594949","-0.577888576031227","0.340528711778877","0.200088222926912","-0.165452368604734","0.232612149057719","-0.404252218919974","2.23662884609564","-0.119550694335616","1.6143690333644","-0.527813499954922","-1.06659581429184","-0.481186870896672","0.347994751418914","-0.954600333100475","-1.04751422324279","1.050023140599","1.97655111137825","2.53338663183635","1.07722518377637","19.2012069345249"
"ts1e7r0b/symmetric/berlin52","-0.0453637407011886","-0.837475658903079","0.882306782999589","-0.144150817995616","-0.27622724582886","-0.910809360512999","1.40980111246108","1.95691027030235","0.994561172993404","-0.17616853534495","0.709235287279358","1.19767724651769","0.722655265966508","0.113320106048987","-8.75429569825902","0.278397999764194","6.54787747800842","-0.207468423514442","0.61546478033693","2.39117825197787","1.91777604228202","2.07133233005267","1.12159607730226","1.13295411641848","0.842081141629774","1.49163779548637","-0.371479512548877","-1.94657609517044","-0.503335682486902","-0.429984551863936","0.0635817306109205","15.0404820041844"
"ts1e7r0b/symmetric/bays29","0.535370299173807","-0.493465913111332","1.50367004500229","0.252335289948851","-1.01096198484078","-0.135213432498271","1.47269276249645","0.206608992131438","0.235142058665127","-0.160136127486381","-0.605150972370342","0.191763429711491","5.5976324441407","-0.468673294047697","0.754160448876471","2.35294438713192","3.21003080434194","-0.332893698002281","-1.03788115581054","0.378619898094616","1.1440213723642","0.962944463055379","0.983220459662588","1.30987620293294","-1.63620714796009","0.0992207930600628","1.28911394364109","0.57871184564053","0.0572750414937131","-0.189655944284474","-1.83476194585428","7.93928564508376"
"ts1e7r0b/symmetric/bayg29","1.72541838186252","0.00656545177965991","-2.58693266950937","0.251666461947236","-2.29897859443559","0.222472724292656","-5.88783122226965","0.331673613929039","-2.32867726920028","0.774068427125981","-0.222073718148488","-0.271164087587724","1.49939272757801","1.78930002508021","-2.01913606920394","-0.205551748642783","0.617059196031677","-0.206890884636083","1.41488852354902","1.13557905607349","1.209279569136","0.0931692856246985","-0.785493190743234","-0.270436023396793","0.264581612023031","-0.768162801848482","1.22092677048305","0.373276286938077","0.424829946869182","-0.0589149420169161","-0.104008442945485","7.42224412591534"
"ts1e7r0b/symmetric/att48","-0.380872911833093","-0.0881565282185846","-0.323579490345907","-0.217555798809122","-1.07319063659604","-4.26505447092247","1.09578701695533","0.137468204290885","0.613954285751408","-0.0909793752464222","0.162558394252347","6.35548903541395","-3.39531074301419","0.172578442414374","0.387548361890665","1.96746909621259","0.0719926232891652","-0.546957215712486","-0.097190614848205","-0.145790373048123","1.83188467922571","-0.466540538364745","2.6931066265849","-1.00291274128081","-0.6784025341422","-0.300233780705912","-0.342799921543043","-0.485559871372271","-0.320122659106973","1.10451655228498","4.10271725397204","12.0278579382296"
"ts10r10f/symmetric/ulysses22","3.22020132973587","-0.225369147459031","-5.39026366177359","0.125646732298857","2.13649476523943","-0.14691133968703","-2.56582222635576","0.198808879584537","0.391557345563639","5.42423442588915","1.02333469214525","-0.0705456546423977","-5.67706642371217","0.20240866168325","-3.52378654709794","0.11971424904671","6.10492792919089","-0.186288310444636","2.64833659424424","0.197788934775682","-2.25143897448637","1.45950871427089","0.019780441545946","1.99483473003481","2.39271742643886","3.90959764404355","0.459756380700339","0.626119333647813","1.0670449701011","1.49007360569495","-5.76240066106555","55.2063344315892"
"ts10r10f/symmetric/ulysses16","1.62432928365172","1.71066878453694","-0.586475106464999","-0.240566192450514","0.513968723671465","-2.55383336450581","-1.0084005285628","1.39713048142797","-0.536078928773595","1.43382157131918","4.68992899624016","-0.367944181480042","-1.00202012098893","-0.279182954886537","-5.83030821881527","0.458202166410955","-4.02690180673454","0.00067283106982059","-2.49527964209787","1.73223093891318","2.06292725723611","-1.41655106522582","-1.40562418255862","-1.99819192319248","-7.63715426584636","2.06532715642658","2.79828368784516","1.49653351693821","1.94089404151986","-1.51106329398713","3.01336288352196","59.8625983087242"
"ts10r10f/symmetric/swiss42","-0.214575828899176","0.0845283530802899","0.520349854931693","1.8107010765763","0.0932419765035665","0.752437367728617","-0.42911341909095","0.0169153376258743","0.0147823259642429","0.752720091562652","0.465838514537777","-0.70789996925488","0.0876923995328878","0.663724697517257","0.326571749289297","-0.134257789983265","-0.287703190419014","0.579870395712404","-3.17470599571055","0.0464484100914629","0.474894945847211","-0.486505854567671","0.900408581908137","0.525960636246285","0.325047439088205","0.472745240349113","-0.0379433426473223","0.386508882181688","0.854279475734101","-0.107841968101515","-2.4896627920878","193.96724313979"
"ts10r10f/symmetric/st70","1.43169885528292","-0.0197290263308407","-0.316386302741175","-0.515977678758175","-0.0874598310793349","-0.681862768374447","0.0159179719043809","0.0753351075374341","-0.153487560150264","0.0311508837105058","0.947906620368442","-0.023174105908118","-0.522789555350313","-5.56722694320612","0.304449578297783","-0.817200565304344","4.61541584072842","-0.0265807202096949","-0.272422501354446","0.00420978559377028","0.284496974675819","1.05246421522185","-0.109496456192271","-0.3450882673029","-0.249699287492862","-0.364703494770126","2.4025628463097","-0.967390313994434","0.350365549985837","1.6823379335902","0.33544573223668","150.906395210818"
"ts10r10f/symmetric/pr76","-0.225773230449621","1.07545287538186","-0.0793347931935111","-0.0271219243106333","0.756833954655679","0.630837655881428","1.78891886741234","0.0145079225092444","0.719017463338488","0.662414990591946","3.70299497454044","-0.0218404168845878","-0.262275800821243","1.14234683717148","-0.0497160767602378","0.0941904567021208","0.147013865468668","-0.0371516018009199","0.21986533352891","-0.575395456427257","0.259201912866307","0.597645017498128","2.49246812964826","0.631368387083791","-3.66570335024437","0.464393643556966","2.54422582776052","0.862068904849421","0.849956520203109","0.475184698271159","1.36707353883651","219.347611590424"
"ts10r10f/symmetric/hk48","0.479436373315772","0.125056736123258","0.334476380753241","0.534132557753348","-0.258409723422063","0.0375423462921554","-4.57943435940759","0.0447431784718931","0.256703360026629","0.118241794611821","-1.80918469221331","0.0464673151230958","-0.542136720791926","-0.569750205273408","0.440291833660265","-0.28221409022628","0.65470890386612","-0.0572002887000455","-0.584902273811408","-0.601058121828699","1.26446865937737","0.537762027792932","0.855971599866055","-0.776532155859247","-1.48791805307321","0.572911350385758","-0.964941011888982","0.232961970500852","0.84393393052598","0.935940569757064","0.237925394993419","221.634036280434"
"ts10r10f/symmetric/gr96","1.06627867679982","0.0143993994321391","1.01543978431214","1.95526048243514","-0.615654465261447","0.0157148050635078","0.802094713206749","-0.0116140944590307","-0.850716093307469","-2.77360810921817","0.1199148244803","1.89600914180706","5.8519969193604","-0.0209542080428379","-1.15463587725481","-0.0156551524261643","-0.873053741167021","-1.69383376891918","-0.781099143665891","-1.29888228239829","0.559619901014574","-0.975579557513008","0.666460145232723","-0.51700327027182","4.86151191913681","0.303751787656904","0.266087126295032","1.59919763729689","0.185256824715124","0.306385693626119","0.584976041722559","255.999577158438"
"ts10r10f/symmetric/gr48","0.908485375490362","0.356535103491067","-1.06283910145809","-1.11468656236471","0.80154729552563","-0.379784066627542","-3.29147069756778","-0.0843177525669455","-0.258075135809423","-0.4772483958111","-2.48147313150927","-0.0358938513867419","-0.957142238375739","-1.05133157921658","-5.53370953588193","0.0544042576361974","2.26224288374685","-0.0663069105674162","0.687749387912441","-0.033346208633894","0.469578949329212","0.792059223389721","-0.841362618746097","0.52309831268333","-3.09283191889635","0.575871232159395","1.72011207197849","0.218231710262668","-1.26093543793477","1.34353865437535","0.55998302111751","131.136351788219"
"ts10r10f/symmetric/gr24","-0.0312806267899045","0.155551553360756","0.62591767899098","-0.248317240710336","0.892873775640629","0.131497319321401","0.583639501459082","0.246634135018721","0.230700409867035","-1.43672739141842","-0.0231208581320738","0.275784473450086","0.641488980446347","0.0842220973501402","-0.793021335550729","-0.106810508657679","-0.76403976886393","0.152053790585844","-3.95531618383388","0.125037437790318","1.28680620510001","0.677684546898843","-0.409376014202534","-0.528302979876816","0.206129794628333","0.489101862544807","0.216521909602392","-0.532604116832293","3.16055960332661","-0.528431995663667","-0.794421517606384","111.70040689553"
"ts10r10f/symmetric/gr21","5.57034883073983","-0.22987555059303","2.85147866158688","0.150101730013449","6.09455059441475","0.0750214094105598","-0.541389730259938","0.170066470409863","-2.95375518602205","0.444884935496994","-3.06831721639824","-10.0339684218865","-4.43196996783205","-14.1660394924364","1.86061011612052","0.088458646148187","-2.97615991693853","0.0630361573309735","12.5131583405855","-0.461640880092373","1.69893233727493","-1.56575877305123","10.5732723545078","-3.60449153102001","-7.51443249074198","2.55001953534831","-11.4830785425921","-15.5054333175032","-3.66785288153999","-0.0627617232436039","1.43346504807228","163.44250063508"
"ts10r10f/symmetric/gr17","5.67303710718665","-0.356167359962387","1.92076755784725","0.633667194380666","-1.04440504946408","2.10322471501915","0.760216906860355","0.0218470856549227","-1.16918855890409","-0.182476640445841","-0.64085733902878","-3.86391964215546","0.522643864810578","0.789761541487731","-0.842148002596487","-0.329925208166772","-2.61016447305825","0.254418280350001","0.784325195691074","-0.280252472612874","1.37294380837832","1.00638172811686","-1.43411278044571","-0.94691407325414","-0.0287024266169003","1.91974226235295","-0.622822268491205","0.185320247304388","-3.10303953659446","0.852772681083484","1.90304858816609","72.78117416115"
"ts10r10f/symmetric/fri26","-1.22735352456776","-2.35869544632158","1.82330655202099","-0.138882530792049","-7.24284948519834","0.188292660884125","-0.361399960184654","0.797578388921527","-1.70873391910232","-0.0259031299352386","1.3690099616302","0.0579625307680079","0.415871008281047","0.0739261895540635","-2.13850599212598","0.100456236216953","0.473185336153516","0.888529719901934","-1.20573686763223","-1.08916491526436","0.977552559648755","-2.76985439162101","1.06570412644473","-0.775251546067678","-0.213076433101504","1.12183037858271","-0.308320538974475","0.444706310424978","0.0475500185281889","-0.173322395025584","-0.407950158244983","140.154278052134"
"ts10r10f/symmetric/eil76","0.274517574346757","6.17315783835362","-0.199788331588643","-1.72977262887489","0.589211637264756","2.06300277580273","1.72871141142059","-0.0263553905634936","0.695944110020667","1.74098137820094","-4.70908859653312","0.0277104048800055","-0.514114893609295","-1.08875047248285","1.05384842049396","1.36008382202473","1.04724121609251","2.23282522883301","-0.459316300934368","-0.0350125484526382","0.876485778911048","-2.12057362463836","1.20889215090792","-0.44525152768157","1.72632784505797","-0.00800420797602676","-1.57643507834102","0.394297252586398","-0.0861964770508369","3.38842302550848","1.41507040615091","179.953495369046"
"ts10r10f/symmetric/eil51","-4.77907791156566","0.0457339125758776","0.572376158597051","0.716759122782374","1.02026955807289","-1.89815772974075","-0.665183868726742","-1.27332773258598","0.752238068671152","0.797236188384766","0.0106556400494921","1.36265916568219","-1.01003647120681","0.0405159438656387","-0.0925872829275588","1.57266690158506","0.0689086163786748","-0.702815359973473","-0.687960023073775","0.00695732018080816","0.972918932900656","-1.19775586798476","0.228334446461619","0.611942302444189","-0.0274087098694286","0.121705885100156","1.20277010465424","-2.09954650006641","0.763640662871967","0.809211045720765","0.0170146826589494","144.980219632213"
"ts10r10f/symmetric/dantzig42","-0.488075414920015","0.905584409475266","0.192026000159009","-1.91943146067782","-1.36306707986385","0.0442440898153947","-0.581884474251128","-0.362516804228709","0.338326541880873","1.10870705595475","5.78966235650248","-0.0627620924462324","1.70552049015197","-0.0248397955838273","-0.539639537284976","-1.0729218074688","0.301827792316005","1.18264789465883","-1.48702664318728","0.0551298266913401","0.49547523692541","0.524167655758198","0.922629198420171","-1.34492673908867","1.75920180158273","1.20970271760997","1.12235003936389","-0.124531995146071","0.406455862739772","0.45908138611803","-1.34061632184184","181.05041819884"
"ts10r10f/symmetric/burma14","1.72797423185539","0.258606347154433","9.74169104231239","-0.583589610369986","0.976051537678633","0.951920230380774","-4.5759865412503","-0.128370856967566","12.1434889056779","-0.631950926503694","1.26422206480232","0.581652769630609","-0.964846888955925","0.475136334445915","2.06502838389438","-1.27011783587999","-0.0511431096611957","0.350743370635519","-3.24276071109018","0.249606869751082","5.5717001328201","-3.95932316063865","0.388021662086795","-1.18576656061524","0.350746333397033","-0.223201590612865","0.609488230767009","-0.246209328826839","-0.571600295975233","-0.466086764613642","-0.323008248943984","54.9901288681718"
"ts10r10f/symmetric/brazil58","-4.06624184380599","-0.0230746962388045","0.955123034197941","0.700713723079087","-4.60633714351557","-0.123378628782436","-0.0233220265314919","0.453492553022045","-4.7575468370972","0.0359076735094879","2.50471423695505","-0.0579967208064414","0.380822470115842","0.765458771007911","-0.448207139235695","0.663869779858773","0.681152056533044","-0.0517494422287942","0.428231851870697","0.786222510367246","0.391205133725874","2.55062160933589","0.948629306128822","4.41637565688585","0.224640058165123","-2.34525127821936","1.29422220894289","0.463115773240901","-0.186644194141628","0.263758632957968","0.50309254672264","385.320466261365"
"ts10r10f/symmetric/berlin52","5.07780220738204","-0.0785776632639449","-1.07308859548199","-2.32613997610104","1.11486093719021","0.0613511077301025","12.7533581094011","-0.0806518140853192","-5.21327441836517","0.0855719952171904","0.65361348330935","3.06858158580695","1.79527699190075","-0.029147725762459","-2.74235171843475","-10.6998672194466","-3.07816411485554","-0.0150042152243005","1.28590907083796","6.90744468970958","-3.90715363085531","2.27746558352972","-3.29986665880931","-2.81205686727758","0.548362610687113","1.82047039716813","1.12706145331222","1.87535024783682","-5.79351476647704","-1.68268802881173","3.76706935076454","139.557936515786"
"ts10r10f/symmetric/bays29","0.320842583910998","-0.941265197481567","-0.0302301670165784","-0.93797433833517","-0.208205310042829","2.82172785496844","-0.0639282781017002","0.173969740169938","-0.31001915484569","-0.0906283607822714","-0.0768408934973408","0.477260166796175","0.0248384781627243","0.514480739181545","-6.26048955235233","0.163522777918534","-0.0415626332770489","-1.45387700054538","0.842077113406444","-0.0761385896244237","1.33567987065661","-0.00412445074938617","-0.00599864137305717","0.735504980040549","-2.17609985887667","-0.785424015868401","0.875169759471173","0.315682640496944","-1.08205872767495","-0.13498047438209","0.549695702849338","177.520708467519"
"ts10r10f/symmetric/bayg29","-0.861240896318264","0.0719167496381681","-0.165970053428349","-0.0720788542049859","-0.0671707720795585","-0.0877069017035821","-9.70852907255685","0.184455833991475","1.96902395499773","-0.0659151026713083","0.435758633732071","0.0759630402583657","-0.326633710609585","-2.01283632717425","0.869409011445976","0.837366499079656","-1.73531325762347","0.0673396545757965","0.251856242936542","-1.55393950693933","2.39671337681519","-0.36302153762698","0.211721354347079","0.581017270578748","-0.489852179365774","-1.23190284629799","0.28140694231506","0.276341299890145","0.521558489052993","-2.34299552332774","1.21791765150546","126.156094166791"
"ts10r10f/symmetric/att48","-0.314320863845455","-0.533953183974949","0.024420746305389","-1.21853533286213","-1.83209526051404","0.0427109141243682","0.103053977940934","1.36219265369931","0.00318234557441192","-1.36481340953944","-0.123564664152294","0.13814006405483","-5.91497414899692","0.0518335306858454","0.896288658190789","3.56313523657655","1.05558301248171","1.54551190504128","-1.5875076942218","-0.0341567708937172","1.14810501886288","0.227019401430547","0.439292423836478","-1.76162957012721","0.673390359565385","0.391703805886387","0.0996880750604551","-1.22146396613642","0.108880296434292","0.958644636532877","4.71473302988601","194.43267379485"
"ts10r10b/symmetric/ulysses22","1.18425948828623","-2.31116669686338","0.242820283666191","-0.289956653390808","3.63534151802167","-0.238168909275704","1.34884182765437","0.0992200911518234","-0.686423333004349","-0.0363659106134257","1.02397263974817","-0.350427777343385","-0.886237401521658","0.555331002817173","0.199694670859111","0.503077950168078","-0.493666431410292","-0.16869494338739","0.631459901511783","0.164782860222872","2.11496601959843","2.20878408791827","0.352392198244508","-0.110711811647399","-0.845288469526948","-0.0352971154518405","0.385642263197097","-0.726806388581203","-0.461102302776029","0.117212894524223","-0.0800378534488477","7.32788987175783"
"ts10r10b/symmetric/ulysses16","-0.0307757313036603","-1.25638864345013","-0.407281125925884","-3.3861188130348","1.40961119535581","-0.758465796328013","-0.110572063538173","3.74667531529492e-05","-1.74350411993041","-0.249608268557841","0.119163847728378","2.56582990782515","-0.031729949598878","-2.05201079076803","0.315921723092486","-2.90926479882528","-0.673537644686121","-2.04291223855216","-1.83702831335733","-0.388680143481004","0.0738480881192621","-0.695724732867829","0.63793120505182","1.63582455288517","0.273601016622043","0.711515733237583","-0.20275762368158","-0.136976709724405","4.19388713789183","-1.5386529017639","-3.72461787923078","3.81261597860563"
"ts10r10b/symmetric/swiss42","-5.62189998831393","0.182460835300747","-0.424914231360965","-1.16906879896847","1.70001759029544","-0.126347381417417","1.15800626033264","-0.345834538187738","-0.369495709734868","-1.34758260596063e-05","2.7868098268873","-0.16398043006689","-0.0268666797973985","0.149491862092087","-0.187774242657049","0.258528064169314","0.070194855566196","0.0689649363428211","-0.197998103699657","-0.502880116029724","1.04103045166579","0.193968087266048","0.526799500285547","0.102328990467309","1.44613613553688","0.191923026136847","0.860751301285301","-1.4185708508719","0.119333673027306","-0.0107975496495063","0.374290713192129","14.2803017091261"
"ts10r10b/symmetric/st70","1.12984133087043","0.100678182863945","-3.34339714900557","0.073916076157456","0.548305004734783","0.747836250036515","-0.582801522128742","-1.71672257964205","-1.15178960450327","0.293009427398829","0.721863877878702","2.00971211297034","-1.96972594317611","0.106661551975686","-1.09141943099415","-0.0675422497171552","1.266522513755","-0.177940601397535","2.12653972427381","-0.0823728390185966","2.35181862053149","-0.240941269899052","0.356633529459887","-2.13916824141263","0.573895453685451","-1.08857792997282","1.00018439552715","-0.226939817089425","1.98486347771951","1.84399581718771","1.57819831149926","13.9756737353419"
"ts10r10b/symmetric/pr76","-0.159195426599462","0.113264176342947","0.916553735357624","1.97028152977725","-1.32235955768464","-0.091882368807326","0.933897183244596","1.65228858175203","0.598892172979392","-0.121402171956879","-0.0746522202312087","-0.208307615953046","0.611749501901951","0.102451505387849","1.17789871407144","0.0312538075600816","-0.658632542593567","0.0746812979661123","3.53118648729282","-0.109199288857724","1.39759705263444","-1.20605775256509","0.709010417996079","2.52259251655731","0.318276403696715","1.39283756507588","1.93420858064264","-1.64908216383265","0.487226225103106","-0.0328317582705714","0.93465596890486","15.4810967330038"
"ts10r10b/symmetric/hk48","0.657056397352323","0.992685003143874","-1.59097199895318","0.118794932575914","-1.07144409063012","-0.255221367272725","-2.07631895962468","-0.137575044358457","0.8016651417693","0.320740311278214","-1.66957374430036","0.208014985200757","0.68679684654983","1.0454344499026","1.22265912162935","-0.196552405482178","4.09470571245916","-0.185951753319343","-0.531072425614066","-0.369380937705739","1.20042144232177","-0.0803570991871143","0.724455675460074","3.02486569088796","0.681036030697749","-1.33929198133741","-0.677384224934933","0.175064731646358","1.39435447294878","0.83670947750952","0.84937138692994","16.5090770755369"
"ts10r10b/symmetric/gr96","0.682543001818682","0.894076921749079","1.96671676317259","0.0860934048195595","0.846707594803198","1.53573651871144","-0.585763339231296","-0.121539876934057","-0.218532235787106","-1.64947404755245","3.2946730657709","-0.085342822736391","0.982102287264137","-0.119255909988038","0.13271233906043","-0.651079618457726","1.17065451525261","0.0486442639675194","-0.39575576238221","-0.0895649386887122","1.42497066613206","-1.04364390363316","0.773152015343327","-0.225378365295351","3.46006326384639","0.746050463980463","1.32791374268704","3.12713049376218","1.61617292983537","-0.907147544273868","0.87494493195929","17.7835974134321"
"ts10r10b/symmetric/gr48","1.24186409861393","-0.150317890111241","3.74189303749038","1.43322157502193","-1.00603137233523","0.145007872025854","0.3896138315564","-3.26322029401592","-2.3203708828035","0.195335182413153","-0.16890923057318","0.575834534972651","1.16704475575749","-0.219830721926792","-7.92608415205874","0.308700391497736","-3.37470142428821","-0.964378588056526","0.509926709957232","-8.42363745878807","-0.975655767732462","-0.268139529958708","4.74854525319746","-0.457208797730147","1.45443926677936","-0.824088475664052","-2.2751100326906","1.62768277136793","-0.213662339360308","-5.00776797132051","-2.30906960957066","14.4802511703361"
"ts10r10b/symmetric/gr24","0.0912725133830795","0.263785417615164","0.51806242292741","0.0409818468346468","0.495712475466652","0.229571470082746","0.575306938539836","-1.97615420466865","3.13340496825392","0.224074041170569","3.94283780487434","-0.529220945682349","0.895340467300775","-0.491146582923551","2.5470138463594","0.0607164377592513","0.628182058275096","0.602081244954174","0.944629197338338","0.0848241131789225","0.692667291257505","0.437036967670559","0.00412343428305553","-1.14744122005904","1.73615027547213","1.43861568681995","0.403053833506661","1.37182597387981","-0.417813407438259","-1.16402340605892","0.160344076767878","8.32678946314362"
"ts10r10b/symmetric/gr21","2.19050971851219","-0.588706869174042","-0.0528218669872602","-0.597776811358235","-0.617408188480695","0.42424331406313","-12.2892659560461","1.13159147176932","2.15149360677788","0.0420845986104941","11.1748300172428","-1.09877863251862","-5.65482526383126","-0.0254454787319637","-1.50937906510464","2.85674146749881","-4.22254454708758","-0.459715907340776","11.4490725711506","-1.07881136910917","-0.128021734413267","0.411157083752751","1.89049142181638","-1.08507630628113","0.135863602203136","0.0638411028089953","0.692458214223536","1.28162542682714","1.01341122827154","2.09443733531445","-0.38555777265818","9.122772336405"
"ts10r10b/symmetric/gr17","-0.0166705316145703","0.810632390018172","-0.0467949927051735","-2.05528753246757","1.51079543921929","0.163821088719306","0.125532711698801","-0.415755210477784","2.74255160443316","0.0237564613362605","-2.47487243638327","0.619117992921651","-0.546017054359918","-0.461672909847489","0.483385780854252","2.14632528098693","1.40374272741134","-0.000825044505607346","0.475948635502302","-1.01878876795544","1.16911632207055","-0.913329999934998","0.707792609911505","0.756712765880069","-0.690888647594647","-0.549189127179702","-0.766564098720259","0.194132083203664","0.340386322845094","-0.0478981252443527","1.57096759972331","3.89189210851334"
"ts10r10b/symmetric/fri26","1.73896090343112","-0.295474877834056","-0.0574353896615927","-0.880472145209713","-1.74024228415337","0.275164125620889","-0.531202869496595","0.265523660981012","1.64398421339574","-0.205361354158287","0.245131400166209","1.61681293747068","-0.407204177240599","-0.665652649183975","0.171563450734335","-2.43494965099988","-0.242397608858403","0.157753334495962","0.776815435608452","0.0761759079449119","1.44855233894886","0.828547235000356","1.91465735459235","-0.562121331294195","-1.01338501829785","-0.393065358199479","-0.0905093233437117","0.629506185164484","1.07094292136697","0.564885461561811","-0.345049058386267","8.41622893087496"
"ts10r10b/symmetric/eil76","-0.88106467629175","-0.0447963192413007","-1.67035364478916","0.0727909442241011","1.38248415857224","3.24394230781829","-0.832206901335687","0.354275918252442","1.59753163647557","-0.240430161065362","-2.06581874126112","-1.64479413670654","3.27701930892781","-0.100578182777504","0.866440510237609","-0.13705379900422","0.91927487957715","2.4633614944573","-2.14659266482689","-2.74982493854144","0.626790401701337","0.328251212612194","1.02113244510283","-0.398798360615502","-1.56633453439193","-1.20004173996613","0.534481451570508","1.31938931523863","4.59035701718209","0.350488988211819","0.432605433898665","9.39541211561354"
"ts10r10b/symmetric/eil51","2.47373058627731","0.45239802293924","-1.4731191548541","0.766999050437109","0.0739989726724238","1.7457679261235","3.93304667617103","-0.313981900290693","-1.71472101085185","0.41509248086792","7.05892435189717","-0.291728220845006","1.33456732498774","-0.141473015436347","0.50506283654788","-1.46417579273182","-0.302012691857233","0.142000146045951","0.695885789492057","-1.91556839502184","-0.310339663892826","1.62725005159395","-0.153138067740503","-1.35459854620856","0.837742776375603","-1.79393066670539","0.345364400707038","1.1830098887672","1.02624002269652","2.00015726540753","1.33928646792016","15.2964452742569"
"ts10r10b/symmetric/dantzig42","-0.878779469297538","-0.137873397560469","0.438556969098014","0.954611461941646","-0.226843745209735","-0.134895848138762","-0.185584044907506","-0.195559091527782","0.843453279918083","1.04797069628084","-1.97185296184059","0.130784397161012","2.53137155843818","-0.170496015788775","0.211508584979571","0.401527031648964","0.158111621488501","0.121057569892793","0.458049688202058","-0.381150335419133","0.919169761730153","2.23541903229767","-0.0675781813854794","1.07680553605152","0.750158286963024","0.549601821175585","0.849029421351157","1.34184379328903","-1.66377779376873","-0.581912001990931","1.13654095197748","10.7557936966565"
"ts10r10b/symmetric/burma14","-0.108485036148687","-0.670326571024187","-5.44248333899337","0.827542832632441","0.163314401738535","-0.666708919126794","-1.00921828624718","-2.79127023774401","-1.77583295700213","0.616953715751701","0.706142907328542","-3.34090576314108","1.00929909142979","-1.00037080673859","1.56668278126055","-0.694846557203569","0.250168186633361","-0.732006583145474","-0.0957891592335516","-0.141623069064622","0.29047559151781","-0.387974271298336","0.0915156711932627","-1.51219021133348","-0.280725847543745","-0.389051047929242","-0.777894339011709","1.21465910801783","0.6750762990678","0.620604808309844","0.0494070884442992","5.12459966434011"
"ts10r10b/symmetric/brazil58","-0.877725217788593","-12.5087359145436","-0.387569403724172","-3.53491347198765","1.10958212140982","2.83226050310548","-1.46020670671118","0.0776992484247329","0.572344266737889","0.0955264135304228","-0.648598216432759","-0.606885508946861","1.67578157248851","-0.104909790492874","-0.251647808768097","-0.107491345585864","2.18854282164614","-0.384302370026931","0.762848008258687","-1.68294426840638","2.60376013089584","-0.447959272566798","0.143593132454415","1.75129548022007","0.544022112151156","-4.89832080373398","1.99588742717893","0.971275444280046","0.471176875299687","1.15418109111118","1.71921568011747","12.2948631976253"
"ts10r10b/symmetric/berlin52","1.25756965618607","-0.0573713822973028","-0.29087478325327","0.138300347096952","-2.71525226726012","-0.0842366004643515","-1.76782076587933","-1.14656966352118","14.6532366832806","-0.294149211444643","-1.58655192519656","-0.0158403233601955","0.334786464917952","4.04836645968549","-1.16471662226396","-0.086718385783206","0.615710471800853","0.365335620143757","0.240084931653583","0.0471902448676415","4.62377560288607","-0.0785218049555137","-2.07633946220852","5.12809020701349","0.445123653910813","-0.117463346039271","-0.541235262092378","1.46199587146234","1.1923988172976","-2.39580379281395","-1.6117365325424","13.7250030084195"
"ts10r10b/symmetric/bays29","-0.90043641658811","4.00109304467069e-05","0.498160635206661","0.287741614602195","0.564628336523893","0.305477660444971","1.19804909110157","-0.267633096744146","-0.207152483234078","0.174402588977954","-1.0212247830644","0.204432594985659","-0.741587887732366","0.544265649353868","3.57801398483147","-0.21817291522682","0.723168664519531","-0.928247942050412","-0.632544825550979","-0.422891847982328","1.59826161380579","-0.169849663741936","0.486209340281688","0.742905927015911","0.761715185702294","-0.979977290791273","-0.903303531746176","-0.893199995687997","-0.225732051420939","1.05503223158703","-0.112465400890361","5.52325270338673"
"ts10r10b/symmetric/bayg29","-0.930755761702129","-0.484908641397826","-0.823174747523602","0.400268786481895","0.739985897534844","1.03122025284193","-0.825493752777492","0.461001137716642","-0.3478377769881","0.182449728965483","0.981277495743077","1.73542767775481","3.74914831710317","-0.348249202774501","-0.315038191086604","-3.53955007818137","0.970044922213638","-1.30191459135819","0.662876244482828","0.620724418378472","0.0763904226396882","1.31484777203616","-2.7312579207554","0.517195372037886","0.753140296695549","0.244609154914654","0.549611346415175","0.520966709404296","-3.94329440615547","0.65359975407362","0.593933000745005","6.82725567511539"
"ts10r10b/symmetric/att48","0.949815406057368","0.299499806398728","1.26679734742951","0.101813525215926","1.34291683596363","-0.255770163490134","3.5770504172745","-0.199201296532078","-0.26785746177417","0.394872624542923","0.620002305082081","0.188708858169028","-0.188241288072585","-0.248133476191958","0.431330070584356","0.153178619146886","0.309973829562417","-0.867756220225188","2.13418911257473","0.193307225807503","2.4486561466024","0.0634190636833725","1.50378472571669","2.02712008818703","0.776032097603214","-0.825672163803055","1.28692002643784","0.71243143492142","-1.98312444035669","1.35390744175405","-2.48629445204542","8.67664204968689"
"ts0r0f/symmetric/ulysses22","-0.588280781752733","-0.0524021680978969","-0.463581429353707","-1.58537247770417","-5.61685601962714","0.212160293949627","-2.79292984806132","-1.36201696532743","7.76588281451577","-0.23225601122418","4.33888858964501","0.0123361135367493","-2.98581884068877","-1.91052688872697","0.0860151328506839","-0.125453599639119","-0.719715178697812","-0.25627608864863","-3.40365884279725","-0.138604676131997","1.33652304988201","-0.965064390627821","1.3151151201812","-0.199037782876935","-3.75113002232682","0.543428490865645","-1.12064315215835","-5.41768517282259","2.5494190363415","-1.50694244391208","0.78202635534041","89.8688464534477"
"ts0r0f/symmetric/ulysses16","-0.684392944306311","0.137181674909126","-2.66747246659075","6.55598985379314","-0.685742640025288","-0.16206541999748","1.66673061747756","-0.212856702584224","0.450243947239584","0.326897779774092","9.20566048074161","-0.561100568669867","2.13202943738552","-0.114960209795344","-7.22552901663582","0.433342369782336","0.42109873368185","0.128030156455305","1.22465093579672","-0.345194266876671","-3.76404977315229","2.64207846446811","3.08120641000963","-0.481554964171308","1.17908766726538","-0.598193570494949","-0.929786782417214","0.359695543073669","-1.57877101444502","0.221033077020524","0.866886472840918","56.1177031795302"
"ts0r0f/symmetric/swiss42","0.626357121251124","0.135653847832911","-0.9955974643505","0.0565980397871283","0.304074490360702","0.0794756530355185","-4.73824386175823","0.0542798913660857","0.804221131146083","-0.0483074076886366","-0.0115412176593117","-0.186660485359898","0.142760838427499","-1.30142924929637","0.0935496329244924","0.0408949310847603","0.609821045336343","0.793401356645719","0.15092215796069","0.814729766896879","0.411869356767729","0.389047104108361","-1.35629925512455","0.682463787384311","-1.12575703097832","1.54927425893399","0.834349129628423","-0.0740913075889953","0.773726555881083","0.129716943591292","0.0736027713335893","86.2944882221106"
"ts0r0f/symmetric/st70","-1.0757106110064","-3.09700506933362","-4.33555839052908","-60.1857048661592","1.71308709849867","27.3160678610086","4.26156278034986","10.0991443374216","0.890504605768035","-0.0249138894894545","-4.42335131876931","-125.356145460766","5.52063819797028","-0.035519199754426","0.658684274557336","11.172583960647","-1.02411827870229","-0.0164062192535815","-0.157510438999859","-9.58288022859415","5.24587779945266","0.288708552618912","9.66138431152929","-6.08504268866618","3.43432032677568","1.97278731822401","-9.02719417824312","1.60396588785158","-2.57380784501938","4.64366390593167","-1.58381535773683","360.068661873708"
"ts0r0f/symmetric/pr76","0.975770456570715","2.2457311226466","0.2018426048277","-1.2222141920098","5.88781496280393","-0.0273694533978144","0.652739365840552","2.56026780073704","1.05927173531603","-0.017934098247119","-1.23586378182325","-2.97768190192213","-0.26409467727163","-4.13672824236512","0.354745409229277","-0.113894817380231","-6.14916076990834","-0.00777123076906835","-1.04123366703058","-4.28568736466816","0.717076651350815","-1.05497942004379","-0.0269552417469299","1.28201277559369","0.372280905859146","3.76298812481843","0.294413084860779","1.39173611121439","0.368888253184985","6.98979561136978","0.90438055277594","237.914373953105"
"ts0r0f/symmetric/hk48","0.63311871056424","-0.180128024133824","-0.118274032126643","-0.0606939276890681","-0.625122578238426","-0.152167516237355","-1.50106322869682","0.110426259454612","-0.326158063465452","-0.0245096738821003","0.713799586157655","5.04204973040441e-05","3.83121179127752","-0.0456738238229853","-0.336837077090674","-0.181533999306511","-0.179636014393046","0.661496706011371","-0.0821071484071021","-0.0378476350098197","0.0634722567957675","-0.0094741086751726","1.22783150321762","-0.116943219069918","-0.103559884760633","1.10708232322919","-0.224723884756351","1.68240186757661","-0.088719693281373","0.212103530569277","0.931753884071111","264.112868080202"
"ts0r0f/symmetric/gr96","-0.42965907382538","-1.24936541991053","1.62211841461455","2.8981357888131","1.12676438732105","-0.0451348325801424","4.39249954841732","-0.0172884376421871","1.1145678702051","13.6340869643863","3.38758213360178","-0.0284587789863676","-0.230763738079551","3.22036966904537","0.924137424328931","23.6620448927827","1.54986526597987","3.57040001127277","-0.611630561738884","-2.33614140202633","1.9755076395698","0.951275962384149","0.495931269112111","1.63847927715667","2.65764833472251","-0.444735285730207","1.64217724552665","-1.85554102013563","-1.41360280217168","1.25039950897337","1.62300530249549","253.144484867726"
"ts0r0f/symmetric/gr48","-0.698725515952763","-1.01110838487381","1.08081655238479","-0.00885772186291933","0.514719301691607","0.220946326973074","0.122543664870762","0.028021623214478","-1.58972384854821","0.0543206972716686","0.318089865251454","-0.672642416290094","-1.85379565869149","-0.11335178214869","0.53086786037498","1.25119041961591","-4.74189270418215","0.0514661325938677","-0.50723387438082","-0.587721153095027","1.6523089501468","-0.278738261130599","0.0116052201675038","0.0131043657427897","0.478232308062092","-2.03692775900025","0.729095160035306","0.847687246005058","1.27211384095224","-1.37694744628846","0.302855638955307","177.403214667411"
"ts0r0f/symmetric/gr24","-0.149495383712324","-1.39770267196766","-8.08925418522418","0.248780410005974","-0.591305694438324","-1.23434157822186","-0.342623931372288","-1.53790278923021","-0.0173104840578938","0.00880640570629541","-0.126497921079477","2.03543191193938","-1.67248283863281","0.181368078263492","-2.08898817257637","0.0777098128998271","-0.703445457873024","-1.60051959681264","0.194048097076595","1.91350702775446","1.31861041803468","-0.165973142923167","-0.744795604269747","0.000397722338228594","0.014572962625234","-0.124832501058856","1.07837316711173","-1.14648532078619","0.114054969019003","0.521337427528496","-0.479370782801128","108.868018107874"
"ts0r0f/symmetric/gr21","-1.69841237228944","-4.27704393162812","-0.956706584836161","-2.5689493540657","-0.194571921353352","1.57165139341267","-9.21561203059117","0.360398029099235","-1.52688187347969","-3.23633033006291","6.2457218591618","-0.248420133919781","3.67279730852093","17.6941502708044","1.8152241828949","4.67347060595592","6.28771215201312","-0.234036761320008","13.126886244983","-0.326532926047225","-2.88080565577999","-1.27888212368812","-2.60886447088795","-6.30643077997385","2.65321614463295","0.717129386771412","2.5551118963071","8.77123346876317","-2.2328457027466","1.80602088859932","-0.237697676302819","125.23081900449"
"ts0r0f/symmetric/gr17","3.58523388836407","-0.306598742125746","-1.59896194362929","0.366271227358614","1.10777398229968","0.188452571139888","1.48599792878043","-0.350560294211418","0.0995398016039663","0.133989463065701","3.32742330135314","-0.160159250354404","-0.596630518687326","0.181310161371153","0.536880859471811","-0.175600386646184","-0.689313079130954","0.197256363678373","0.158521724529416","0.420379796942947","-0.25265354036768","1.56984952350933","-2.15597422909565","0.611822652172807","-1.12345779360881","0.498601126607168","0.352788047170346","0.997130146621401","-0.268579631771751","1.07620059396369","-0.772725427307243","103.921974816107"
"ts0r0f/symmetric/fri26","-0.356350619224971","-0.680634217176581","-3.763885775991","0.112595140006992","-0.730198309352016","-0.0530095332294264","4.25637791453478","-0.000331728777182662","-0.664795007137317","-0.206277832098896","-1.5760410395912","0.138696723420948","0.466772322249168","1.86861421123656","5.68662120272324","-0.141834827962742","-0.636358456695117","0.3276834707022","0.79716355214669","2.32967376366708","0.408921454613933","-0.0630036111247534","-0.366980168609036","-0.24509406740246","2.3643863525726","0.248376082594885","-0.880006250698787","-0.819799224470579","0.539479847379283","-0.198264358710602","-0.420254408106561","79.8269459011126"
"ts0r0f/symmetric/eil76","3.2605796381894","0.0612314441523761","0.296484705110361","1.49804014718098","-0.316569819789757","1.4256863149108","0.987299829131409","1.08888865434689","8.68864689413341","-0.0425810882351582","-2.60745795637587","0.0238377334975705","-0.269508504455355","-1.62216543442889","0.00131549980776136","-0.0364212552519707","0.506703256045302","-1.75164321608414","-0.0622110877051708","1.17530883173272","1.48879403561373","-0.536067064902401","0.693102771262297","0.0257468845448937","0.702643131458189","0.648964690463228","-2.19145755862353","1.42912774865233","1.72916082402288","0.91395850765375","-0.128372135821727","209.569606079166"
"ts0r0f/symmetric/eil51","-0.907018505010346","-0.802032374025983","4.04472537755708","0.00823948382681748","-0.556643912335259","-2.25600546697595","3.20732180432951","-0.040860915353798","0.755665396489669","0.0389307185497377","0.225404470378284","-1.17993720587719","0.0422977480908892","-0.0577362792611668","0.595538078828461","-0.0559903885832747","-1.46363759890451","-3.40499908549521","0.0801706392378935","0.929553969434904","0.867629366929929","-0.31064475087709","-4.51548442735003","-2.33352786539024","2.00955629927704","1.61397633986747","3.30594194360494","0.918638237378418","1.26734928613652","-1.8478866149296","2.06581378779566","221.715100059572"
"ts0r0f/symmetric/dantzig42","-1.04673982989174","-2.8085927133774","-0.338161993830748","0.143039967548093","-1.45118318753675","0.0432237866804969","-0.517272379255318","-2.96056620263625","-0.468240868047887","-1.97181021921821","-0.31678669253895","1.05605325762511","0.176222892938036","-0.157481336870259","-0.152169849271842","1.35223585934788","-0.260334363380913","1.47934742508702","8.29398590441258","-0.0874027480009297","2.41009766978924","0.611029912313246","-0.53830389301292","-2.74374689467553","0.0163401529168256","0.0749730492002748","-1.36803119840569","-0.0147543670804099","1.85743850946206","0.413510666324059","0.826348249562753","151.816776093341"
"ts0r0f/symmetric/burma14","-11.8063873232179","1.00361026269726","-1.34546890757112","-0.863831649099602","1.215371761497","0.0455882122727423","-1.15303820484367","-2.28452135321724","-1.24972714988477","-0.925701902817252","1.80961099807804","2.07827000864557","-0.291793288817497","0.408666251174097","2.55640091708741","0.247774769435613","-2.46088373087556","-0.218953427771474","-1.06840421458168","0.528322633533747","1.29207778011835","-0.34195499703885","0.0711050074670325","-0.273905302754601","0.822933273053458","0.0173081166281156","-1.44721815222728","-4.90713552540962","3.37365656530481","-0.428469106887469","2.29611698866387","78.5800880178916"
"ts0r0f/symmetric/brazil58","0.880448502650508","-0.0258819031110782","0.566434671780608","0.571860891312847","0.654342348752454","1.56522688166263","0.00133919279048968","0.18294122053","0.38090978417934","0.779416362441059","5.37509415409238","-0.0364063546525088","-1.44085794102815","0.026965827235922","-0.354256833478534","0.896074260797331","0.00692286918607335","0.235172050046357","0.361552628978899","1.51058164427761","1.37237666452383","2.14912910974235","-0.263320940846769","-0.689014950591382","-0.400829468731244","-0.264919317428514","1.38012339640029","-1.00186584990585","-0.0292532422094403","0.166139565684409","1.0981077944276","306.710743033395"
"ts0r0f/symmetric/berlin52","0.72541666413518","4.85024433245845","-0.662362944125889","-2.56558489378105","0.657944592624382","-0.0290154983349618","0.218284356923315","0.0878689995910528","-1.1234719910657","-0.0133194644350315","4.85646901266975","-0.0392369069390746","1.10261635250153","2.27320183686563","-0.853168469039453","-0.0219717472504139","0.652540475935526","0.131528464435937","-0.0587888348945563","0.388523556527443","-0.73518790796011","-2.00662497303933","-1.93401893842067","1.19379501347429","-0.00469004867333365","0.389076377559497","1.14967164115774","2.64797421485854","3.3061691595851","0.271949405837018","-0.139845465454286","173.358706179236"
"ts0r0f/symmetric/bays29","0.0384310542509081","0.038877579019696","0.0758611363312077","-0.133787308754533","0.55494082634213","0.310131089520032","-5.67078567888024","0.157777455752409","0.818972189959168","2.19500723829834","-1.43500062893421","-1.73789002214935","-2.72205122446349","-2.28458401689843","0.958967394569525","5.4066906315951","2.73102993367544","0.00166123351443555","0.319641825266573","2.58197700949296","1.90841966863296","-0.962020354064935","1.46921863105594","0.565086040349217","-0.875935198427786","0.860556758546396","0.0615490721119075","-0.304226182013905","1.85667480921868","0.0815400565061211","-3.43276334126612","226.637776707036"
"ts0r0f/symmetric/bayg29","1.27527253781504","-0.0794476132827559","-1.95027142626822","-2.31230452817243","2.71789461148921","28.3112599439617","1.60207423794629","3.10271695846033","3.02905823603155","4.39621628365261","-1.33821907542361","-3.55707985687672","7.40060465700716","-0.131815517478212","1.45425941508755","3.37348656348921","-1.31477757280659","-3.83139565264428","1.05552993046971","4.38596974345225","1.82355371457814","1.57861927027903","0.281008866543482","-6.34194648318075","0.62497058472432","1.46068701399472","1.07644556649678","0.681368746677478","0.910338993130276","-0.75731932115996","1.53122877301717","86.215979265087"
"ts0r0f/symmetric/att48","0.559015293623564","0.938475648276095","-7.85381893242532","0.0658802835744706","-1.7089428175826","0.0434236975388703","-0.432270684742695","-0.319024073291478","-0.0885900084404956","1.08262085202418","0.475789359161691","1.15062089222063","-0.394512547244836","1.21694710376978","-0.064674250412849","1.27406261070275","-0.781448552461938","-1.53436670452779","0.115881222024404","-0.590779801362378","1.44928469214772","0.409045300208004","-1.05298997735385","-2.81560072532551","0.355443024836783","0.208485241715341","0.646453584742331","0.452236275658249","0.711962170880817","-0.156307457781906","1.28991411413237","242.975117563753"
"ts0r0b/symmetric/ulysses22","-0.297320407410609","-0.299172999326479","0.4186358368361","-0.199621450185349","0.26041549594374","-0.166261305735421","-0.671533605715643","-0.579607539083221","0.827585522187321","1.87451753280246","0.485349145334865","-0.598071213754182","-0.196046452176552","1.10509202588502","-2.66743822117411","0.45477850649981","-0.662484784932464","-0.626954838819324","-0.155233504950983","0.783835760232832","1.32308283298881","-0.380798865836707","-0.103812913005293","-0.140853727338249","0.683063888998878","-0.229383995634518","1.40412642531432","-1.12470155278583","-0.654104601021734","0.349160923888407","0.698521967825501","5.996683155383"
"ts0r0b/symmetric/ulysses16","-0.16713117056063","-0.842710798352531","0.416658091653347","-0.0313900155209671","-3.5732975998498","0.910314330924551","0.482621604621531","-0.737337811720028","-0.299283705031188","-0.439499713424157","1.1525790075353","-1.72193278980437","-0.100646384212309","0.0415899225045645","-0.448514721231101","0.0509932073528713","0.624280633748783","0.237392358025383","0.619998610772533","-0.485924548523833","0.858965961143901","0.0199368475210931","0.0607090133220239","-0.584037890765792","0.444972886023157","0.0211694786192662","1.77100383446213","-0.0733274747602954","0.148820474618676","-0.348234370195256","-0.811637976643303","3.92300382128517"
"ts0r0b/symmetric/swiss42","-0.271102689386317","1.00679396795964","-0.00231277066617294","-0.110602580040718","1.12654890481855","-0.211189383496887","-0.695767781367571","-1.21321968241305","0.453670437193678","0.263520723601479","2.73132978737047","-0.184295923479479","0.543998802326866","-0.434165422137138","1.8085985051803","-0.153020944941676","2.62256955167686","-0.126816785412432","1.31150072342157","-0.261879081934175","-0.649160832635294","0.324956644208415","0.279114660688143","-0.938190442405944","0.471643590976547","0.369479789477119","1.02882369040546","2.22637749528998","0.635561990988044","-0.399014968425713","1.4398251526673","10.1547631229986"
"ts0r0b/symmetric/st70","-0.237455911491905","-1.32615736511807","0.768993112848242","0.935155185292041","-0.740769337188003","0.801989536992355","-2.25719042093805","0.105921983327222","-0.492662869143559","0.104391818145924","1.55577271042619","-0.234880796568869","-1.17318762797953","0.000472512767602227","0.496523240872181","0.789001192376272","0.678756674002764","0.932437027154573","-0.374768838248444","-0.216894481947586","1.8676780135721","0.459549509864002","1.1497406581568","-2.03626657749662","-1.46872367639296","-1.66493918741304","1.65167979317598","0.0380385342707384","0.914723323369537","1.22923791681944","0.779747717970041","13.2855796935808"
"ts0r0b/symmetric/pr76","-0.408503832028582","-8.30603461899353","-0.389939254278423","0.0683606614029936","-0.151426943393487","1.20225550491897","-0.0969031742376195","-1.69629027128197","0.00647566948836864","-0.459736696434581","0.951396830956313","-0.0999993142493949","0.777426511383653","-0.182678934056593","1.07972291879622","1.55023668476774","0.109017856955242","5.93392665958539","4.77508760060454","-0.127192764840697","1.23887605213186","1.46713586526666","0.0997839089771237","-0.753626118509287","0.447202666025009","1.48724932911495","2.8305380967047","2.03787564739073","0.391270035796699","-0.966395006340036","0.513148860218244","20.5693669782699"
"ts0r0b/symmetric/hk48","0.274654850558445","-0.0921652620292888","1.31282211053219","3.46868774317219","-0.897941874549542","-0.0377369124711243","-1.60656928293842","-4.09180359679612","-0.615545483625164","-0.179556877025751","-1.58219084679813","-3.31279961555602","-2.02077414045395","0.133749398648467","-0.611247284454083","-0.221957378553401","-2.96608405467051","-3.44784481206167","0.142660676798776","1.04976289183749","2.3860794850714","0.688737182215362","0.227314858080176","-0.619576579572224","2.49811743038706","3.82073162152151","1.15534677848252","-0.845108205402195","2.38952556164364","2.44816047337736","-1.75831133231244","8.80593980109877"
"ts0r0b/symmetric/gr96","0.177322713043711","-0.168491015198202","-2.89990836155507","2.38318887189275e-05","2.08009967838547","0.0245054838455424","0.233581685877017","3.52596813891634","1.06100888396714","2.02701959738726","-0.757329363917188","-0.071470017239857","0.0560377993393361","-0.665900967685696","1.06785122448498","2.85856518920831","0.168767624076539","-0.130853588001356","1.36092878644618","-0.0660300928706024","2.17974296834197","1.35559063423594","5.00156429570656","-4.00295998824122","-2.00635697980287","1.40067860117691","4.19158616203111","1.37948531620332","2.10272618411147","1.88300907015296","2.45149632234142","17.1186803090282"
"ts0r0b/symmetric/gr48","0.707333306985871","-0.103026241087581","1.07600191202559","-2.3143721219953","2.01933760637027","-0.150285508193315","0.831250424819342","-0.390505626991604","1.45587385471094","-0.0792414846316605","1.62219903569642","-0.133914470790197","1.9810479822399","0.00102337474524896","0.911163923826484","1.35877120264565","0.998354554311267","-0.42845773645984","0.481465368121221","-0.261929461998336","0.489737380394385","0.0189036315811888","2.58053289778107","0.898435390876675","-0.0124576321903928","-0.354334878806632","1.09276896188813","-0.109786598889075","-0.367653139234122","0.732649980362447","1.8453150560203","10.3583783908937"
"ts0r0b/symmetric/gr24","-1.39391532640385","2.75181585949233","0.610767714454517","-0.247360000972895","-0.273911445119164","0.198549841126395","-2.02117576194638","0.318194616222634","-1.49839165814464","0.096914450640488","0.678074896485895","0.246281883533126","0.478764970147459","-0.194227451632672","-0.0129686967686519","0.00564996533382891","0.306992075991477","-0.703274179925413","0.523396802976978","0.00779913755710507","-1.00048222774193","2.4928413235945","0.468137175739074","-0.281948478633972","-0.484299489984498","0.537975979930456","-0.830107081448711","0.398287845290733","-0.136589708348599","1.91450278553014","-0.265491158941693","4.68817972937822"
"ts0r0b/symmetric/gr21","-2.86960540012563","-0.188128094630254","-0.470506119718983","-1.33406978885503","0.504936739229313","-0.512180655293301","0.224458056974037","-0.438860671796113","1.1186904127205","0.570767502252176","-6.78174542310838","0.81514456923475","-0.147531335168697","0.312244014039983","-3.95008808982323","0.584763865555004","-1.69458094096582","0.523695116228959","-0.916624808336991","0.332238914354403","3.26675659918735","-1.12938662177387","3.53737281540532","0.279437659983649","-0.32820046013198","-2.07739445901972","-0.55007410808176","0.153544247192149","0.294549803004437","-1.84119643338117","0.771063822723897","14.1799949433195"
"ts0r0b/symmetric/gr17","-0.670108356155919","-0.339578770980674","0.450563314210217","0.400052714177517","-0.165271052543411","-0.349034013437267","-0.0773093665836682","-0.474655536790072","-0.189985469426744","-0.968930832606609","-0.390014294482032","1.54464637164136","1.94560629882465","-0.428401207640231","2.46039087863016","-0.629423720676166","0.576452527783536","0.148862878770495","-0.188159381286526","-1.60604577010065","0.970784570292659","0.887708236560479","0.283338987292877","-0.0216772574180616","0.155506890862091","1.48597236471722","-1.13151554336351","-0.53788352632491","1.04365545875524","-0.120242938146317","0.252610293662539","4.44980687178893"
"ts0r0b/symmetric/fri26","-0.926991570032937","2.01568200091652","-0.473092176162324","-0.130041830019844","2.21363591496974","0.353846419976777","2.06106916473293","1.20759035155361","-1.18897928286357","-0.421610769391001","-0.0324573218081637","-0.748008547954574","1.21447295968657","-0.31503763679855","0.691375982890669","0.561235488117116","-4.19684729542124","0.351590703717759","-0.0112462904215047","0.39902583794067","1.89810762636286","-0.731583405110997","-1.19446042353184","1.31358969897234","1.01547275442554","1.10451154555047","-0.0604892543546622","1.82668999052837","-3.95574469047655","-0.292093372240875","0.780583659613185","5.93495721061964"
"ts0r0b/symmetric/eil76","0.720131180133074","0.504026166926689","1.30415964765287","2.39532110512056","-0.632326942528107","-2.69251590381685","5.18103047061182","-0.138451415365359","-1.46402076029994","-0.111919531707021","1.19509627251348","1.68497358271541","1.74715048178601","-0.144771162751843","0.874561498880323","2.54333250419687","1.53753304685677","3.22832845366673","-3.53579767879351","0.21705062201402","2.63205228662637","-2.32563364659965","0.483014591693712","1.82326407681126","0.474981165870899","6.07943760093371","-2.5660879345255","2.27285905216701","0.0232528464821892","1.48014214097532","0.313593318724738","9.06199945224363"
"ts0r0b/symmetric/eil51","0.531874018952287","-0.323228115651675","0.25884221572142","0.445400038394678","3.89486255196276","-0.200035417839275","0.220444875160883","0.137015436999561","-0.201622459550647","2.05704287232503","-0.569937403473641","-1.1761957000709","0.714334334480618","1.52029702408882","-0.767553941371395","0.0343996799579966","-0.602244556368204","-0.155498016420767","0.329831428277017","-1.63290779016867","1.31073050859232","1.35682469516146","0.907494133757632","0.494430417296264","-2.12610995001936","-0.526058517441419","0.392609131123913","0.407029303049867","0.0582318506932193","2.5841155858085","0.944999243341775","6.2900167231491"
"ts0r0b/symmetric/dantzig42","3.66223564301952","-0.159886566382658","-0.0689241433642369","-0.167220020024485","-1.04083525194465","-1.76765532295676","-1.05682857482104","-2.14140373591708","1.02056687655701","0.570355981334772","-0.375649521834034","0.209992195465985","1.20028599906237","3.78649601267344","-0.28554058090098","-2.6495485773007","-0.513233704522869","-0.886353822930333","-3.43343519724841","0.133753618927117","2.33032503484012","0.845600198379616","3.11654469512149","-0.495180108261035","2.43904992325354","0.286875872969893","-2.09258042813343","-1.12647447875784","3.40486436261452","2.99123020371735","0.627556242299007","6.98211452091974"
"ts0r0b/symmetric/burma14","-1.93046114660225","0.628565528799175","1.76103625658596","-0.123281988491115","-2.28228815980144","0.495550033143013","0.897332217192278","0.883139330311431","-1.05485796085018","-0.503246172332655","-1.11274333834969","0.637637506061297","-0.227246249537801","-1.37677098902892","-0.44246055584292","0.197703107316066","0.534774746636447","0.334165474986241","0.387774653525307","0.287234462182497","1.09789206991918","-1.06098706022367","0.538550799610278","0.796679478856382","-0.498964162791731","0.15412597955176","-0.266499500732856","1.48298609484822","-0.20223367773965","-0.789710774556064","0.589552708384303","4.21409293032958"
"ts0r0b/symmetric/brazil58","0.340605193406781","-0.359825903046579","-0.715531079637425","0.392242592996591","1.68095724421834","-0.275330115200482","0.660311461583097","-0.169328880442773","2.09368592590616","-0.138223484952184","-0.690081616956286","-0.13957831733383","0.176820790608527","0.819099658997575","0.000106258900679109","1.88960957760748","0.472686862235457","-0.661966570460157","-1.94009501043894","0.414586235046745","1.45939982894466","0.640184031745607","0.615622741065198","0.84751023809297","-0.898391142177662","1.71400124083789","1.4127359028703","0.0568866318593242","-0.595867698378545","0.868114307251456","-1.54236497280903","11.8364311287689"
"ts0r0b/symmetric/berlin52","-1.02591140928062","-0.175983093269715","0.239877999583702","0.360475042761857","-1.81426272255557","-0.290578011641336","-2.49274858731763","0.0434541350362112","2.86779539244389","-0.276578553110328","1.35517840223803","-0.504284470289248","-3.66455794598794","0.156055536321581","-7.06404793020007","-0.107746884478389","-0.367436585151954","-2.37726199948359","-0.0148652434175549","0.185197853298187","-0.252158001997488","-0.237825019706019","-0.152687675597725","-2.38326245313821","0.0870338171229094","1.36439174217141","2.35952164034721","-0.644468587555874","2.87370620159735","-1.20413269422023","0.98016563550707","17.372414794348"
"ts0r0b/symmetric/bays29","-0.0070019969827193","-1.65750267880271","-3.75303360937928","-0.0515795379130871","-0.43779106952723","-2.08994455976749","0.489315622322693","-3.20396732868211","3.36428368020847","-0.387326546417521","0.129216824328057","-2.38540501715214","0.593006319064063","-0.510391836104199","0.118601670417213","1.07972733052651","-0.539433208256278","0.281577447639779","-1.01881541575081","-0.28027177522922","-0.00188515625468013","1.06599451650007","-1.36390207028251","-0.601121905849269","0.670787782124244","0.673680343861737","-0.737370014032343","1.36909257649911","-0.370583338376214","0.377611749791314","3.32128294827316","8.64285206343412"
"ts0r0b/symmetric/bayg29","-3.53559879445717","1.22017929951741","3.30402956763191","-0.300918020285126","-0.319618576021374","0.227239568759624","-0.993059894512645","-0.222599510505717","0.932956165731204","0.152492868172684","0.162433337041322","0.115903813967573","2.23515107988662","-0.234088406907265","-0.0284269273176868","-0.474876672633894","-0.750738449504172","2.74694916984333","-0.989697860057543","0.361580420187239","0.317237183368391","-0.307300352753705","1.042078457309","-0.362817288888509","1.801224803331","-0.526974887021127","0.155144123190748","-1.01605432306294","-0.165514070012757","1.90756914383769","-1.16911400969461","7.06622403718174"
"ts0r0b/symmetric/att48","1.10980977609672","-1.76301508654179","0.727494548808435","0.833284659477739","1.4957127417911","-4.78078994028492","1.63309294284542","-0.338673139792749","-1.94025430382855","-1.32752484886203","3.05013220442849","-0.194463869517284","0.0365356629214685","3.88217718263631","-1.12390398554324","-4.68130132439829","1.33265838965216","-0.346350259126365","0.858769818418301","3.51654202464723","1.39619888264901","3.00793354416407","-0.873653282001105","3.80504991651256","0.476350553654626","-2.83352508436692","1.21125149732876","-1.23379837794796","1.12401007220679","2.09275272863592","0.719107514557863","7.87250508688863"
