"instance.alogorithm.name","","","","","","","","","","","","","","","","","","","",""
"ts0r0b/symmetric/att48","-0.615475373323273","1.86266594879811","0.41114700133234","0.412119326832156","-0.772298886572312","0.0881048053819888","0.689770755624046","-0.14147098596626","0.666563551899139","-3.01066042339109","-0.535241648674662","-0.226055309844251","3.82578715763147","-1.48457276563449","-1.89757904217153","-0.439833899150129","2.48185897990162","4.20994522119659","3.22855217778631","0.0404649472982258"
"ts0r0b/symmetric/bayg29","-1.58075240771452","-0.334064502880056","1.78206771644161","-0.230903282190646","-2.20516139231771","4.56949341365916","0.113853248457016","-0.0794815860793228","-0.373597376810177","-0.354515293344704","-1.19723392837853","-0.0376313797056667","-5.34292827244562","0.956865686770486","0.285714851807365","4.99231526133816","0.824761515111578","3.47619390095778","1.3680329318128","0.576581925559336"
"ts0r0b/symmetric/bays29","-0.29053057359545","0.252646544479658","0.39737123445896","-0.196558773838875","-0.0202462493865402","0.698672544550858","0.452270447771819","-0.414415956353325","-1.11195934602178","1.92243207760729","0.787362622868828","0.602518082959337","1.88841750024238","-0.559922491186297","1.52785955588061","-0.225421263096401","1.2192003195769","-1.13070395744124","-0.0268470128381353","0.0887649268834964"
"ts0r0b/symmetric/berlin52","-1.64377146722752","-0.22711832444763","-1.06918001629311","-0.651026104602003","-1.7973514782281","0.150739439218115","-1.17079647263105","0.235628889395007","0.177456883261217","1.39975449849161","-0.066634006982433","0.687670626175408","2.48498536481437","0.990527608528043","0.722781105066733","-1.08395015259513","-1.56943528742414","2.53523199533632","-2.24561154745301","1.76723794914102"
"ts0r0b/symmetric/brazil58","2.30506998628974","2.43001256485838","-0.953353299464846","0.951694154830122","0.629328010956964","-0.0849348097433786","0.289896858021644","-0.632948438099106","-0.453438309730464","-0.0997233205948817","-0.764670497251285","0.223037558985541","2.05768328044844","0.515912738210228","0.0887329017294217","1.34270094644611","1.54276098723297","1.8675648450766","-2.64366829126354","0.240440722788187"
"ts0r0b/symmetric/burma14","0.708462629069969","1.01408937381094","0.110335224464703","-2.23125068369147","-0.8945965906087","-1.15912037856177","0.128109611642518","-3.30710300567738","-0.490371083435011","-0.332994073591152","-0.289357047586177","-0.700265430537211","-0.118568329459649","0.00810695536030633","1.21592899082675","-0.368925536031661","1.85651065899368","1.42603049254188","1.98535470287194","0.435375428118161"
"ts0r0b/symmetric/dantzig42","2.05697338996553","-0.256332670635159","1.95558996789805","0.364851387961652","-0.705068013061644","1.81247966262173","0.397371571091802","-0.15808218344783","-0.771077433723432","0.680421816646554","-0.0889533855205975","-0.265554581512966","1.99300952550391","0.413545456088028","0.701776213773855","-1.95203938519684","2.32598586868952","-0.585331001314794","2.31244807333458","0.580018340570176"
"ts0r0b/symmetric/eil51","0.534364914215285","-0.0566663788998487","-0.471447694869394","-0.295265660485297","0.919163337962265","-0.206066396303011","0.505689171033005","0.629317023374039","-0.177716071587139","-0.129832624298389","0.420238271791048","-0.193326166954012","1.70892493261296","0.972738697651524","-0.0533852099728864","1.84765475990063","-1.77404410050899","1.3904879311889","0.114001631756342","0.0877883388905387"
"ts0r0b/symmetric/eil76","-0.596945464185563","-1.62612303420937","0.75057841675082","-0.0837733492513105","1.04106041652932","-2.58597278506424","-0.264229259020769","0.212137291135855","1.16719719652681","3.57236513809612","-0.271116829084093","0.617909588330011","2.39140763096411","0.69999829244971","3.4148797558431","2.49808154002556","-2.043047452143","0.0497733391782148","-0.323564576297516","0.0215596864745965"
"ts0r0b/symmetric/fri26","-1.23591536701291","-4.18611586153658","-2.72450718190453","-13.3098676350843","-0.769282227580495","-0.830337396891483","-0.988138425017642","-12.7274305421572","-0.91134362664924","-0.885102579537675","1.43533426123034","-0.339558410061306","0.0849816249843568","-0.256864633859578","6.53134735479577","2.81469134413495","-2.41423103495756","1.61191589294012","1.56632395013406","0.166978159243269"
"ts0r0b/symmetric/gr17","-0.0866737987017941","1.11846017770328","1.49930996867247","-0.423828494092609","0.651958265044425","0.102121473573932","-0.351769410964614","0.00292636551863465","-0.0657000966905435","1.29397921404763","1.67960291784694","0.238197174100323","0.392903364027781","-1.96457105624529","1.60640097707336","1.24242412120044","0.638328076205148","-0.63803145857347","0.6661904629853","3.6244271657911"
"ts0r0b/symmetric/gr21","0.400429611265377","1.5538613116589","-0.603434612622704","-0.341075988701199","-0.0747127522553822","-1.42373628117087","1.10339722662553","-0.471446920330912","-0.108269120284687","-3.45184293025963","0.0233394328237397","-0.313496720554529","0.42831781451891","-0.326072661852094","1.3989519056662","1.6996044633121","1.08618626276721","2.14181887876316","0.54495360710476","2.99605967830985"
"ts0r0b/symmetric/gr24","-0.537595624612978","-0.86778614683776","-1.53464323787622","-0.23955017841594","-2.86558327831901","-4.04025067780349","1.20219132269874","-3.01890545885997","-0.373107924500282","0.226553478706956","-3.23689075130135","7.65765127004166","-3.24761281080842","2.57614946166696","2.61776509875981","-1.77584873762339","-3.29266924537255","-2.1712800889232","5.23810569268962","0.289739438859525"
"ts0r0b/symmetric/gr48","-1.62419235489243","0.140824792238832","1.5354933518173","-0.341488439706653","-0.0481213128980637","1.77577126495643","-0.794717313002116","-0.574846520481225","-2.29519250519486","0.204016610077168","0.542500012637135","1.38228554375807","3.54716830823365","-0.844126280261795","1.1969984322387","-1.08514166072653","2.93705010061469","-0.856994926246591","-0.667478862996744","0.156834417266325"
"ts0r0b/symmetric/gr96","1.2956008051135","0.222748537129209","0.891379149122541","0.397410618850823","1.52974461116172","1.1214869277623","-0.114637568761649","-0.0695135754355886","-1.01626140951185","0.100703614410855","-1.49042052651975","-0.440268960325229","2.8309774599361","-0.0702099689387133","-6.09331017896569","1.15705736279965","14.2732824774113","2.30570663398716","-5.19897956011386","0.110994734868387"
"ts0r0b/symmetric/hk48","0.567632343285176","-0.130778490650856","0.295450045186583","0.153973567288243","0.334030496017644","-0.207329579436474","0.282070594206841","-0.103443982522134","-0.149052968461344","0.808921478773741","0.505852299934179","0.0566621877482519","2.15489957972629","0.186045454764035","-0.295577064256002","2.20760308485396","2.212095833466","-1.97661234517738","0.139358831268807","0.0406216303279538"
"ts0r0b/symmetric/pr76","-0.538732349496773","-1.59179707888891","0.675063106432389","-3.65904918682425","0.430105460768717","-0.137917407962528","-0.510779998844035","-1.39412474777641","-0.378292592508796","-0.361471831262789","2.75176264312296","-0.100825466714743","0.0278047370373013","0.912922463352743","1.84736474967192","4.19125234066251","0.663375760413406","1.74687439472686","1.33100004432641","0.022769988540729"
"ts0r0b/symmetric/st70","0.689775065481441","2.27817403107228","-0.00514097798501488","1.46688308700757","-0.75878515004776","0.256961282151779","0.709975476394869","0.0210530080248978","0.24523060262931","-0.692318006496597","1.6428301448637","-0.124012963264336","1.17475162888251","0.832661148638897","-0.366907954869311","-2.3198289349604","1.14316740323666","0.866492775825741","3.06008864952746","0.814368496450726"
"ts0r0b/symmetric/swiss42","0.742272397432328","1.85615429674883","0.155639320785296","-0.144462882042104","-0.254548247842798","-0.37153927290447","0.1139019819174","-0.558580293516533","-1.20650734598564","-1.44003559019503","-1.61069991033676","-2.1722028850037","0.0187358923829421","0.0526760762736229","4.12270804846109","0.64902871901439","0.989962080136708","0.152943841509706","2.12469330614709","0.0756560380672187"
"ts0r0b/symmetric/ulysses16","0.0666410480719474","0.0973049022936619","0.891367247625346","-0.138718232051017","0.635590829229151","-0.487649477804087","-0.365883348560606","-0.384971304029011","0.498660718328634","-0.536880643600644","-1.70558929997926","3.08526578327673","1.75212922846892","0.652819539709616","-0.116971475811341","0.675930897587811","0.833655908363286","0.494144799438145","-2.20914199216499","1.71913833478772"
"ts0r0b/symmetric/ulysses22","-0.0985236294485881","-0.191460529490043","0.414386080025107","-0.569531506931101","-0.674372546600919","2.16400642239844","0.528926790158079","-0.415601430342273","-0.0173708028416954","-0.864482293602038","-0.0198962295417266","0.365320234819272","1.21995662681757","1.19353671638297","1.5450015784235","-2.19468005203841","1.05246641655034","-1.00352173419631","0.875214428190229","0.43053819339227"
"ts0r0f/symmetric/att48","0.286668631185691","-0.0310190511069453","0.454296884942356","1.16110592819634","-0.456255068815775","-1.31184982765787","-1.1711343451759","0.0267803266141546","0.374379126120405","0.0104124778374177","-0.0567634647344899","-0.0199424783434707","1.65995550875241","2.68227945045908","0.252107048394794","-0.0340995684915048","-1.7156160777482","0.570022729957015","0.58847494072416","4.03109197961339"
"ts0r0f/symmetric/bayg29","1.56854693799244","-0.0172409402092142","-0.932759080272059","-0.00215653265875005","-0.00856232880362958","-0.502447504164859","-1.8553349930365","0.0512813571966472","1.00193590346026","0.184040202204983","0.18384205159297","-0.0346641261981087","1.87867344226579","0.325284621215838","0.798216368738718","-0.0515928685895417","-1.44301951200913","-0.979150192973085","1.09407453326291","0.346564507952216"
"ts0r0f/symmetric/bays29","-1.17494884629615","0.0588770898244699","2.77010895987953","5.84149652777867","-9.77177224584471","-33.0272823725244","3.37376683172275","5.06356698527152","0.843676547511083","9.45535562728934","1.34090320080821","5.48987947422093","5.36800631620115","-2.51757380914243","1.26446216827791","-5.77878150311692","2.20868232702887","-2.10292355069579","-4.283567002781","0.231440380637524"
"ts0r0f/symmetric/berlin52","-0.975083077008338","-2.41164039773152","-0.86009957086006","-2.20589520452849","1.38061222911534","-0.0288834414325976","0.878351702176124","-0.0930116292373818","2.41139638334658","-0.0429377814202656","0.305507868949155","0.128462846448165","0.924729864438932","-1.16598272056099","-1.08243757695737","2.39120928024911","0.236207902694191","0.11225462264812","-0.181895513194047","1.62771043411188"
"ts0r0f/symmetric/brazil58","0.736166547406614","-0.0202005195812054","2.50256595944101","12.0359208436827","1.80894607637345","5.25340298460504","-2.15960343587225","-13.2614515688353","-0.875715218827934","-7.81061454760765","2.51468492455009","4.23937538736777","1.94753341405699","4.35276401558588","-2.22168530577354","-1.31025991326637","5.82967158203669","1.98077671958864","2.41147604014548","15.656141704944"
"ts0r0f/symmetric/burma14","0.489716136841083","0.368327216333447","-0.147613869448143","-0.140531271458517","-1.03107072350143","-1.2486874658189","0.41963587347723","2.57491047397742","-0.148958145041447","-0.0854676963072175","0.653012947307085","0.508572898185142","1.54735253362432","-0.873423144394567","0.614378293231883","0.537567513467018","-1.0165802581099","1.35711751306656","0.230718670089747","0.469110227739978"
"ts0r0f/symmetric/dantzig42","0.763207175131345","3.88140671852219","0.392546589475164","-0.0367479634737878","-1.80978396230307","0.0161515932171994","-1.09491218877655","-1.24724547950178","0.868924763073662","2.22635769436255","0.503613474077183","2.1087961443174","-0.198852909348439","-0.732948510181589","3.62005670621043","-1.14404972614118","1.21320203682733","2.11329110807911","0.19483034407585","1.78627048562716"
"ts0r0f/symmetric/eil51","1.86524293401779","3.73431185778907","3.32142340943804","-0.0720108331630535","0.434357155675766","3.48782503709847","1.17508961796439","-3.94927548508936","-0.119395904889378","-0.10355147652753","-3.77525064142157","6.34234405805419","3.25742834072091","0.940686663199236","1.30518191144404","0.557938369279301","3.4633147830608","1.08995539483838","-3.65703309290275","4.15684624902117"
"ts0r0f/symmetric/eil76","1.04219767707093","2.71712682631696","-0.21940996701427","2.3936517811699","2.52677221474136","0.00463385329142724","-0.676530364428206","-0.00774602031347084","0.944342728708296","3.37688727600119","1.17600876101971","4.25067471614542","-0.595754833470199","-1.88918306665085","-3.15758022879052","7.86216670252594","12.6014085969861","-0.658042359475478","-1.61419031939198","0.476642497000352"
"ts0r0f/symmetric/fri26","0.731457733723818","0.281060206434424","0.402951882765146","0.0378443323911677","-0.900112953915964","-0.130154553823216","-1.69969684625199","0.743116778113308","1.55272454217657","-0.0730845762240859","-0.581681024454816","-0.780049223654812","0.806003315040974","-0.471129714743988","-0.324639534146978","1.10087505550516","0.226145225431249","1.32796207238241","0.652387221284924","0.365608336373863"
"ts0r0f/symmetric/gr17","0.0105515024063015","0.327915829010908","1.01402455748015","-3.09705462734407","-0.818301019167871","-0.182104801043396","4.94475531390279","-0.276121102952752","-1.11985841812213","-0.163077637893318","-1.90232603681123","-1.4865702421005","-0.325496271956976","-0.0677046737752982","-3.53118711019179","0.790932432315828","1.13350936325184","1.4508918540116","0.00167841504548297","7.78813116349176"
"ts0r0f/symmetric/gr21","0.919710763994912","-0.15141378247438","0.638531828374926","0.12904281101989","-0.307760222609416","-0.189882609609227","-0.284820782106286","-0.101352810173614","0.887812699148178","-0.293316635115679","-1.31767428151608","-0.489062456758655","0.52299321372258","1.22182432368664","0.227318832127279","0.483586399432109","1.07621979400546","-0.706836605179327","0.940369164093315","39.7996402188079"
"ts0r0f/symmetric/gr24","1.41695696360649","0.830657130694139","0.135279473855933","-0.100253300908978","0.285531816692633","-0.0430826645635579","-0.103304942603882","0.0736604836759856","0.404695637430658","0.118307397106244","-0.679351250730416","-0.937547915763489","0.919774396314104","1.17543440619537","0.516255308815214","0.30334033974163","-2.16351216079921","0.337682115179109","0.583589170420079","1.02062380053411"
"ts0r0f/symmetric/gr48","1.84604739227406","8.21332673238531","-2.83409635577797","-0.12808463777987","-1.95776491181359","-4.65448561652033","1.53394478228974","-0.0470764754732179","-1.90174308298572","-4.60095909095975","1.57636166587288","5.3190489409034","3.27095248091427","0.167059842154148","3.16115515250482","1.78605244592272","2.42716823150437","1.57657917287624","-2.5395529363324","4.79113484287674"
"ts0r0f/symmetric/gr96","0.72014020235825","2.57626393681297","0.98252702205474","-0.0143674180999134","-0.434066531732988","-0.110908677269286","2.3677839384936","-0.0115017411556783","0.0238528256281954","-0.672983612779023","0.21720643284849","0.414555180192428","0.418118457105841","-0.407804472612933","5.05312370798474","1.21108170946801","-0.0385139776416614","1.30513958967273","1.63226084562784","8.35737279768336"
"ts0r0f/symmetric/hk48","-1.26803882627682","0.0255299798975063","0.04564587783189","-0.320115525974177","-0.873184759803264","-0.0472227987057547","-0.258245765901836","-0.0015414812591299","1.47582853428794","-0.0690158672728727","0.454124385133405","2.44059481757012","2.00175708257023","-2.81629232127234","0.371806192536349","-0.301071880228394","1.4483426871073","0.764886518399234","0.467297795651179","0.614639105837474"
"ts0r0f/symmetric/pr76","-0.0434135951750926","-0.00742876884764138","-0.0141758461910926","2.42014050092091","1.01861304579653","5.71489105399322","1.18973752818485","4.72269052469006","0.239872441730923","-2.81450597883014","1.0129928649877","3.91377792208889","0.338581166268536","10.1596731195071","0.61624696239685","-1.89331068622911","0.564168623552306","-1.46176510703311","-0.317058507471356","0.18506934720343"
"ts0r0f/symmetric/st70","2.41669404213499","7.13402803648029","1.38807532616388","-0.0183457382940898","-2.56414972543102","-0.0525170500375148","1.91289960894042","5.26955185469341","0.12770618926312","-11.6921722802346","5.64639919859687","13.2005641207024","3.19292640906952","0.488740808513994","4.15976790171456","7.79047794522581","0.140296105612737","6.20251707839941","-3.36875540035227","1.22965068576407"
"ts0r0f/symmetric/swiss42","-0.130863029392814","-0.102926493680551","1.91943456801767","3.1387636191797","-1.41750808806943","0.0371797432932576","3.99589768568668","-0.0436161087950091","-2.34895447159958","0.02618248892809","1.37300170107062","2.86284621507083","1.42070195412144","1.07298350014305","-0.86450165450341","-1.6449528421351","2.01806450161258","0.15426008839316","0.000964158667144961","2.11344818200178"
"ts0r0f/symmetric/ulysses16","0.85134928102838","0.406657853146599","0.17268177257837","-1.29116750886754","-0.874941942579493","-0.735506749052829","0.493980634592556","0.0585089810080277","0.778243020732958","-0.0719374748970877","1.16223083721773","-0.121251840993436","0.794759548035098","-0.578617758464188","-0.635072846531881","0.176108021371281","-0.533689196906652","0.979118881667839","0.254868676140207","2.72824020044606"
"ts0r0f/symmetric/ulysses22","-0.728397524099886","2.72889511213989","0.779707168128732","0.00416754422534641","-0.0228627652405605","0.219653729888916","2.45201311776102","-0.107189675097995","-1.52910103327972","0.000675970200541232","1.15809827791283","1.49401947961373","1.62204405594529","-2.25802844474436","-0.185469073543722","-0.505762307030872","1.2957967936101","0.0277800496089989","1.25952655999661","0.205680755271717"
"ts10r10b/symmetric/att48","-0.585514463538435","-0.0966742874231352","-0.751620479838566","0.181911436512142","0.532493537150783","-0.357114417718959","0.999533658945566","-0.181165369788653","-0.324060465234377","-0.864087125224638","-0.115046390150837","1.11228732459647","0.513260654753506","2.63270301795531","0.00419985991588413","1.44997761515865","2.1567324169366","1.53176722811775","-0.472955421007701","0.121347116786471"
"ts10r10b/symmetric/bayg29","-0.0501780327109822","1.72482066786376","-0.769677356291009","0.304220021713353","-0.10900285595541","-0.709244229827359","-0.796590844081548","0.944095916869767","-2.99864959726093","0.472231936838236","-1.21663833995549","0.998522858441891","1.31998798637556","1.96328603176741","-0.787114264667447","-0.132694517241112","-1.06272693618176","-0.70446544144761","-0.561602249934479","2.33195482319498"
"ts10r10b/symmetric/bays29","0.742521738746283","-0.35858224591597","-0.705361910950175","0.089859374362998","-1.30891861992227","0.188011650694164","1.66491317805192","0.0988757140828351","0.0374836806117396","0.805913196622968","0.0122443078884246","0.890715145136905","2.16444658856108","1.40399015887717","0.559236133935267","-1.54545802520629","0.705563438967984","0.068017097183322","-1.94595756367682","0.156688833053279"
"ts10r10b/symmetric/berlin52","0.0269331911242146","-0.514354869947108","0.54121207516226","2.36193166471007","0.389067791318692","0.115142094328054","0.304795205830966","0.22974917930707","1.50570022921207","4.22237284226311","0.0825591373749542","0.0379600461490749","3.02923205174282","1.34049846457072","1.68099199719426","-6.05298096064594","-0.031984709493764","1.48142212934727","-0.10817961561394","0.146440555727388"
"ts10r10b/symmetric/brazil58","-0.206787094562372","-0.166284869623712","0.930998285365963","-1.95729494616383","-1.66267300863614","0.110542347072475","0.685028902099146","2.68712805584273","-0.11770165923559","3.77121928255246","-0.654584607274747","0.326751129444703","1.12066542692026","4.77351440812875","1.91399731618798","-1.14087687607254","0.977744057832657","0.343271875238747","-1.31612451055555","0.102741978656459"
"ts10r10b/symmetric/burma14","0.396058737872716","0.178360760502874","0.507688897744063","-0.0822766054476675","0.418043504414707","-0.606752646881968","1.3469028316213","1.05542009667414","-0.649957888041949","0.441691533980975","1.86647319768486","-0.756145097664202","-0.909538054903743","0.727005872651438","-0.412206157636066","0.525198703046634","-0.0228401945788277","0.499439271981982","1.37959422251019","0.133788522689679"
"ts10r10b/symmetric/dantzig42","0.618280042157271","-0.818315564747918","-0.664236200195786","0.464775128904421","-0.344740883614173","-0.118685384440794","0.555496982264759","-0.224129798203632","0.389948918228174","0.236732377067552","0.539672712733551","-0.145702139088249","0.989308193497793","0.688715973607862","-1.10027252357628","1.36992829210751","1.03164063577216","0.11889886242888","2.10956428368933","0.0395159668797987"
"ts10r10b/symmetric/eil51","-2.41952099314408","2.99363299994867","1.03874635774419","-0.109305244336675","0.629544834119089","-0.413125784144016","-1.17413757510787","-0.428278738616841","-0.393022976096455","-0.399809967518864","0.352118888208682","-0.148022955458714","1.33778934971182","-1.32476559712195","0.944989614293739","0.305951585996111","0.190951390428844","1.16633506282378","2.68808566150718","0.034859665733417"
"ts10r10b/symmetric/eil76","-0.194193990681115","0.351973421150871","-2.19438512276988","-0.0525566193396802","-0.527136932978285","-2.19532079721469","0.423938877248561","-0.0856428251848847","0.537409101879136","2.03294661702673","1.35244829946024","0.0914054163017481","1.6647888672503","-1.56807697442044","8.55897168951022","-0.462609728144632","3.1891223462965","1.37568399763862","-1.42674752864888","0.0214679867445945"
"ts10r10b/symmetric/fri26","0.503279737863563","0.0852407586349923","0.0971220482829865","0.278690551673768","-1.59414950848626","2.33431350370682","1.17131908407443","-0.259462004685771","0.233405232132806","-0.419154987723658","-0.583560580345998","0.473640181891561","2.65414899247188","0.315131214238072","-0.968310367181786","-1.72604708743185","1.16460067933351","0.77148181762272","-0.271632350473","0.0242484666895465"
"ts10r10b/symmetric/gr17","-0.156901423496283","-0.828411704694924","0.0967782077392255","0.219471817639109","0.0676321861255718","0.390664621064349","-0.0678939368315656","1.78017010233846","1.10328801528825","-0.146112034492996","1.40626369869994","0.106481099928039","1.2994194215274","1.43926739809243","-0.659742889840322","-1.1652890605019","-1.06712172567086","1.00078966747049","0.993051157329456","45.8868611193087"
"ts10r10b/symmetric/gr21","-0.565774566360166","2.01798255378466","-1.83152979066675","0.362821199318482","0.0864243010135056","0.643840376609344","0.336183909438293","-0.0595161105553887","1.0035157509081","-0.944892052197299","-0.174346793219412","0.988796276268144","-1.39463821763604","1.72250161208335","-1.47843801156074","0.442585195959197","-0.397122129115343","2.35003414708533","0.735786597259056","1.5650503823311"
"ts10r10b/symmetric/gr24","0.771331212001081","-0.443159717500987","0.759589140475629","-0.28699287198611","0.0361449735301542","-0.451817192057383","0.209371668642063","-1.93195639853283","-0.321948931331343","0.171674936968491","-0.454371571853984","-0.526194796122039","0.337353689680304","1.2845136130434","0.900389751931629","-0.44331579136192","2.7087257453465","-0.382792968464502","1.0894853867443","0.110959611822051"
"ts10r10b/symmetric/gr48","1.2661520058965","-0.137771432406552","-0.990765772527671","0.0692156265166699","-0.233742675027801","0.230510506696454","0.77313706032909","3.17080172466106","-0.367816841921719","-0.482163308152318","1.86630333141801","1.0800387095865","2.74666876001612","1.67760979971376","-0.569112473854489","-1.95653161019834","0.126853109158488","1.80760578378818","-0.505035146337163","2.55784650773083"
"ts10r10b/symmetric/gr96","1.33796570448945","6.25533520833144","2.13346274434193","3.11489528656494","-2.6507259242954","-1.57954328879393","1.08320811406191","-0.180709860389537","0.192894337483741","0.274559025045861","0.796401579093772","-0.0748355349506177","-0.852168411879562","4.20901654511415","0.175379475216897","1.88589203313452","0.695891169184385","-3.28875468100037","5.37929751330825","0.442484779374027"
"ts10r10b/symmetric/hk48","-0.496824761757","-2.13760454805403","-2.70423786357393","0.255039730213852","-0.430003621038798","-0.104991847678923","-0.702637943373914","0.684005993411001","-1.44580400982579","-0.172522554256894","-0.201656484744974","-5.29272916065101","0.938284973084292","-0.723924371105208","-0.0919344779442989","5.19947762948192","-0.854785615831404","4.50632115120954","1.26725262151742","0.0766448445020728"
"ts10r10b/symmetric/pr76","1.16212874784152","1.35095734926168","-0.189215629248664","1.41569561673167","0.0017846912980078","-0.240143163976834","-0.101689819559164","-0.0771157031773948","1.34057996679005","-0.10256926413002","0.298882608934344","1.7893008881061","1.74285488533765","0.967381405603247","-1.42691843080299","3.11250254304914","1.33360594903036","2.56946992381523","-1.09360227283796","0.3449453416722"
"ts10r10b/symmetric/st70","-0.602627501312509","-0.229391300280557","-0.450535433585487","0.0870501277001246","1.50325863660591","0.0746685939596935","-0.822025957828872","9.5728663063735","-0.25332949437806","-0.0887694006498455","0.762367132458143","2.61707122566189","0.685680574111811","5.01333024084261","-5.54954407299855","2.3913162950112","1.6143362378387","-0.211508430582854","0.904968666545584","0.0566979527289768"
"ts10r10b/symmetric/swiss42","2.95320736432106","-0.196693514566629","0.747992777035763","-0.206442329665455","-0.795926945756198","-1.47376949091554","-1.49313198801346","0.230577360055767","-2.5236834892509","-0.262590209035254","-2.39431611157006","-0.139286478231528","-1.79658349969132","0.580836131122829","4.38203426210556","5.18701593900847","1.77854328611905","1.31637001846134","6.02913055406001","0.0657076729071219"
"ts10r10b/symmetric/ulysses16","2.26523712089858","-0.677783624654751","0.329147542863751","-0.655101292722525","0.248877927722197","0.909022077366723","0.54176447815589","-0.202220842562042","0.0820017973033915","-0.874310931478463","-0.110635608151122","-2.37987996666628","0.484164788480871","0.696876431528116","0.152347104473342","-0.463838996710542","-0.330571800600294","0.63814431766301","0.973267811006869","0.382986467054031"
"ts10r10b/symmetric/ulysses22","0.167159464419125","-1.98890057796321","0.743734504685653","-0.416623197504152","0.154264741694158","1.71468305732796","-0.338470916320312","-0.395064594116815","0.139850212274634","-1.56858507248326","-1.02079322186985","0.401600473100457","0.933306652199477","2.26553204933383","0.95473190128801","-0.361682813089547","0.268280427205095","1.32019331490236","-0.56960240284715","0.0160366001598875"
"ts10r10f/symmetric/att48","0.716327446226451","2.26270452028579","0.830058064479683","1.58819443121161","2.9967510763589","-0.0529362906635344","-0.971896869851145","2.76352611559235","-1.58933825098492","-2.74252798972141","-0.203186811201589","-0.0559780034502152","-0.0150049978696024","0.139507646662717","-0.260685284186504","1.58327583326674","1.21819000469422","-0.369254352811894","2.10772317516126","12.8857507830252"
"ts10r10f/symmetric/bayg29","-0.647410451272282","-2.10803404680836","1.89336208235081","-0.0821801014613962","-1.63079402675214","-3.77679383859584","0.228608648018116","-2.54755067037907","-0.384964032278234","-10.3013052401229","2.54476744054052","-0.364470686473229","0.492773525245601","1.68745146138091","1.43160977038525","-1.71569718421343","1.7495176212583","0.604860672287776","0.207133229823348","6.01435754688283"
"ts10r10f/symmetric/bays29","0.005364062010549","1.06571552796513","-2.57848118870778","0.117095115893944","-0.781670053813677","0.115623666075344","-0.339886133435377","-0.0147426695072978","0.223866378821068","-0.113604819148763","0.610246591843732","-0.0392359876772364","0.778764619965317","-0.0212558292063818","-0.541216917796411","0.215157472596482","0.502549542745213","1.20541002340603","0.439503900517264","16.2552165998443"
"ts10r10f/symmetric/berlin52","0.0718891141483646","-0.0677936492946144","-0.972899044835137","-0.0412150383042268","-0.451384191852443","-1.73447654145527","-0.388154212405025","-1.30280156690442","1.56717853673152","-0.0229980109397795","0.535140221986955","-0.0159147369645523","0.0857115675623231","0.356987293254269","0.42377097091151","1.40461571781266","0.149565017196182","2.40756601393131","0.968994524816458","0.525234279999682"
"ts10r10f/symmetric/brazil58","0.0805102090487403","-3.11040241861663","1.46985026683502","3.16720736924277","2.07906938975445","4.10235845554508","-0.650746846451352","0.0157170068049978","0.758842885997749","0.243109419164048","1.14262944141428","4.62272126708157","3.38434688279571","0.736083234528075","0.188677502485827","2.91695377779862","-5.56648802525585","-0.752530640448943","0.0538970268814261","7.61727360360786"
"ts10r10f/symmetric/burma14","0.343530545374696","-0.191867478304299","-2.88233159504982","0.823662740726431","-0.368812079190054","-0.434874599302648","0.501289996949049","0.42847070803488","1.61450568856912","0.410792678223794","1.66978061014572","-0.468476424271527","-0.384617587515256","0.264790094358058","0.863277013073015","0.799104602323174","-0.380136751482806","0.239220173055132","1.33515769639261","5.65203479671725"
"ts10r10f/symmetric/dantzig42","-2.6117542790628","-4.71075545339847","-1.61721232509896","-3.53602542723666","1.750045830595","5.93484493175976","2.25048731793448","5.18693839395078","2.9579848072218","0.113665388235549","-0.836982832249914","0.0308279416347688","5.49744739793029","1.81132251656974","0.890698649032607","2.37863693438804","1.44540237827583","-4.89454762216139","-4.09575075033357","3.31749839868779"
"ts10r10f/symmetric/eil51","-1.28109643846798","-2.1467811568785","-0.759192750791773","0.029698548895716","-1.45653201308071","0.0336180407389765","1.1969347280004","2.77988292725718","0.704062932560435","2.66784077466415","-0.341335808634287","-0.0491661029335269","2.59453936283087","0.134236792834667","4.51787428248902","-5.27970822103755","-1.52093555211289","0.35657677847537","2.21292788381247","3.80125493517616"
"ts10r10f/symmetric/eil76","-0.496195156931169","0.021682286474061","1.70049686588205","-0.0199948259265113","-0.79547166081553","-0.0544638420356899","-0.229945733916034","-0.0537251484737316","0.486643978736322","-3.08662768581786","0.0122692166467449","-1.88236033194745","1.0593857122667","-0.413646417283897","2.86700486224789","2.21660669149801","-0.812633182532732","0.929958296468715","0.424588166869237","1.92530182168194"
"ts10r10f/symmetric/fri26","-1.33869762637406","-0.819161509047836","1.54709628566683","1.36102776087358","-0.402974026794722","-0.0928146648859601","-0.223189629126209","0.177540378080648","1.43463859106733","-0.0947774999631991","3.16037452062982","-0.102431025877076","0.845176915385201","0.178254505261953","-0.611239570834474","0.89737449025571","-0.0768818151660433","0.428764661942632","0.918698370927476","0.760240510334889"
"ts10r10f/symmetric/gr17","0.892093338795112","-0.111044648906139","-2.14340109808746","0.3402242628631","0.423752687558074","-0.13278494194537","-1.42638129660859","0.259669490011174","-1.80064468606666","0.0878312955831741","0.914696581262702","-2.3434264699667","0.377949011356438","0.821142667207135","0.54497260303851","0.649397460853899","-0.671594628330555","-0.384029710414825","1.46971119913667","0.882166438626607"
"ts10r10f/symmetric/gr21","-1.30380341667284","0.201601889903633","-0.245509543759582","-0.11008158406572","-0.291872558623097","0.123735733348635","-0.0391815167662257","2.06970367893753","0.574450106527018","-0.172265894924391","-1.43476376033556","0.328574622366648","3.35842983345168","-0.128270083160691","0.230575291079562","-1.10598532180483","-2.56562904537709","1.78229849373865","1.03334123894678","40.4275347774377"
"ts10r10f/symmetric/gr24","-0.370583613404125","0.0345488584604197","-0.844565061772155","0.0782337138689258","0.379237614047653","0.0475199674911526","-0.144030203023081","1.15191713013713","-2.19790125984243","0.0551013420237222","0.757411433259002","-0.0605151022850518","0.986447037543288","0.183753551830054","0.0151662146486737","-0.499330429772428","-0.477334049929694","-0.590529284861846","2.10774684457015","2.36481563773848"
"ts10r10f/symmetric/gr48","7.3385119021946","2.3788373648512","0.205196687365883","-13.0930581393741","-0.382063607810253","-0.0169457398674297","-2.46090830651774","-3.92869954571007","2.90923466518873","3.77496141779812","-1.04117563659959","-0.0204893939559684","-7.35703203677502","12.0690966307903","0.438913280253951","8.2656086395865","1.06366029099493","-4.74517408873591","-0.887594735829772","0.576874626505162"
"ts10r10f/symmetric/gr96","1.21923314515931","3.18391505245612","0.174895413214674","3.88741155715949","0.355822229328476","-0.00980920950548957","-1.22277744538976","-0.0420186480731734","1.18576133656061","1.78278092431662","-0.441851626869368","-3.82789042438924","1.17745523077026","0.659739069300337","-0.389512186789016","6.90537207355831","1.32002565310645","-0.0851667031359329","0.16454021643811","9.56550719198907"
"ts10r10f/symmetric/hk48","0.688114767735607","-0.0397025642071647","0.673485374906771","2.4199815174922","3.71079661663448","-0.0575856108512811","-0.424863919370557","-0.0717085459046523","1.45470121603808","3.84175573603917","-4.20599441343812","-2.15589986960924","0.186350203030234","1.80485577599514","0.775003301297105","0.860982914847419","0.851210799299583","-0.0192378649490372","0.72835663138802","29.2484993170733"
"ts10r10f/symmetric/pr76","3.22059049000347","7.48823507744037","-4.02631445236181","-12.5223400091706","-1.62685351101307","-4.55565693280032","-1.8150672672744","0.018208155744478","1.80601005164658","0.0445017297433559","-2.08110895260312","-5.06562159306051","5.09823175762483","3.1790105451147","8.46423875069478","9.31628443241869","-3.55445482808193","-4.13260716678302","13.9647555705488","1.75903246544204"
"ts10r10f/symmetric/st70","-10.0600049758305","-0.463952495619822","-0.434506198747391","-0.00870312132289125","-2.17936598520454","6.98226706983359","-1.25101104423308","-2.48414066285661","-3.07962005571598","-6.9899354895063","-1.48576064205869","1.54417911218584","-1.18205354652232","0.864714117774496","12.1708098251318","1.35311337074558","0.789241304179096","3.52842924551434","-0.546274050327319","1.69807396514962"
"ts10r10f/symmetric/swiss42","-0.77636876164493","-1.22130415893145","1.50484867492977","-0.0983097024012071","-0.26581486041098","-0.0277392000290168","-1.70038055944796","-0.98370514609331","-2.92028673942374","-5.64225015832361","-0.206676780246041","2.2135723757616","-0.627117098129137","0.115016754088858","-0.877563151612222","7.21274943425974","-1.02223638064945","10.8590112267941","1.05699456378378","8.94995292290217"
"ts10r10f/symmetric/ulysses16","0.320781775800095","0.345787712652284","-1.20528386350904","-3.02292046336834","3.48666661429286","-0.280079139427917","-1.4741022206976","-3.18770577908234","-2.96707133112168","-1.67275731901528","-1.4454159058456","0.573485506975848","-0.521372900408612","1.38304998392588","-0.663059641717815","0.715308590120242","-1.16253748832898","1.38755801694323","-0.790567457177945","1.04770259355136"
"ts10r10f/symmetric/ulysses22","1.20904988489585","-0.106349660441414","-0.58718695740395","2.84946657468299","-0.118344957960519","-0.114963038277885","2.79664076812692","-0.107259732739686","-1.04739661141997","-0.182980987141943","0.722794573444942","-0.220483033649772","-1.35006531767001","0.102737602596453","1.25316189855382","0.110973411469588","1.12935017249712","-1.74819830384222","1.03212388807979","0.682011257622239"
"ts1e7r0b/symmetric/att48","-0.265211970055942","0.278050943745757","-0.148018891773962","-0.883087863196516","-0.0850532522722674","-0.244547494347839","0.973258612537422","1.69056989649447","1.2909246068884","2.45184166714479","-1.9257755825908","0.151772058665602","2.0343706140986","-2.33970137385287","1.07870019313817","2.1361295257685","0.0492278046751426","1.65577170261398","-1.43556467550644","0.057234404557511"
"ts1e7r0b/symmetric/bayg29","0.601763858591782","-0.133737452280923","2.69518908886613","-1.71007524517009","-1.41691169633779","-2.37615505239848","-0.702801829401692","-2.31469747974646","-1.03106859981042","-0.264276577676478","-1.55893181945096","-6.17834013326027","-0.32995393051045","1.68489301201976","0.253071239192174","-1.01881529443877","-0.886656123137142","5.03509651329025","1.64161051857317","4.91669403319998"
"ts1e7r0b/symmetric/bays29","-0.28713342085442","-0.713470197104899","0.415902115040605","-0.197061754839833","-0.276230077145959","0.224882938253047","-0.0912477205256681","-0.448812205690122","1.03132713109403","-0.280721235279679","0.0231441197694146","0.100886900982681","0.179231426555828","1.16988207752711","1.7162802713043","-0.406650652520884","1.0920266814442","0.183099452385131","0.22979624900585","0.0730348796827847"
"ts1e7r0b/symmetric/berlin52","0.821358513970893","-0.104274968597418","2.93319129996395","1.27296002216103","0.0840823596890118","1.37271385376135","0.106226451485865","0.441199276761349","0.843663206888859","-0.202232275408336","0.156268884581546","-0.0882805057703799","2.92563128776791","1.69433677571526","-0.35609667217089","-1.14978479886381","-1.41985230493409","1.93995785639942","-0.0455380877060143","0.315958898825379"
"ts1e7r0b/symmetric/brazil58","-1.25366678819606","0.173458802470049","-0.440384277867353","-0.133599865038796","-0.28610296729225","0.311532209223856","-1.06011889894626","-2.40698263227836","0.210195007916278","-1.51421641593137","1.47478319972115","-0.096629030982163","2.99301889243349","-0.857850048185888","3.46751198346524","-2.20259309707591","1.58414923547995","1.22620319378151","0.958499528496148","0.716848541914959"
"ts1e7r0b/symmetric/burma14","-3.41109089183265","5.53669086216613","5.28407479746355","0.203222641022677","-0.468040102207528","-0.366079259636285","-2.77477430991483","-0.389575422557522","-4.71108034370971","-0.198498043538942","7.01450818337722","-0.104144914956305","-1.08168511688024","3.73042671115774","-2.07209970437901","3.02865667035203","1.06429134936651","6.0334812297691","-0.829491946876644","3.72770734402651"
"ts1e7r0b/symmetric/dantzig42","-1.28829879242071","-2.13429027699122","1.83277958336183","6.56824589144527","1.47822711098846","0.586330289103503","0.131928703630246","-0.227857436239041","1.48279862212721","-3.54635800830197","-1.6810518179917","0.123866108706111","4.04065096948202","1.76952633709276","1.82692164548762","-4.66358375776104","3.92996430905984","-2.2259734993804","-1.39988390621665","0.610927511134929"
"ts1e7r0b/symmetric/eil51","-0.527371705040791","1.74187985312723","1.44161349262923","-0.177438802086804","0.221694785711309","0.40200341253533","1.49664462623685","0.119497776524261","-0.564972181326583","-0.0327649374908849","-0.232470142900228","0.341528336205315","2.73191622228118","-1.22286496779576","2.2896800020091","-0.0998986143959661","0.859996938451092","-0.180830899933083","-2.00034253712949","0.612945009013047"
"ts1e7r0b/symmetric/eil76","0.744654661344113","3.27583530601894","-2.35256576952377","-1.51243635000079","-1.35224825981543","-0.314506228595324","0.238613166348107","-0.0868454084080002","0.017557323504531","-2.10923296859869","-0.0886969029364775","-0.307896803091179","0.266616462660576","-0.102313210682461","3.03854084141856","-0.6932551828279","5.04202909432202","-1.55741931404362","2.11740524787837","0.139667032118521"
"ts1e7r0b/symmetric/fri26","-0.00437683317655043","0.556390231096564","0.260504922995802","0.301093121772064","-1.45555257538354","2.2921828263827","1.30722447225505","-0.32820853864225","0.749912413906892","-0.689174125414333","-0.690900189311803","0.16136628780701","1.06640113496706","-0.572507344260917","1.28791120431975","-1.54154581508232","1.93809231031786","0.84714141475014","-0.266413914547353","0.0814450115144174"
"ts1e7r0b/symmetric/gr17","1.43840010750788","0.180059452317921","-1.78496338064352","0.707786790009076","-0.742204926155211","2.61906565890331","3.07238425558777","0.574702284893208","-0.365288992990447","0.615617341601048","0.174701874420783","0.510494971137719","1.72845266722727","0.645785245660329","-0.417547962989402","-1.62447834668803","1.57876061794471","-1.46653895591243","-0.374224005623253","0.763724967372782"
"ts1e7r0b/symmetric/gr21","0.433884202383911","1.19619261160206","-0.0350559499969785","-0.366236666584087","0.331316873070204","1.14289290347811","-0.462572772257774","0.585563373159525","1.74065251058511","0.445129983020244","-0.602606797640524","0.338209907094851","0.976872353662853","0.215320921499706","1.14095813544972","0.501631322322851","-1.37661476243858","0.723967566266062","-0.98426704851006","2.27365359659196"
"ts1e7r0b/symmetric/gr24","0.587567549399122","1.08313561868364","-0.72786593852141","-0.216758972025568","-0.354471582469126","3.43427538723535","0.184553226911808","-2.49921806272606","0.264360111098975","-0.298501957379284","-0.343894017581544","-0.793166257277283","1.8015299894978","-0.0807966982307417","0.0119252728652505","-1.72518967881891","2.11323674525994","3.06341920432489","0.836723421990655","0.0362819843889401"
"ts1e7r0b/symmetric/gr48","0.0453567991947185","2.84977010787388","1.26893938003003","0.405695326879433","0.618637631902524","-0.151701409558005","-2.54908311937022","-2.50417051301968","-0.458430887463872","0.35819951012951","-1.27108659452977","3.04543162205835","0.443905302755317","2.02573433401344","-5.08179193320428","3.63094234777303","1.80224796739069","-0.00129854635620566","2.69064521528373","0.199745777225577"
"ts1e7r0b/symmetric/gr96","0.860882820080833","-0.52004793159344","1.24995513730029","3.14579301469795","0.574134887133261","-0.076533802133177","-0.967583831525448","0.172278553822459","3.23046531424624","-0.0868372889876943","1.62229616894654","5.52344012351027","2.0054514792514","1.22219788082971","-0.823872546863325","4.09181533189631","-2.11870912146986","0.808702212739986","1.01886190779377","0.0413574257843589"
"ts1e7r0b/symmetric/hk48","0.845696483289768","-0.151298870688151","-1.06177673074637","-0.121823735652894","-0.737053010822195","0.478507811824262","-0.861656934343193","-0.0790715577878184","3.53222303445231","0.3479220266271","-1.50102575548919","0.297462110066251","3.01289150241871","1.87935759501142","3.82179791727431","-1.46941554929608","1.32450384146398","-1.90159272794279","0.320050942730764","0.119410583111629"
"ts1e7r0b/symmetric/pr76","3.8543225388215","5.12700286091848","-1.06746675536269","-6.7366042276294","1.28429609891386","0.0650656685037038","-1.73227322497613","-9.85120881336171","1.52579792071428","-7.96262336344371","-0.308063299945753","0.707763068237697","0.541881043669562","19.9532893685449","3.7656546392724","-19.2526708242852","4.88599507834704","3.29408428124381","-1.27626450328198","0.129424701083551"
"ts1e7r0b/symmetric/st70","1.68363746401088","2.648632051299","0.0970917629783193","0.371471267815816","0.779211676809049","3.39154491618737","1.56874580123697","0.317734828396245","-0.632148170243326","-2.36862258309039","0.211772400646211","-0.098161288348484","1.17988908441532","0.837861326576482","-2.0160264981793","0.0508994693209026","0.141425223476506","0.852047970844844","6.23964347494829","0.273974154630211"
"ts1e7r0b/symmetric/swiss42","0.877160860801094","-0.202647442878246","-0.21514590741646","-0.0783129877892621","1.0834138991462","0.687428138656013","-0.278020067270536","-0.152688697496908","2.23700667588994","0.0109829581073736","-0.567807394737877","0.641827497762572","0.870722671729303","1.31656774731118","-0.087921141953598","-0.456208666689657","3.05250582181438","0.781105624040895","-0.933338293326792","3.0333894378615"
"ts1e7r0b/symmetric/ulysses16","0.938160629154284","0.898227126268466","1.21896682440322","-0.588633294982008","0.148135975666207","0.44618783168968","0.1322720201018","2.44431699943836","-1.30600106004438","0.936941576957659","1.39148166288405","-4.12155365006433","1.90964739585621","-0.373314545213233","0.952678657522544","0.546410899298783","-1.55868672442886","-0.549823057225254","3.34565963160462","0.396678910354043"
"ts1e7r0b/symmetric/ulysses22","0.45966117484345","-0.645576769361107","0.0678897297217399","-0.316149187811274","0.00669052810092923","1.48455138141384","-0.230655140679536","-1.35999826820394","-1.28035886041521","-0.708738431039639","-0.720491272705182","0.196085934560691","1.33147995763487","1.19664436301401","0.265820941531387","-0.230616837624573","0.765882588244105","-0.638462655952992","-1.44180942191613","27.9599575939058"
"ts1e7r0f/symmetric/att48","-0.615158765576508","-2.19565772886584","2.57715488125092","-0.0364533592450758","-0.113929057062166","0.0664673798989448","-0.38058620409422","2.05202567809949","-0.795658153260967","-1.96838395895668","1.32687987560436","-0.00410083386780086","1.1903120376934","-0.33513978432416","2.56202239389961","-1.78773987005499","1.42905288743562","-0.37577158208783","-0.771284160545047","2.53979997184413"
"ts1e7r0f/symmetric/bayg29","-0.162305834293974","-0.532494444515186","0.354574762516375","-0.0699618274198453","-0.135525607715331","-0.0825738647276898","-0.146061785615623","-0.0825866800888977","1.06386723821835","-0.0615697301976459","0.193249896387898","0.654714601492833","0.295346701357564","0.289619963938156","1.22820620633979","-0.951363627903961","0.5612947145397","1.28440699356526","0.110262419805674","3.92588216023694"
"ts1e7r0f/symmetric/bays29","1.41220762143397","4.30866149315372","-3.37028828743144","-4.71270804432071","-3.46936598277537","-7.09654683761592","0.22355434943877","0.0409429988129367","1.51655283889216","3.63343758550832","0.255368043088003","-2.41775185989868","2.40843471359993","1.477116694397","-2.13915870001582","0.0471963347608732","-3.88596103478666","0.247743780197035","1.81279036519455","2.24072637004083"
"ts1e7r0f/symmetric/berlin52","-0.973987088569306","-0.0694257918579293","1.76053344147655","-0.032514750920788","-1.20979661547924","3.17507451816509","0.594675517527125","2.86670881908228","1.0392995099818","2.36815793298723","0.683556781761912","4.3704634204127","1.7002822206298","1.05930250494074","2.42243026750948","1.85874581787224","-0.303661232292374","0.439970700753609","-3.10926569560857","11.8468451846551"
"ts1e7r0f/symmetric/brazil58","-0.366740932391339","0.144766248954493","1.29563780510263","4.43864844252601","1.32752286337937","3.32794694984918","0.761225603112883","3.42866319807287","1.06664418267881","6.5633686561334","-0.173276671107928","-0.0104779085648448","1.28620570646323","-0.384257877552292","1.50189418053712","-0.0525569641522714","-2.02070346448069","-0.556179561501581","8.50003026889916","4.11418642033799"
"ts1e7r0f/symmetric/burma14","-0.117634181040063","-0.318200239372605","0.353300477953984","0.885012674408373","-0.49135095301076","0.369110976579185","-0.752211759202809","0.645730339780663","-0.934491839571013","-0.287278557865621","0.777492699039974","0.575536321976964","0.300549137682467","2.12274795349198","-0.891400366159754","-1.16998273583866","1.79984631136939","0.0654592242754991","0.275352196657324","5.23548970928099"
"ts1e7r0f/symmetric/dantzig42","-2.5012912657087","0.0677585373620751","0.616319271915813","-4.48317926904883","0.495851236297738","-0.00948293689098121","-1.71957662112803","0.206522297433968","0.208158122527534","-0.110085935879457","-1.89997729970998","-1.28539524445893","1.66090014393708","-1.47002430241583","0.399571830180763","0.285776421668013","0.826506701455965","2.86918088234127","-1.201875052585","10.8409440863452"
"ts1e7r0f/symmetric/eil51","2.45790022457168","7.73377958821472","-0.422474382115009","-0.048971544869905","-3.45684473228774","0.0465403226195958","-2.00335243532967","-0.00381945336493622","1.5203259338245","2.78060840123633","0.893272018941803","1.30066900072355","2.27906705762567","0.386128023038716","2.24720813751579","-1.46224473243437","1.13069686936784","0.0266916137404592","-0.863060332084615","0.900028447374155"
"ts1e7r0f/symmetric/eil76","4.13640941605552","10.7332139969249","4.09304627529021","10.9233788506807","1.04101995973749","4.57053005904456","-0.134295144725962","-0.00990413701736535","4.0981235930141","10.4519536641222","-0.261099437920787","-3.71083059539835","6.3475769557752","-3.03131062558254","-4.48831366794232","5.6236636943934","8.16625559211381","-4.62922510863398","0.348031708125626","0.217785653486631"
"ts1e7r0f/symmetric/fri26","1.11946210938368","2.35424133787289","-3.61220736454257","1.09819123061884","0.284029726511112","-7.93270411792592","-3.43973039169955","0.202686436702291","-0.128866913527288","-6.13092482942282","0.14439693920298","-0.0631002612018167","0.510408130008319","0.783441542666022","-0.155294493365245","-3.29461610184605","-0.503260729199014","5.05609577163074","1.18993824875011","5.5262138956639"
"ts1e7r0f/symmetric/gr17","-0.0386838866167511","0.0459965105098381","-0.385327774612785","2.73723037630809","-0.129481965151087","0.0834827493653963","1.57915382532473","-0.138256182987236","0.0786797795272084","0.0965331912242645","-0.911303494709227","0.564658894263196","0.340138467956191","0.567947003659281","-1.0490463749874","0.555357370685092","1.71855077672714","-0.00380033056953932","-0.254039795343273","1.138061662295"
"ts1e7r0f/symmetric/gr21","-0.75153728817052","0.075461753216627","-0.19501429516021","-0.205396893873281","-0.016602176871832","-0.273257009696697","1.05668634220182","0.279172031506916","-1.11177064498696","-1.42973251162536","-1.38790744162017","-0.0361183460558229","1.60125970241513","-2.41424367429442","-2.6096187645818","2.45324760409633","0.652224652934979","0.281437589633001","1.9622120154651","2.64613805653998"
"ts1e7r0f/symmetric/gr24","-0.404432311215919","-0.148943018301835","3.24015973854421","-0.123959327331847","-0.81031237170429","-1.41377516392301","-2.22487345949362","-0.0148466491487546","-0.135608924964886","-2.33916869854243","0.886274338691297","1.20615465622486","0.285649400022994","1.29917205535158","1.06136035244082","0.251591367673383","0.846797959282461","-0.934955609098404","-0.1223134257274","0.624701901689149"
"ts1e7r0f/symmetric/gr48","-0.716894046903922","-3.40645534005737","0.533904709333465","5.08873058913052","0.43741850518075","-0.0228886063375254","2.01747574249627","4.54940338043828","1.55907089098477","8.31915175022872","2.08510447994529","5.64043985394972","3.54533272864036","5.16143116681814","-4.42743804797464","4.76258331775051","1.78397487210412","-2.61944555780106","1.92382297953177","1.06917822080761"
"ts1e7r0f/symmetric/gr96","-0.0556703312028199","1.8184817031373","1.64133528716702","2.67239457009752","2.32012739270367","5.28301058402518","-0.0843456698715513","6.92401036173273","0.528060170272566","-0.0481737717074891","-2.45598031051647","0.0201403611810809","1.51214729476109","0.914272039841062","0.991313424289978","-0.268998470316336","2.00830830422935","1.29250074548096","-3.40917993115136","13.6711873100582"
"ts1e7r0f/symmetric/hk48","-1.83371928860443","-3.01905409253529","1.57940873649781","-0.0330456308863915","-1.89608900134527","-1.0777795481202","0.190983017883562","-0.0894840295747977","0.8253876816486","2.30830146659374","0.152678580133235","5.57924574972592","0.278893191214789","-1.53001966883762","2.82479345799555","0.371289853272966","0.581383395636936","1.69612992218254","-1.52193760230799","6.83002934179742"
"ts1e7r0f/symmetric/pr76","0.651450405782566","-0.0340957196737507","0.922940532114494","3.2866095457623","4.13306981601873","-0.0293305497238163","-1.05023490531873","0.00913118721582947","-0.249248342009473","-2.95257619855992","1.88139070179613","3.64564187428294","1.27525624518239","2.07355199486156","0.745835112597013","1.60592102465736","-0.982109031976062","2.42941006488675","-0.536164481190654","9.27546910050598"
"ts1e7r0f/symmetric/st70","-0.186816996718944","2.68278272478014","-1.25910760047646","-0.033028224207205","1.42593939899981","0.0285875365329145","2.79945272514264","-0.0274341518278579","-0.132179552504454","4.40106338030222","-0.85503989267046","-1.7301065083306","0.00190301016559173","1.22129277373998","4.64884459921794","-1.06336705462022","2.77293992786097","0.522202176328681","0.0142759483686702","1.85777716434543"
"ts1e7r0f/symmetric/swiss42","-0.15648471924086","-1.92683452239751","1.97474800200283","-0.0375400385615438","0.00826708573204119","0.0670868892181116","0.0698119727140939","0.0172253940280679","-0.944120677820925","-0.0726336778576802","0.159975251430557","0.914136951058173","-8.40248858504884e-05","-1.03556956916499","2.41167538712705","0.722804616731305","-0.847281677223796","2.80266747684551","-0.0259815156473775","0.232228346878033"
"ts1e7r0f/symmetric/ulysses16","-1.04139525793953","-0.891898092522797","-1.64682618836389","-1.77970805082269","0.858280690813299","0.501996629829704","0.157268346830892","-2.36907079970593","3.25319523701334","-0.159837583163006","0.0227026282299237","2.79743460580199","1.61668814291018","-0.0813837428601514","0.627526062213661","-0.809780715731148","0.717195844776326","1.22726800334631","-1.2529234063871","27.5766332675154"
"ts1e7r0f/symmetric/ulysses22","-0.149177960351303","0.0983237503098719","-2.31145703499141","0.181681658579476","-1.40813044509914","-4.33572606183535","0.162867521840857","-1.52258731765165","-0.424615404750925","0.15943099910298","2.01600986324889","-0.095840439477477","-0.59867819801198","2.3274541085882","-0.329311046484469","-3.13285578941583","1.07431397443717","-1.40529683422084","1.53029649629962","0.407246181507525"
